--
-- PostgreSQL database dump
--

\connect - dcuadra

--
-- TOC entry 2 (OID 302159)
-- Name: information_schema; Type: SCHEMA; Schema: -; Owner: adminsis
--

CREATE SCHEMA information_schema;


--
-- TOC entry 3 (OID 302159)
-- Name: information_schema; Type: ACL; Schema: -; Owner: adminsis
--

REVOKE ALL ON SCHEMA information_schema FROM PUBLIC;
GRANT USAGE ON SCHEMA information_schema TO PUBLIC;


SET search_path = information_schema, pg_catalog;

--
-- TOC entry 4 (OID 302160)
-- Name: cardinal_number; Type: DOMAIN; Schema: information_schema; Owner: adminsis
--

CREATE DOMAIN cardinal_number AS integer;


--
-- TOC entry 5 (OID 302161)
-- Name: sql_identifier; Type: DOMAIN; Schema: information_schema; Owner: adminsis
--

CREATE DOMAIN sql_identifier AS character varying;


--
-- TOC entry 7 (OID 302164)
-- Name: information_schema_catalog_name; Type: VIEW; Schema: information_schema; Owner: adminsis
--

CREATE VIEW information_schema_catalog_name AS
    SELECT ((current_database())::character varying)::sql_identifier AS catalog_name;


--
-- TOC entry 8 (OID 302164)
-- Name: information_schema_catalog_name; Type: ACL; Schema: information_schema; Owner: adminsis
--

REVOKE ALL ON TABLE information_schema_catalog_name FROM PUBLIC;
GRANT SELECT,TRIGGER ON TABLE information_schema_catalog_name TO PUBLIC;


--
-- TOC entry 6 (OID 302165)
-- Name: time_stamp; Type: DOMAIN; Schema: information_schema; Owner: adminsis
--

CREATE DOMAIN time_stamp AS timestamp(2) without time zone DEFAULT ('now'::text)::timestamp(2) with time zone;


--
-- TOC entry 9 (OID 302168)
-- Name: column_domain_usage; Type: VIEW; Schema: information_schema; Owner: adminsis
--

CREATE VIEW column_domain_usage AS
    SELECT ((current_database())::character varying)::sql_identifier AS domain_catalog, ((nt.nspname)::character varying)::sql_identifier AS domain_schema, ((t.typname)::character varying)::sql_identifier AS domain_name, ((current_database())::character varying)::sql_identifier AS table_catalog, ((nc.nspname)::character varying)::sql_identifier AS table_schema, ((c.relname)::character varying)::sql_identifier AS table_name, ((a.attname)::character varying)::sql_identifier AS column_name FROM pg_type t, pg_namespace nt, pg_class c, pg_namespace nc, pg_attribute a, pg_user u WHERE ((((((((((t.typnamespace = nt.oid) AND (c.relnamespace = nc.oid)) AND (a.attrelid = c.oid)) AND (a.atttypid = t.oid)) AND (t.typowner = u.usesysid)) AND (t.typtype = 'd'::"char")) AND ((c.relkind = 'r'::"char") OR (c.relkind = 'v'::"char"))) AND (a.attnum > 0)) AND (NOT a.attisdropped)) AND (u.usename = "current_user"()));


--
-- TOC entry 10 (OID 302168)
-- Name: column_domain_usage; Type: ACL; Schema: information_schema; Owner: adminsis
--

REVOKE ALL ON TABLE column_domain_usage FROM PUBLIC;
GRANT SELECT,TRIGGER ON TABLE column_domain_usage TO PUBLIC;


--
-- TOC entry 11 (OID 302172)
-- Name: column_udt_usage; Type: VIEW; Schema: information_schema; Owner: adminsis
--

CREATE VIEW column_udt_usage AS
    SELECT ((current_database())::character varying)::sql_identifier AS udt_catalog, ((CASE WHEN (nbt.nspname IS NOT NULL) THEN nbt.nspname WHEN (nt.nspname IS NOT NULL) THEN nt.nspname ELSE NULL::name END)::character varying)::sql_identifier AS udt_schema, ((CASE WHEN (bt.typname IS NOT NULL) THEN bt.typname WHEN (t.typname IS NOT NULL) THEN t.typname ELSE NULL::name END)::character varying)::sql_identifier AS udt_name, ((current_database())::character varying)::sql_identifier AS table_catalog, ((nc.nspname)::character varying)::sql_identifier AS table_schema, ((c.relname)::character varying)::sql_identifier AS table_name, ((a.attname)::character varying)::sql_identifier AS column_name FROM pg_attribute a, pg_class c, pg_namespace nc, pg_user u, ((pg_type t JOIN pg_namespace nt ON ((t.typnamespace = nt.oid))) LEFT JOIN (pg_type bt JOIN pg_namespace nbt ON ((bt.typnamespace = nbt.oid))) ON (((t.typtype = 'd'::"char") AND (t.typbasetype = bt.oid)))) WHERE ((((((((a.attrelid = c.oid) AND (a.atttypid = t.oid)) AND (u.usesysid = CASE WHEN (bt.typowner IS NOT NULL) THEN bt.typowner WHEN (t.typowner IS NOT NULL) THEN t.typowner ELSE NULL::integer END)) AND (nc.oid = c.relnamespace)) AND (a.attnum > 0)) AND (NOT a.attisdropped)) AND ((c.relkind = 'r'::"char") OR (c.relkind = 'v'::"char"))) AND (u.usename = "current_user"()));


--
-- TOC entry 12 (OID 302172)
-- Name: column_udt_usage; Type: ACL; Schema: information_schema; Owner: adminsis
--

REVOKE ALL ON TABLE column_udt_usage FROM PUBLIC;
GRANT SELECT,TRIGGER ON TABLE column_udt_usage TO PUBLIC;


--
-- TOC entry 160 (OID 302174)
-- Name: _pg_keypositions (); Type: FUNCTION; Schema: information_schema; Owner: adminsis
--

CREATE FUNCTION _pg_keypositions () RETURNS SETOF integer
    AS 'select 1 union all select 2 union all select 3 union all
        select 4 union all select 5 union all select 6 union all
        select 7 union all select 8 union all select 9 union all
        select 10 union all select 11 union all select 12 union all
        select 13 union all select 14 union all select 15 union all
        select 16 union all select 17 union all select 18 union all
        select 19 union all select 20 union all select 21 union all
        select 22 union all select 23 union all select 24 union all
        select 25 union all select 26 union all select 27 union all
        select 28 union all select 29 union all select 30 union all
        select 31 union all select 32'
    LANGUAGE sql IMMUTABLE;


--
-- TOC entry 13 (OID 302177)
-- Name: constraint_column_usage; Type: VIEW; Schema: information_schema; Owner: adminsis
--

CREATE VIEW constraint_column_usage AS
    SELECT ((current_database())::character varying)::sql_identifier AS table_catalog, ((x.tblschema)::character varying)::sql_identifier AS table_schema, ((x.tblname)::character varying)::sql_identifier AS table_name, ((x.colname)::character varying)::sql_identifier AS column_name, ((current_database())::character varying)::sql_identifier AS constraint_catalog, ((x.cstrschema)::character varying)::sql_identifier AS constraint_schema, ((x.cstrname)::character varying)::sql_identifier AS constraint_name FROM (((SELECT DISTINCT nr.nspname, r.relname, r.relowner, a.attname, nc.nspname, c.conname FROM pg_namespace nr, pg_class r, pg_attribute a, pg_depend d, pg_namespace nc, pg_constraint c WHERE (((((((((((nr.oid = r.relnamespace) AND (r.oid = a.attrelid)) AND (d.refclassid = ('pg_class'::regclass)::oid)) AND (d.refobjid = r.oid)) AND (d.refobjsubid = a.attnum)) AND (d.classid = ('pg_constraint'::regclass)::oid)) AND (d.objid = c.oid)) AND (c.connamespace = nc.oid)) AND (c.contype = 'c'::"char")) AND (r.relkind = 'r'::"char")) AND (NOT a.attisdropped)) ORDER BY nr.nspname, r.relname, r.relowner, a.attname, nc.nspname, c.conname) UNION ALL (SELECT nr.nspname, r.relname, r.relowner, a.attname, nc.nspname, c.conname FROM pg_namespace nr, pg_class r, pg_attribute a, pg_namespace nc, pg_constraint c, _pg_keypositions() pos(n) WHERE (((((((nr.oid = r.relnamespace) AND (r.oid = a.attrelid)) AND (nc.oid = c.connamespace)) AND CASE WHEN (c.contype = 'f'::"char") THEN ((r.oid = c.confrelid) AND (c.confkey[pos.n] = a.attnum)) ELSE ((r.oid = c.conrelid) AND (c.conkey[pos.n] = a.attnum)) END) AND (NOT a.attisdropped)) AND (((c.contype = 'p'::"char") OR (c.contype = 'u'::"char")) OR (c.contype = 'f'::"char"))) AND (r.relkind = 'r'::"char"))))) x(tblschema, tblname, tblowner, colname, cstrschema, cstrname), pg_user u WHERE ((x.tblowner = u.usesysid) AND (u.usename = "current_user"()));


--
-- TOC entry 14 (OID 302177)
-- Name: constraint_column_usage; Type: ACL; Schema: information_schema; Owner: adminsis
--

REVOKE ALL ON TABLE constraint_column_usage FROM PUBLIC;
GRANT SELECT,TRIGGER ON TABLE constraint_column_usage TO PUBLIC;


--
-- TOC entry 15 (OID 302181)
-- Name: constraint_table_usage; Type: VIEW; Schema: information_schema; Owner: adminsis
--

CREATE VIEW constraint_table_usage AS
    SELECT ((current_database())::character varying)::sql_identifier AS table_catalog, ((nr.nspname)::character varying)::sql_identifier AS table_schema, ((r.relname)::character varying)::sql_identifier AS table_name, ((current_database())::character varying)::sql_identifier AS constraint_catalog, ((nc.nspname)::character varying)::sql_identifier AS constraint_schema, ((c.conname)::character varying)::sql_identifier AS constraint_name FROM pg_constraint c, pg_namespace nc, pg_class r, pg_namespace nr, pg_user u WHERE ((((((c.connamespace = nc.oid) AND (r.relnamespace = nr.oid)) AND (((c.contype = 'f'::"char") AND (c.confrelid = r.oid)) OR (((c.contype = 'p'::"char") OR (c.contype = 'u'::"char")) AND (c.conrelid = r.oid)))) AND (r.relkind = 'r'::"char")) AND (r.relowner = u.usesysid)) AND (u.usename = "current_user"()));


--
-- TOC entry 16 (OID 302181)
-- Name: constraint_table_usage; Type: ACL; Schema: information_schema; Owner: adminsis
--

REVOKE ALL ON TABLE constraint_table_usage FROM PUBLIC;
GRANT SELECT,TRIGGER ON TABLE constraint_table_usage TO PUBLIC;


--
-- TOC entry 17 (OID 302184)
-- Name: domain_udt_usage; Type: VIEW; Schema: information_schema; Owner: adminsis
--

CREATE VIEW domain_udt_usage AS
    SELECT ((current_database())::character varying)::sql_identifier AS udt_catalog, ((nbt.nspname)::character varying)::sql_identifier AS udt_schema, ((bt.typname)::character varying)::sql_identifier AS udt_name, ((current_database())::character varying)::sql_identifier AS domain_catalog, ((nt.nspname)::character varying)::sql_identifier AS domain_schema, ((t.typname)::character varying)::sql_identifier AS domain_name FROM pg_type t, pg_namespace nt, pg_type bt, pg_namespace nbt, pg_user u WHERE ((((((t.typnamespace = nt.oid) AND (t.typbasetype = bt.oid)) AND (bt.typnamespace = nbt.oid)) AND (t.typtype = 'd'::"char")) AND (bt.typowner = u.usesysid)) AND (u.usename = "current_user"()));


--
-- TOC entry 18 (OID 302184)
-- Name: domain_udt_usage; Type: ACL; Schema: information_schema; Owner: adminsis
--

REVOKE ALL ON TABLE domain_udt_usage FROM PUBLIC;
GRANT SELECT,TRIGGER ON TABLE domain_udt_usage TO PUBLIC;


--
-- TOC entry 19 (OID 302187)
-- Name: key_column_usage; Type: VIEW; Schema: information_schema; Owner: adminsis
--

CREATE VIEW key_column_usage AS
    SELECT ((current_database())::character varying)::sql_identifier AS constraint_catalog, ((nc.nspname)::character varying)::sql_identifier AS constraint_schema, ((c.conname)::character varying)::sql_identifier AS constraint_name, ((current_database())::character varying)::sql_identifier AS table_catalog, ((nr.nspname)::character varying)::sql_identifier AS table_schema, ((r.relname)::character varying)::sql_identifier AS table_name, ((a.attname)::character varying)::sql_identifier AS column_name, (pos.n)::cardinal_number AS ordinal_position FROM pg_namespace nr, pg_class r, pg_attribute a, pg_namespace nc, pg_constraint c, pg_user u, _pg_keypositions() pos(n) WHERE ((((((((((nr.oid = r.relnamespace) AND (r.oid = a.attrelid)) AND (r.oid = c.conrelid)) AND (nc.oid = c.connamespace)) AND (c.conkey[pos.n] = a.attnum)) AND (NOT a.attisdropped)) AND (((c.contype = 'p'::"char") OR (c.contype = 'u'::"char")) OR (c.contype = 'f'::"char"))) AND (r.relkind = 'r'::"char")) AND (r.relowner = u.usesysid)) AND (u.usename = "current_user"()));


--
-- TOC entry 20 (OID 302187)
-- Name: key_column_usage; Type: ACL; Schema: information_schema; Owner: adminsis
--

REVOKE ALL ON TABLE key_column_usage FROM PUBLIC;
GRANT SELECT,TRIGGER ON TABLE key_column_usage TO PUBLIC;


--
-- TOC entry 21 (OID 302191)
-- Name: triggered_update_columns; Type: VIEW; Schema: information_schema; Owner: adminsis
--

CREATE VIEW triggered_update_columns AS
    SELECT ((current_database())::character varying)::sql_identifier AS trigger_catalog, NULL::sql_identifier AS trigger_schema, NULL::sql_identifier AS trigger_name, ((current_database())::character varying)::sql_identifier AS event_object_catalog, NULL::sql_identifier AS event_object_schema, NULL::sql_identifier AS event_object_table, NULL::sql_identifier AS event_object_column WHERE false;


--
-- TOC entry 22 (OID 302191)
-- Name: triggered_update_columns; Type: ACL; Schema: information_schema; Owner: adminsis
--

REVOKE ALL ON TABLE triggered_update_columns FROM PUBLIC;
GRANT SELECT,TRIGGER ON TABLE triggered_update_columns TO PUBLIC;


--
-- TOC entry 23 (OID 302194)
-- Name: view_column_usage; Type: VIEW; Schema: information_schema; Owner: adminsis
--

CREATE VIEW view_column_usage AS
    SELECT DISTINCT ((current_database())::character varying)::sql_identifier AS view_catalog, ((nv.nspname)::character varying)::sql_identifier AS view_schema, ((v.relname)::character varying)::sql_identifier AS view_name, ((current_database())::character varying)::sql_identifier AS table_catalog, ((nt.nspname)::character varying)::sql_identifier AS table_schema, ((t.relname)::character varying)::sql_identifier AS table_name, ((a.attname)::character varying)::sql_identifier AS column_name FROM pg_user, pg_namespace nv, pg_class v, pg_depend dv, pg_depend dt, pg_class t, pg_namespace nt, pg_attribute a, pg_user u WHERE (((((((((((((((((nv.oid = v.relnamespace) AND (v.relkind = 'v'::"char")) AND (v.oid = dv.refobjid)) AND (dv.refclassid = ('pg_class'::regclass)::oid)) AND (dv.classid = ('pg_rewrite'::regclass)::oid)) AND (dv.deptype = 'i'::"char")) AND (dv.objid = dt.objid)) AND (dv.refobjid <> dt.refobjid)) AND (dt.classid = ('pg_rewrite'::regclass)::oid)) AND (dt.refclassid = ('pg_class'::regclass)::oid)) AND (dt.refobjid = t.oid)) AND (t.relnamespace = nt.oid)) AND ((t.relkind = 'r'::"char") OR (t.relkind = 'v'::"char"))) AND (t.oid = a.attrelid)) AND (dt.refobjsubid = a.attnum)) AND (t.relowner = u.usesysid)) AND (u.usename = "current_user"())) ORDER BY ((current_database())::character varying)::sql_identifier, ((nv.nspname)::character varying)::sql_identifier, ((v.relname)::character varying)::sql_identifier, ((nt.nspname)::character varying)::sql_identifier, ((t.relname)::character varying)::sql_identifier, ((a.attname)::character varying)::sql_identifier, ((current_database())::character varying)::sql_identifier;


--
-- TOC entry 24 (OID 302194)
-- Name: view_column_usage; Type: ACL; Schema: information_schema; Owner: adminsis
--

REVOKE ALL ON TABLE view_column_usage FROM PUBLIC;
GRANT SELECT,TRIGGER ON TABLE view_column_usage TO PUBLIC;


--
-- TOC entry 25 (OID 302198)
-- Name: view_table_usage; Type: VIEW; Schema: information_schema; Owner: adminsis
--

CREATE VIEW view_table_usage AS
    SELECT DISTINCT ((current_database())::character varying)::sql_identifier AS view_catalog, ((nv.nspname)::character varying)::sql_identifier AS view_schema, ((v.relname)::character varying)::sql_identifier AS view_name, ((current_database())::character varying)::sql_identifier AS table_catalog, ((nt.nspname)::character varying)::sql_identifier AS table_schema, ((t.relname)::character varying)::sql_identifier AS table_name FROM pg_user, pg_namespace nv, pg_class v, pg_depend dv, pg_depend dt, pg_class t, pg_namespace nt, pg_user u WHERE (((((((((((((((nv.oid = v.relnamespace) AND (v.relkind = 'v'::"char")) AND (v.oid = dv.refobjid)) AND (dv.refclassid = ('pg_class'::regclass)::oid)) AND (dv.classid = ('pg_rewrite'::regclass)::oid)) AND (dv.deptype = 'i'::"char")) AND (dv.objid = dt.objid)) AND (dv.refobjid <> dt.refobjid)) AND (dt.classid = ('pg_rewrite'::regclass)::oid)) AND (dt.refclassid = ('pg_class'::regclass)::oid)) AND (dt.refobjid = t.oid)) AND (t.relnamespace = nt.oid)) AND ((t.relkind = 'r'::"char") OR (t.relkind = 'v'::"char"))) AND (t.relowner = u.usesysid)) AND (u.usename = "current_user"())) ORDER BY ((current_database())::character varying)::sql_identifier, ((nv.nspname)::character varying)::sql_identifier, ((v.relname)::character varying)::sql_identifier, ((nt.nspname)::character varying)::sql_identifier, ((t.relname)::character varying)::sql_identifier, ((current_database())::character varying)::sql_identifier;


--
-- TOC entry 26 (OID 302198)
-- Name: view_table_usage; Type: ACL; Schema: information_schema; Owner: adminsis
--

REVOKE ALL ON TABLE view_table_usage FROM PUBLIC;
GRANT SELECT,TRIGGER ON TABLE view_table_usage TO PUBLIC;


SET search_path = public, pg_catalog;

--
-- TOC entry 27 (OID 302200)
-- Name: pais; Type: TABLE; Schema: public; Owner: adminsis
--

CREATE TABLE pais (
    id_pais character(3) NOT NULL,
    nombre character varying(50) NOT NULL
);


--
-- TOC entry 28 (OID 302202)
-- Name: departamentos; Type: TABLE; Schema: public; Owner: adminsis
--

CREATE TABLE departamentos (
    id_dep character(3) NOT NULL,
    id_pais character(3) NOT NULL,
    nombre character varying(30) NOT NULL
);


--
-- TOC entry 29 (OID 302204)
-- Name: municipios; Type: TABLE; Schema: public; Owner: adminsis
--

CREATE TABLE municipios (
    id_pais character(3) NOT NULL,
    id_dep character(3) NOT NULL,
    municipio character(3) NOT NULL,
    nombre character varying(40) NOT NULL
);


--
-- TOC entry 30 (OID 302208)
-- Name: general; Type: TABLE; Schema: public; Owner: adminsis
--

CREATE TABLE general (
    id serial NOT NULL,
    id_char character(11) NOT NULL,
    nombre character varying(60) NOT NULL
);


--
-- TOC entry 31 (OID 302211)
-- Name: bancos; Type: TABLE; Schema: public; Owner: adminsis
--

CREATE TABLE bancos (
    banco character(2) NOT NULL,
    nombre character varying(40) NOT NULL
);


--
-- TOC entry 32 (OID 302215)
-- Name: direcciones; Type: TABLE; Schema: public; Owner: adminsis
--

CREATE TABLE direcciones (
    id_direccion serial NOT NULL,
    id bigint NOT NULL,
    id_pais character(3) NOT NULL,
    id_dep character(3) NOT NULL,
    municipio character(3) NOT NULL,
    descripcion character varying(50),
    direccion character varying(50) NOT NULL
);


--
-- TOC entry 33 (OID 302218)
-- Name: tipos_telefono; Type: TABLE; Schema: public; Owner: adminsis
--

CREATE TABLE tipos_telefono (
    clase character(2) NOT NULL,
    nombre character varying(10) NOT NULL
);


--
-- TOC entry 34 (OID 302222)
-- Name: telefonos; Type: TABLE; Schema: public; Owner: adminsis
--

CREATE TABLE telefonos (
    id_telefono serial NOT NULL,
    id bigint NOT NULL,
    clase character(2) NOT NULL,
    id_pais character(3) NOT NULL,
    id_dep character(3) NOT NULL,
    municipio character(3) NOT NULL,
    descripcion character varying(50),
    numero character varying(15) NOT NULL
);


--
-- TOC entry 35 (OID 302227)
-- Name: emails; Type: TABLE; Schema: public; Owner: adminsis
--

CREATE TABLE emails (
    id_email serial NOT NULL,
    id bigint NOT NULL,
    descripcion character varying(50),
    direccion character varying(70) NOT NULL
);


--
-- TOC entry 36 (OID 302230)
-- Name: cajeros; Type: TABLE; Schema: public; Owner: adminsis
--

CREATE TABLE cajeros (
    id_cajero bigint NOT NULL,
    id_caja bigint NOT NULL
);


--
-- TOC entry 37 (OID 302232)
-- Name: establecimiento; Type: TABLE; Schema: public; Owner: adminsis
--

CREATE TABLE establecimiento (
    id bigint NOT NULL,
    descripcion character varying(50) NOT NULL
);


--
-- TOC entry 38 (OID 302234)
-- Name: tipo_general; Type: TABLE; Schema: public; Owner: adminsis
--

CREATE TABLE tipo_general (
    tipo character(3) NOT NULL,
    nombre character varying(20) NOT NULL
);


--
-- TOC entry 39 (OID 302236)
-- Name: perfiles; Type: TABLE; Schema: public; Owner: adminsis
--

CREATE TABLE perfiles (
    id bigint NOT NULL,
    tipo character(3) NOT NULL
);


--
-- TOC entry 40 (OID 302240)
-- Name: grupos; Type: TABLE; Schema: public; Owner: adminsis
--

CREATE TABLE grupos (
    codigog serial NOT NULL,
    codigoi character(13) NOT NULL,
    descripcion character varying(50) NOT NULL
);


--
-- TOC entry 41 (OID 302245)
-- Name: catalogo_pventa; Type: TABLE; Schema: public; Owner: adminsis
--

CREATE TABLE catalogo_pventa (
    id_catalogo serial NOT NULL,
    nombre character varying(50) NOT NULL
);


--
-- TOC entry 42 (OID 302248)
-- Name: unidades_venta; Type: TABLE; Schema: public; Owner: adminsis
--

CREATE TABLE unidades_venta (
    id_und character(3) NOT NULL,
    descripcion character varying(20) NOT NULL,
    factorc double precision NOT NULL
);


--
-- TOC entry 43 (OID 302250)
-- Name: tipo_prod_serv; Type: TABLE; Schema: public; Owner: adminsis
--

CREATE TABLE tipo_prod_serv (
    id_tipo_prod_serv character(3) NOT NULL,
    descripcion character varying(20) NOT NULL
);


--
-- TOC entry 44 (OID 302254)
-- Name: grupo_impuestos; Type: TABLE; Schema: public; Owner: adminsis
--

CREATE TABLE grupo_impuestos (
    id_grupo_imp serial NOT NULL,
    descripcion character varying(50) NOT NULL
);


--
-- TOC entry 45 (OID 302259)
-- Name: prod_serv; Type: TABLE; Schema: public; Owner: adminsis
--

CREATE TABLE prod_serv (
    id_prod_serv serial NOT NULL,
    codigo character(13) NOT NULL,
    id_und character(3) NOT NULL,
    id_tipo_prod_serv character(3) NOT NULL,
    estado boolean NOT NULL,
    id_grupo_imp bigint NOT NULL,
    codigo_b character varying(13),
    descripcion character varying(50) NOT NULL,
    marca character varying(50),
    iva double precision NOT NULL,
    pcosto double precision NOT NULL
);


--
-- TOC entry 46 (OID 302262)
-- Name: datos_grupo; Type: TABLE; Schema: public; Owner: adminsis
--

CREATE TABLE datos_grupo (
    codigog bigint NOT NULL,
    id_prod_serv bigint NOT NULL
);


--
-- TOC entry 47 (OID 302264)
-- Name: pventa; Type: TABLE; Schema: public; Owner: adminsis
--

CREATE TABLE pventa (
    id_catalogo bigint NOT NULL,
    id_prod_serv bigint NOT NULL,
    pventa double precision NOT NULL
);


--
-- TOC entry 48 (OID 302266)
-- Name: stocks; Type: TABLE; Schema: public; Owner: adminsis
--

CREATE TABLE stocks (
    id_prod_serv bigint NOT NULL,
    minimo double precision NOT NULL,
    maximo double precision NOT NULL
);


--
-- TOC entry 49 (OID 302268)
-- Name: tipo_documento; Type: TABLE; Schema: public; Owner: adminsis
--

CREATE TABLE tipo_documento (
    codigo_tipo character(2) NOT NULL,
    descripcion character varying(25) NOT NULL
);


--
-- TOC entry 50 (OID 302272)
-- Name: documentos; Type: TABLE; Schema: public; Owner: adminsis
--

CREATE TABLE documentos (
    codigo_tipo character(2) NOT NULL,
    numero character(10) NOT NULL,
    ndocumento serial NOT NULL,
    fecha timestamp without time zone NOT NULL
);


--
-- TOC entry 51 (OID 302275)
-- Name: info_fac; Type: TABLE; Schema: public; Owner: adminsis
--

CREATE TABLE info_fac (
    id_caja bigint NOT NULL,
    id_vendedor smallint NOT NULL,
    prefijo character(3) NOT NULL,
    ndocumento bigint NOT NULL
);


--
-- TOC entry 52 (OID 302277)
-- Name: cuentas_comprobantes; Type: TABLE; Schema: public; Owner: adminsis
--

CREATE TABLE cuentas_comprobantes (
    ncompro bigint NOT NULL,
    nfactura bigint NOT NULL
);


--
-- TOC entry 53 (OID 302279)
-- Name: concepto_documento; Type: TABLE; Schema: public; Owner: adminsis
--

CREATE TABLE concepto_documento (
    ndocumento bigint NOT NULL,
    concepto text,
    valor double precision
);


--
-- TOC entry 54 (OID 302284)
-- Name: cuotas_cartera; Type: TABLE; Schema: public; Owner: adminsis
--

CREATE TABLE cuotas_cartera (
    ndocumento bigint NOT NULL,
    cuota_nro character(10) NOT NULL,
    vencimiento timestamp without time zone NOT NULL,
    vr_cuota double precision NOT NULL
);


--
-- TOC entry 55 (OID 302286)
-- Name: tercero_def; Type: TABLE; Schema: public; Owner: adminsis
--

CREATE TABLE tercero_def (
    id bigint NOT NULL,
    ndocumento bigint NOT NULL,
    id_direccion bigint NOT NULL,
    id_telefono bigint NOT NULL
);


--
-- TOC entry 56 (OID 302288)
-- Name: tercero_92; Type: TABLE; Schema: public; Owner: adminsis
--

CREATE TABLE tercero_92 (
    ndocumento bigint NOT NULL,
    nombre character varying(60),
    nit_cc character varying(11),
    direccion character varying(50),
    telefono character varying(15),
    ciudad character varying(40)
);


--
-- TOC entry 57 (OID 302290)
-- Name: datos_prod; Type: TABLE; Schema: public; Owner: adminsis
--

CREATE TABLE datos_prod (
    ndocumento bigint NOT NULL,
    id_bodega bigint NOT NULL,
    id_prod_serv bigint NOT NULL,
    iva double precision NOT NULL,
    pventa double precision NOT NULL,
    cant double precision NOT NULL,
    descuento1 double precision,
    descuento2 double precision,
    cargo1 double precision,
    cargo2 double precision
);


--
-- TOC entry 58 (OID 302292)
-- Name: cheques; Type: TABLE; Schema: public; Owner: adminsis
--

CREATE TABLE cheques (
    ndocumento bigint NOT NULL,
    bancos character(2) NOT NULL,
    id_pais character(3) NOT NULL,
    id_dep character(2) NOT NULL,
    municipio character(3) NOT NULL,
    numero character varying(10) NOT NULL,
    valor double precision NOT NULL
);


--
-- TOC entry 59 (OID 302296)
-- Name: inventarios; Type: TABLE; Schema: public; Owner: adminsis
--

CREATE TABLE inventarios (
    orden serial NOT NULL,
    fecha timestamp without time zone NOT NULL,
    id_prod_serv bigint NOT NULL,
    id_bodega bigint NOT NULL,
    ndocumento bigint NOT NULL,
    pinventario double precision NOT NULL,
    entrada double precision,
    valor_ent double precision,
    salida double precision,
    saldo double precision NOT NULL
);


--
-- TOC entry 60 (OID 302299)
-- Name: moneda; Type: TABLE; Schema: public; Owner: adminsis
--

CREATE TABLE moneda (
    id_moneda character(3) NOT NULL,
    nombre character varying(60) NOT NULL,
    bandera character varying(60)
);


--
-- TOC entry 61 (OID 302303)
-- Name: cuentas; Type: TABLE; Schema: public; Owner: adminsis
--

CREATE TABLE cuentas (
    id_cta serial NOT NULL,
    id_padre bigint NOT NULL,
    char_cta character(10) NOT NULL,
    nombre character varying(120) NOT NULL,
    activa boolean DEFAULT false,
    tipo boolean DEFAULT true
);


--
-- TOC entry 62 (OID 302308)
-- Name: perfil_cta; Type: TABLE; Schema: public; Owner: adminsis
--

CREATE TABLE perfil_cta (
    id_cta bigint NOT NULL,
    terceros boolean NOT NULL,
    naturaleza boolean NOT NULL,
    centro boolean NOT NULL,
    ajuste boolean NOT NULL,
    retencion boolean NOT NULL,
    base numeric,
    id_moneda character(3) NOT NULL
);


--
-- TOC entry 63 (OID 302313)
-- Name: conceptos_ter; Type: TABLE; Schema: public; Owner: adminsis
--

CREATE TABLE conceptos_ter (
    id_concepto character(3) NOT NULL,
    descripcion character varying(60) NOT NULL
);


--
-- TOC entry 64 (OID 302317)
-- Name: libro_aux; Type: TABLE; Schema: public; Owner: adminsis
--

CREATE TABLE libro_aux (
    orden serial NOT NULL,
    id_cta bigint NOT NULL,
    centro bigint NOT NULL,
    fecha timestamp without time zone NOT NULL,
    detalle character varying(60) NOT NULL,
    ndocumento bigint NOT NULL,
    debe double precision DEFAULT 0 NOT NULL,
    haber double precision DEFAULT 0 NOT NULL,
    saldo double precision NOT NULL
);


--
-- TOC entry 65 (OID 302324)
-- Name: libro_aux_terceros; Type: TABLE; Schema: public; Owner: adminsis
--

CREATE TABLE libro_aux_terceros (
    orden serial NOT NULL,
    id_tercero bigint NOT NULL,
    centro bigint NOT NULL,
    fecha timestamp without time zone NOT NULL,
    id_cta bigint NOT NULL,
    id_concepto character(3) NOT NULL,
    nfactura bigint,
    ncompro bigint,
    debe double precision DEFAULT 0 NOT NULL,
    haber double precision DEFAULT 0 NOT NULL,
    saldo double precision NOT NULL
);


--
-- TOC entry 66 (OID 302331)
-- Name: activos_fijos; Type: TABLE; Schema: public; Owner: adminsis
--

CREATE TABLE activos_fijos (
    id_cta bigint NOT NULL,
    centro bigint NOT NULL,
    id_activo serial NOT NULL,
    estado boolean NOT NULL,
    nombre character varying(60) NOT NULL,
    marca character varying(40),
    serial character varying(20),
    codigo_b character varying(12),
    cuotas_deprecia smallint NOT NULL
);


--
-- TOC entry 67 (OID 302336)
-- Name: asientos_predefinidos; Type: TABLE; Schema: public; Owner: adminsis
--

CREATE TABLE asientos_predefinidos (
    id_asientos_pr serial NOT NULL,
    descripcion character varying(50) NOT NULL
);


--
-- TOC entry 68 (OID 302339)
-- Name: asientos_imp; Type: TABLE; Schema: public; Owner: adminsis
--

CREATE TABLE asientos_imp (
    id_grupo_imp bigint NOT NULL,
    id_asientos_pr bigint NOT NULL
);


--
-- TOC entry 69 (OID 302341)
-- Name: ctas_asientos; Type: TABLE; Schema: public; Owner: adminsis
--

CREATE TABLE ctas_asientos (
    id_asientos_pr bigint NOT NULL,
    id_cta bigint NOT NULL,
    naturaleza boolean NOT NULL
);


--
-- TOC entry 70 (OID 302345)
-- Name: arqueo; Type: TABLE; Schema: public; Owner: adminsis
--

CREATE TABLE arqueo (
    id bigint NOT NULL,
    numero character(10) NOT NULL,
    narqueo serial NOT NULL,
    fecha timestamp without time zone NOT NULL,
    saldo double precision NOT NULL,
    consignacion double precision NOT NULL,
    valor double precision NOT NULL
);


--
-- TOC entry 71 (OID 302348)
-- Name: datos_arqueo; Type: TABLE; Schema: public; Owner: adminsis
--

CREATE TABLE datos_arqueo (
    narqueo bigint NOT NULL,
    ndocumento bigint NOT NULL,
    valor double precision NOT NULL
);


--
-- TOC entry 72 (OID 302350)
-- Name: regimenes; Type: TABLE; Schema: public; Owner: adminsis
--

CREATE TABLE regimenes (
    id_regimen character(1) NOT NULL,
    descripcion character varying(50) NOT NULL
);


--
-- TOC entry 73 (OID 302352)
-- Name: perfil_tercero; Type: TABLE; Schema: public; Owner: adminsis
--

CREATE TABLE perfil_tercero (
    id bigint NOT NULL,
    id_regimen character(1) NOT NULL,
    id_catalogo bigint NOT NULL,
    retiene boolean NOT NULL,
    estado boolean NOT NULL
);


--
-- TOC entry 74 (OID 302356)
-- Name: sentencia_sql; Type: TABLE; Schema: public; Owner: adminsis
--

CREATE TABLE sentencia_sql (
    id_sentencia_sql serial NOT NULL,
    codigo character(7),
    nombre character varying(50),
    descripcion text,
    sentencia text
);


--
-- TOC entry 75 (OID 302364)
-- Name: usuarios; Type: TABLE; Schema: public; Owner: adminsis
--

CREATE TABLE usuarios (
    id_usuario serial NOT NULL,
    login character(10),
    "password" character varying(20),
    nombres character varying(50)
);


--
-- TOC entry 76 (OID 302369)
-- Name: grupos_sql; Type: TABLE; Schema: public; Owner: adminsis
--

CREATE TABLE grupos_sql (
    id_grupo_sql serial NOT NULL,
    nombre character varying(50) NOT NULL
);


--
-- TOC entry 77 (OID 302372)
-- Name: datos_sql; Type: TABLE; Schema: public; Owner: adminsis
--

CREATE TABLE datos_sql (
    id_usuario integer NOT NULL,
    id_sentencia_sql integer NOT NULL,
    "password" character varying(20)
);


--
-- TOC entry 78 (OID 302374)
-- Name: datos_grupo_sql; Type: TABLE; Schema: public; Owner: adminsis
--

CREATE TABLE datos_grupo_sql (
    id_sentencia_sql integer NOT NULL,
    id_grupos_sql integer NOT NULL
);


--
-- TOC entry 79 (OID 302378)
-- Name: transacciones; Type: TABLE; Schema: public; Owner: adminsis
--

CREATE TABLE transacciones (
    id_transaccion serial NOT NULL,
    codigo character(7) NOT NULL,
    nombre character varying(50) NOT NULL,
    descripcion text NOT NULL,
    driver character varying(50) NOT NULL,
    args_driver text,
    metodo character varying(15),
    args_metodo text,
    perfil text NOT NULL
);


--
-- TOC entry 80 (OID 302384)
-- Name: trans_usuarios; Type: TABLE; Schema: public; Owner: adminsis
--

CREATE TABLE trans_usuarios (
    id_usuario integer NOT NULL,
    id_transaccion integer NOT NULL,
    "password" character varying(20)
);


--
-- TOC entry 81 (OID 302388)
-- Name: cache_sql; Type: TABLE; Schema: public; Owner: adminsis
--

CREATE TABLE cache_sql (
    id_cache_sql serial NOT NULL,
    id_sentencia_sql integer NOT NULL,
    codigo character(7) NOT NULL,
    sentencia_cache text NOT NULL
);


--
-- TOC entry 82 (OID 302396)
-- Name: keys_cache; Type: TABLE; Schema: public; Owner: adminsis
--

CREATE TABLE keys_cache (
    id_key_cache serial NOT NULL,
    codigo character varying(25) NOT NULL,
    id_cache_sql integer NOT NULL
);


--
-- TOC entry 83 (OID 302399)
-- Name: cache_usuarios; Type: TABLE; Schema: public; Owner: adminsis
--

CREATE TABLE cache_usuarios (
    id_usuario integer NOT NULL,
    id_cache_sql integer NOT NULL
);


--
-- TOC entry 84 (OID 302403)
-- Name: tipo_tercero; Type: TABLE; Schema: public; Owner: adminsis
--

CREATE TABLE tipo_tercero (
    codigo serial NOT NULL,
    nombre character varying(40) NOT NULL
);


--
-- TOC entry 85 (OID 302406)
-- Name: propiedad_tercero; Type: TABLE; Schema: public; Owner: adminsis
--

CREATE TABLE propiedad_tercero (
    id integer,
    codigo integer
);


--
-- TOC entry 86 (OID 302408)
-- Name: tipo_cuenta_bancaria; Type: TABLE; Schema: public; Owner: adminsis
--

CREATE TABLE tipo_cuenta_bancaria (
    tipo character(1) NOT NULL,
    descripcion character varying(40) NOT NULL
);


--
-- TOC entry 87 (OID 302412)
-- Name: cuentas_bancarias; Type: TABLE; Schema: public; Owner: adminsis
--

CREATE TABLE cuentas_bancarias (
    id_cuenta_bancaria serial NOT NULL,
    id integer NOT NULL,
    tipo character(1) NOT NULL,
    banco character(2) NOT NULL,
    id_pais character(3) NOT NULL,
    id_dep character(3) NOT NULL,
    municipio character(3) NOT NULL,
    descripcion character varying(50),
    cuenta character varying(20) NOT NULL
);


--
-- Data for TOC entry 161 (OID 302200)
-- Name: pais; Type: TABLE DATA; Schema: public; Owner: adminsis
--

COPY pais (id_pais, nombre) FROM stdin;
004	Afghanistan
008	Albania
012	Algeria
016	American Samoa
020	Andorra
024	Angola
028	Antigua and Barbuda
031	Azerbaijan
032	Argentina
036	Australia
040	Austria
044	Bahamas
048	Bahrain
050	Bangladesh
051	Armenia
052	Barbados
056	Belgium
060	Bermuda
064	Bhutan
068	Bolivia
070	Bosnia and Herzegovina
072	Botswana
076	Brazil
084	Belize
090	Solomon Islands
092	Virgin Islands, British
096	Brunei Darussalam
100	Bulgaria
104	Myanmar
108	Burundi
112	Belarus
116	Cambodia
120	Cameroon
124	Canada
132	Cape Verde
136	Cayman Islands
140	Central African Republic
144	Sri Lanka
148	Chad
152	Chile
156	China
158	Taiwan, Province of China
170	Colombia
174	Comoros
178	Congo
180	Congo, the Democratic Republic of the
184	Cook Islands
188	Costa Rica
191	Croatia
192	Cuba
196	Cyprus
203	Czech Republic
204	Benin
208	Denmark
212	Dominica
214	Dominican Republic
218	Ecuador
222	El Salvador
226	Equatorial Guinea
231	Ethiopia
232	Eritrea
233	Estonia
234	Faroe Islands
238	Falkland Islands (Malvinas)
242	Fiji
246	Finland
250	France
254	French Guiana
258	French Polynesia
262	Djibouti
266	Gabon
268	Georgia
270	Gambia
276	Germany
288	Ghana
292	Gibraltar
296	Kiribati
300	Greece
304	Greenland
308	Grenada
312	Guadeloupe
316	Guam
320	Guatemala
324	Guinea
328	Guyana
332	Haiti
336	Holy See (Vatican City State)
340	Honduras
344	Hong Kong
348	Hungary
352	Iceland
356	India
360	Indonesia
364	Iran, Islamic Republic of
368	Iraq
372	Ireland
376	Israel
380	Italy
384	Cote D'Ivoire
388	Jamaica
392	Japan
398	Kazakhstan
400	Jordan
404	Kenya
408	Korea, Democratic People's Republic of
410	Korea, Republic of
414	Kuwait
417	Kyrgyzstan
418	Lao People's Democratic Republic
422	Lebanon
426	Lesotho
428	Latvia
430	Liberia
434	Libyan Arab Jamahiriya
438	Liechtenstein
440	Lithuania
442	Luxembourg
446	Macao
450	Madagascar
454	Malawi
458	Malaysia
462	Maldives
466	Mali
470	Malta
474	Martinique
478	Mauritania
480	Mauritius
484	Mexico
492	Monaco
496	Mongolia
498	Moldova, Republic of
500	Montserrat
504	Morocco
508	Mozambique
512	Oman
516	Namibia
520	Nauru
524	Nepal
528	Netherlands
530	Netherlands Antilles
533	Aruba
540	New Caledonia
548	Vanuatu
554	New Zealand
558	Nicaragua
562	Niger
566	Nigeria
570	Niue
574	Norfolk Island
578	Norway
580	Northern Mariana Islands
583	Micronesia, Federated States of
584	Marshall Islands
585	Palau
586	Pakistan
591	Panama
598	Papua New Guinea
600	Paraguay
604	Peru
608	Philippines
612	Pitcairn
616	Poland
620	Portugal
624	Guinea-Bissau
630	Puerto Rico
634	Qatar
638	Reunion
642	Romania
643	Russian Federation
646	Rwanda
654	Saint Helena
659	Saint Kitts and Nevis
660	Anguilla
662	Saint Lucia
666	Saint Pierre and Miquelon
670	Saint Vincent and the Grenadines
674	San Marino
678	Sao Tome and Principe
682	Saudi Arabia
686	Senegal
690	Seychelles
694	Sierra Leone
702	Singapore
703	Slovakia
704	Viet Nam
705	Slovenia
706	Somalia
710	South Africa
716	Zimbabwe
724	Spain
732	Western Sahara
736	Sudan
740	Suriname
744	Svalbard and Jan Mayen
748	Swaziland
752	Sweden
756	Switzerland
760	Syrian Arab Republic
762	Tajikistan
764	Thailand
768	Togo
772	Tokelau
776	Tonga
780	Trinidad and Tobago
784	United Arab Emirates
788	Tunisia
792	Turkey
795	Turkmenistan
796	Turks and Caicos Islands
798	Tuvalu
800	Uganda
804	Ukraine
807	Macedonia, the Former Yugoslav Republic of
818	Egypt
826	United Kingdom
834	Tanzania, United Republic of
840	United States
850	Virgin Islands, U.s.
854	Burkina Faso
858	Uruguay
860	Uzbekistan
862	Venezuela
876	Wallis and Futuna
882	Samoa
887	Yemen
894	Zambia
000	Fondo de Viquini
\.


--
-- Data for TOC entry 162 (OID 302202)
-- Name: departamentos; Type: TABLE DATA; Schema: public; Owner: adminsis
--

COPY departamentos (id_dep, id_pais, nombre) FROM stdin;
91 	170	AMAZONAS 
05 	170	ANTIOQUIA
81 	170	ARAUCA 
08 	170	ATLANTICO 
11 	170	BOGOTA 
13 	170	BOLIVAR 
15 	170	BOYACA 
17 	170	CALDAS 
18 	170	CAQUETA 
85 	170	CASANARE 
19 	170	CAUCA 
20 	170	CESAR 
23 	170	CORDOBA 
25 	170	CUNDINAMARCA
27 	170	CHOCO 
94 	170	GUAINIA 
95 	170	GUAVIARE 
41 	170	HUILA 
44 	170	LA GUAJIRA 
47 	170	MAGDALENA 
50 	170	META 
52 	170	NARIÑO 
54 	170	NORTE DE SANTANDER
86 	170	PUTUMAYO 
63 	170	QUINDÍO 
66 	170	RISARALDA 
88 	170	SAN ANDRES
68 	170	SANTANDER 
70 	170	SUCRE 
73 	170	TOLIMA 
76 	170	VALLE 
97 	170	VAUPES 
99 	170	VICHADA 
111	000	El Crustaceo Cascarudo
222	000	Otro Depto
\.


--
-- Data for TOC entry 163 (OID 302204)
-- Name: municipios; Type: TABLE DATA; Schema: public; Owner: adminsis
--

COPY municipios (id_pais, id_dep, municipio, nombre) FROM stdin;
170	05 	001	MEDELLIN
170	05 	002	ABEJORRAL
170	05 	004	ABRIAQUI
170	05 	021	ALEJANDRIA
170	05 	030	AMAGA
170	05 	031	AMALFI
170	05 	034	ANDES
170	05 	036	ANGELOPOLIS
170	05 	038	ANGOSTURA
170	05 	040	ANORI
170	05 	042	SANTAFE DE ANTIOQUIA
170	05 	044	ANZA
170	05 	045	APARTADO
170	05 	051	ARBOLETES
170	05 	055	ARGELIA
170	05 	059	ARMENIA
170	05 	079	BARBOSA
170	05 	086	BELMIRA
170	05 	088	BELLO
170	05 	091	BETANIA
170	05 	093	BETULIA
170	05 	101	BOLIVAR
170	05 	107	BRICEÑO
170	05 	113	BURITICA
170	05 	120	CACERES
170	05 	125	CAICEDO
170	05 	129	CALDAS
170	05 	134	CAMPAMENTO
170	05 	138	CAÑASGORDAS
170	05 	142	CARACOLI
170	05 	145	CARAMANTA
170	05 	147	CAREPA
170	05 	148	CARMEN DE VIBORAL
170	05 	150	CAROLINA
170	05 	154	CAUCASIA
170	05 	172	CHIGORODO
170	05 	190	CISNEROS
170	05 	197	COCORNA
170	05 	206	CONCEPCION
170	05 	209	CONCORDIA
170	05 	212	COPACABANA
170	05 	234	DABEIBA
170	05 	237	DON MATIAS
170	05 	240	EBEJICO
170	05 	250	EL BAGRE
170	05 	264	ENTRERRIOS
170	05 	266	ENVIGADO
170	05 	282	FREDONIA
170	05 	284	FRONTINO
170	05 	306	GIRALDO
170	05 	308	GIRARDOTA
170	05 	310	GOMEZ PLATA
170	05 	313	GRANADA
170	05 	315	GUADALUPE
170	05 	318	GUARNE
170	05 	321	GUATAPE
170	05 	347	HELICONIA
170	05 	353	HISPANIA
170	05 	360	ITAGUI
170	05 	361	ITUANGO
170	05 	364	JARDIN
170	05 	368	JERICO
170	05 	376	LA CEJA
170	05 	380	LA ESTRELLA
170	05 	390	LA PINTADA
170	05 	400	LA UNION
170	05 	411	LIBORINA
170	05 	425	MACEO
170	05 	440	MARINILLA
170	05 	467	MONTEBELLO
170	05 	475	MURINDO
170	05 	480	MUTATA
170	05 	483	NARIÑO
170	05 	490	NECOCLI
170	05 	495	NECHI
170	05 	501	OLAYA
170	05 	541	PEÑOL
170	05 	543	PEQUE
170	05 	576	PUEBLORRICO
170	05 	579	PUERTO BERRIO
170	05 	585	PUERTO NARE(LAMAGDALENA
170	05 	591	PUERTO TRIUNFO
170	05 	604	REMEDIOS
170	05 	607	RETIRO
170	05 	615	RIONEGRO
170	05 	628	SABANALARGA
170	05 	631	SABANETA
170	05 	642	SALGAR
170	05 	647	SAN ANDRES
170	05 	649	SAN CARLOS
170	05 	652	SAN FRANCISCO
170	05 	656	SAN JERONIMO
170	05 	658	SAN JOSE DE LA MONTAÑA
170	05 	659	SAN JUAN DE URABA
170	05 	660	SAN LUIS
170	05 	664	SAN PEDRO
170	05 	665	SAN PEDRO DE URABA
170	05 	667	SAN RAFAEL
170	05 	670	SAN ROQUE
170	05 	674	SAN VICENTE
170	05 	679	SANTA BARBARA
170	05 	686	SANTA ROSA DE OSOS
170	05 	690	SANTO DOMINGO
170	05 	697	EL SANTUARIO
170	05 	736	SEGOVIA
170	05 	756	SONSON
170	05 	761	SOPETRAN
170	05 	789	TAMESIS
170	05 	790	TARAZA
170	05 	792	TARSO
170	05 	809	TITIRIBI
170	05 	819	TOLEDO
170	05 	837	TURBO
170	05 	842	URAMITA
170	05 	847	URRAO
170	05 	854	VALDIVIA
170	05 	856	VALPARAISO
170	05 	858	VEGACHI
170	05 	861	VENECIA
170	05 	873	VIGIA DEL FUERTE
170	05 	885	YALI
170	05 	887	YARUMAL
170	05 	890	YOLOMBO
170	05 	893	YONDO
170	05 	895	ZARAGOZA
170	05 	991	ALTAMIRA
170	05 	992	SAN CRISTOBAL
170	08 	001	BARRANQUILLA
170	08 	078	BARANOA
170	08 	137	CAMPO DE LA CRUZ
170	08 	141	CANDELARIA
170	08 	296	GALAPA
170	08 	372	JUAN DE ACOSTA
170	08 	421	LURUACO
170	08 	433	MALAMBO
170	08 	436	MANATI
170	08 	520	PALMAR DE VARELA
170	08 	549	PIOJO
170	08 	558	POLONUEVO
170	08 	560	PONEDERA
170	08 	573	PUERTO COLOMBIA
170	08 	606	REPELON
170	08 	634	SABANAGRANDE
170	08 	638	SABANALARGA
170	08 	675	SANTA LUCIA
170	08 	685	SANTO TOMAS
170	08 	758	SOLEDAD
170	08 	770	SUAN
170	08 	832	TUBARA
170	08 	849	USIACURI
170	11 	001	SANTAFE DE BOGOTA D.
170	13 	001	CARTAGENA
170	13 	006	ACHI
170	13 	030	ALTOS DEL ROSARIO
170	13 	042	ARENAL
170	13 	052	ARJONA
170	13 	062	ARROYOHONDO
170	13 	074	BARRANCO DE LOBA
170	13 	140	CALAMAR
170	13 	160	CANTAGALLO
170	13 	188	CICUCO
170	13 	212	CORDOBA
170	13 	222	CLEMENCIA
170	13 	244	EL CARMEN DE BOLIVAR
170	13 	248	EL GUAMO
170	13 	268	EL PEÑON
170	13 	300	HATILLO DE LOBA
170	13 	430	MAGANGUE
170	13 	433	MAHATES
170	13 	440	MARGARITA
170	13 	442	MARIA LA BAJA
170	13 	458	MONTECRISTO
170	13 	468	MOMPOS
170	13 	473	MORALES
170	13 	549	PINILLOS
170	13 	580	REGIDOR
170	13 	600	RIO VIEJO
170	13 	620	SAN CRISTOBAL
170	13 	647	SAN ESTANISLAO
170	13 	650	SAN FERNANDO
170	13 	654	SAN JACINTO
170	13 	655	SAN JACINTO DEL CAUCA
170	13 	657	SAN JUAN NEPOMUCENO
170	13 	667	SAN MARTIN DE LOBA
170	13 	670	SAN PABLO
170	13 	673	SANTA CATALINA
170	13 	683	SANTA ROSA
170	13 	688	SANTA ROSA DEL SUR
170	13 	744	SIMITI
170	13 	760	SOPLAVIENTO
170	13 	780	TALAIGUA NUEVO
170	13 	810	TIQUISIO
170	13 	836	TURBACO
170	13 	838	TURBANA
170	13 	873	VILLANUEVA
170	13 	894	ZAMBRANO
170	15 	001	TUNJA
170	15 	022	ALMEIDA
170	15 	047	AQUITANIA
170	15 	051	ARCABUCO
170	15 	087	BELEN
170	15 	090	BERBEO
170	15 	092	BETEITIVA
170	15 	097	BOAVITA
170	15 	104	BOYACA
170	15 	106	BRICENO
170	15 	109	BUENAVISTA
170	15 	114	BUSBANZA
170	15 	131	CALDAS
170	15 	135	CAMPOHERMOSO
170	15 	162	CERINZA
170	15 	172	CHINAVITA
170	15 	176	CHIQUINQUIRA
170	15 	180	CHISCAS
170	15 	183	CHITA
170	15 	185	CHITARAQUE
170	15 	187	CHIVATA
170	15 	189	CIENEGA
170	15 	204	COMBITA
170	15 	212	COPER
170	15 	215	CORRALES
170	15 	218	COVARACHIA
170	15 	223	CUBARA
170	15 	224	CUCAITA
170	15 	226	CUITIVA
170	15 	232	CHIQUIZA
170	15 	236	CHIVOR
170	15 	238	DUITAMA
170	15 	244	EL COCUY
170	15 	248	EL ESPINO
170	15 	272	FIRAVITOBA
170	15 	276	FLORESTA
170	15 	293	GACHANTIVA
170	15 	296	GAMEZA
170	15 	299	GARAGOA
170	15 	317	GUACAMAYAS
170	15 	322	GUATEQUE
170	15 	325	GUAYATA
170	15 	332	GUICAN
170	15 	362	IZA
170	15 	367	JENESANO
170	15 	368	JERICO
170	15 	377	LABRANZAGRANDE
170	15 	380	LA CAPILLA
170	15 	401	LA VICTORIA
170	15 	403	LA UVITA
170	15 	407	VILLA DE LEYVA
170	15 	425	MACANAL
170	15 	442	MARIPI
170	15 	455	MIRAFLORES
170	15 	464	MONGUA
170	15 	466	MONGUI
170	15 	469	MONIQUIRA
170	15 	476	MOTAVITA
170	15 	480	MUZO
170	15 	491	NOBSA
170	15 	494	NUEVO COLON
170	15 	500	OICATA
170	15 	507	OTANCHE
170	15 	511	PACHAVITA
170	15 	514	PAEZ
170	15 	516	PAIPA
170	15 	518	PAJARITO
170	15 	522	PANQUEBA
170	15 	531	PAUNA
170	15 	533	PAYA
170	15 	537	PAZ DE RIO
170	15 	542	PESCA
170	15 	550	PISBA
170	15 	572	PUERTO BOYACA
170	15 	580	QUIPAMA
170	15 	599	RAMIRIQUI
170	15 	600	RAQUIRA
170	15 	621	RONDON
170	15 	632	SABOYA
170	15 	638	SACHICA
170	15 	646	SAMACA
170	15 	660	SAN EDUARDO
170	15 	664	SAN JOSE DE PARE
170	15 	667	SAN LUIS DE GACENO
170	15 	673	SAN MATEO
170	15 	676	SAN MIGUEL DE SEMA
170	15 	681	SAN PABLO DE BORBUR
170	15 	686	SANTANA
170	15 	690	SANTA MARIA
170	15 	693	SANTA ROSA DE VITERB
170	15 	696	SANTA SOFIA
170	15 	720	SATIVANORTE
170	15 	723	SATIVASUR
170	15 	740	SIACHOQUE
170	15 	753	SOATA
170	15 	755	SOCOTA
170	15 	757	SOCHA
170	15 	759	SOGAMOSO
170	15 	761	SOMONDOCO
170	15 	762	SORA
170	15 	763	SOTAQUIRA
170	15 	764	SORACA
170	15 	774	SUSACON
170	15 	776	SUTAMARCHAN
170	15 	778	SUTATENZA
170	15 	790	TASCO
170	15 	798	TENZA
170	15 	804	TIBANA
170	15 	806	TIBASOSA
170	15 	808	TINJACA
170	15 	810	TIPACOQUE
170	15 	814	TOCA
170	15 	816	TOGUI
170	15 	820	TOPAGA
170	15 	822	TOTA
170	15 	832	TUNUNGUA
170	15 	835	TURMEQUE
170	15 	837	TUTA
170	15 	839	TUTASA
170	15 	842	UMBITA
170	15 	861	VENTAQUEMADA
170	15 	879	VIRACACHA
170	15 	897	ZETAQUIRA
170	17 	001	MANIZALES
170	17 	013	AGUADAS
170	17 	042	ANSERMA
170	17 	050	ARANZAZU
170	17 	088	BELALCAZAR
170	17 	174	CHINCHINA
170	17 	272	FILADELFIA
170	17 	380	LA DORADA
170	17 	388	LA MERCED
170	17 	433	MANZANARES
170	17 	442	MARMATO
170	17 	444	MARQUETALIA
170	17 	446	MARULANDA
170	17 	486	NEIRA
170	17 	495	NORCASIA
170	17 	513	PACORA
170	17 	524	PALESTINA
170	17 	541	PENSILVANIA
170	17 	614	RIOSUCIO
170	17 	616	RISARALDA
170	17 	653	SALAMINA
170	17 	662	SAMANA
170	17 	665	SAN JOSE
170	17 	777	SUPIA
170	17 	867	VICTORIA
170	17 	873	VILLAMARIA
170	17 	877	VITERBO
170	17 	991	ARAUCA
170	17 	992	BOLIVIA
170	17 	993	FLORENCIA
170	17 	995	SAN FELIX
170	17 	996	SAN JOSE DE RISARALDA
170	17 	998	ARBOLEDA
170	18 	001	FLORENCIA
170	18 	029	ALBANIA
170	18 	094	BELEN DE LOS ANDAQUI
170	18 	150	CARTAGENA DEL CHAIRA
170	18 	205	CURILLO
170	18 	247	EL DONCELLO
170	18 	256	EL PAUJIL
170	18 	410	LA MONTAÑITA
170	18 	460	MILAN
170	18 	479	MORELIA
170	18 	592	PUERTO RICO
170	18 	610	SAN JOSE DE FRAGUA
170	18 	753	SAN VICENTE DEL CAGU
170	18 	765	SOLANO
170	18 	785	SOLITA
170	18 	860	VALPARAISO
170	19 	001	POPAYAN
170	19 	022	ALMAGUER
170	19 	050	ARGELIA
170	19 	075	BALBOA
170	19 	100	BOLIVAR
170	19 	110	BUENOS AIRES
170	19 	130	CAJIBIO
170	19 	137	CALDONO
170	19 	142	CALOTO
170	19 	212	CORINTO
170	19 	256	EL TAMBO
170	19 	290	FLORENCIA
170	19 	318	GUAPI
170	19 	355	INZA
170	19 	364	JAMBALO
170	19 	392	LA SIERRA
170	19 	397	LA VEGA
170	19 	418	LOPEZ
170	19 	450	MERCADERES
170	19 	455	MIRANDA
170	19 	473	MORALES
170	19 	513	PADILLA
170	19 	517	PAEZ
170	19 	532	PATIA(EL BORDO)
170	19 	533	PIAMONTE
170	19 	548	PIENDAMO
170	19 	573	PUERTO TEJADA
170	19 	585	PURACE
170	19 	622	ROSAS
170	19 	693	SAN SEBASTIAN
170	19 	698	SANTANDER DE QUILICH
170	19 	701	SANTA ROSA
170	19 	743	SILVIA
170	19 	760	SOTARA
170	19 	780	SUAREZ
170	19 	785	SUCRE
170	19 	807	TIMBIO
170	19 	809	TIMBIQUI
170	19 	821	TORIBIO
170	19 	824	TOTORO
170	19 	845	VILLA RICA
170	20 	001	VALLEDUPAR
170	20 	011	AGUACHICA
170	20 	013	AGUSTIN CODAZZI
170	20 	032	ASTREA
170	20 	045	BECERRIL
170	20 	060	BOSCONIA
170	20 	175	CHIMICHAGUA
170	20 	178	CHIRIGUANA
170	20 	228	CURUMANI
170	20 	238	EL COPEY
170	20 	250	EL PASO
170	20 	295	GAMARRA
170	20 	310	GONZALEZ
170	20 	383	LA GLORIA
170	20 	400	LA JAGUA DE IBIRICO
170	20 	443	MANAURE BALCON DL CE
170	20 	517	PAILITAS
170	20 	550	PELAYA
170	20 	570	PUEBLO BELLO
170	20 	614	RIO DE ORO
170	20 	621	LA PAZ
170	20 	710	SAN ALBERTO
170	20 	750	SAN DIEGO
170	20 	770	SAN MARTIN
170	20 	787	TAMALAMEQUE
170	23 	001	MONTERIA
170	23 	068	AYAPEL
170	23 	079	BUENAVISTA
170	23 	090	CANALETE
170	23 	162	CERETE
170	23 	168	CHIMA
170	23 	182	CHINU
170	23 	189	CIENAGA DE ORO
170	23 	300	COTORRA
170	23 	350	LA APARTADA
170	23 	417	LORICA
170	23 	419	LOS CORDOBAS
170	23 	464	MOMIL
170	23 	466	MONTELIBANO
170	23 	500	MOÑITOS
170	23 	555	PLANETA RICA
170	23 	570	PUEBLO NUEVO
170	23 	574	PUERTO ESCONDIDO
170	23 	580	PUERTO LIBERTADOR
170	23 	586	PURISIMA
170	23 	660	SAHAGUN
170	23 	670	SAN ANDRES SOTAVENTO
170	23 	672	SAN ANTERO
170	23 	675	SAN BERNARDO DEL VIE
170	23 	678	SAN CARLOS
170	23 	686	SAN PELAYO
170	23 	807	TIERRALTA
170	23 	855	VALENCIA
170	25 	001	AGUA DE DIOS
170	25 	019	ALBAN
170	25 	035	ANAPOIMA
170	25 	040	ANOLAIMA
170	25 	053	ARBELAEZ
170	25 	086	BELTRAN
170	25 	095	BITUIMA
170	25 	099	BOJACA
170	25 	120	CABRERA
170	25 	123	CACHIPAY
170	25 	126	CAJICA
170	25 	148	CAPARRAPI
170	25 	151	CAQUEZA
170	25 	154	CARMEN DE CARUPA
170	25 	168	CHAGUANI
170	25 	175	CHIA
170	25 	178	CHIPAQUE
170	25 	181	CHOACHI
170	25 	183	CHOCONTA
170	25 	200	COGUA
170	25 	214	COTA
170	25 	224	CUCUNUBA
170	25 	245	EL COLEGIO
170	25 	258	EL PENON
170	25 	260	EL ROSAL
170	25 	269	FACATATIVA
170	25 	279	FOMEQUE
170	25 	281	FOSCA
170	25 	286	FUNZA
170	25 	288	FUQUENE
170	25 	290	FUSAGASUGA
170	25 	293	GACHALA
170	25 	295	GACHANCIPA
170	25 	297	GACHETA
170	25 	299	GAMA
170	25 	307	GIRARDOT
170	25 	312	GRANADA
170	25 	317	GUACHETA
170	25 	320	GUADUAS
170	25 	322	GUASCA
170	25 	324	GUATAQUI
170	25 	326	GUATAVITA
170	25 	328	GUAYABAL DE SIQUIMA
170	25 	335	GUAYABETAL
170	25 	339	GUTIERREZ
170	25 	368	JERUSALEN
170	25 	372	JUNIN
170	25 	377	LA CALERA
170	25 	386	LA MESA
170	25 	394	LA PALMA
170	25 	398	LA PEÑA
170	25 	402	LA VEGA
170	25 	407	LENGUAZAQUE
170	25 	426	MACHETA
170	25 	430	MADRID
170	25 	436	MANTA
170	25 	438	MEDINA
170	25 	473	MOSQUERA
170	25 	483	NARIÑO
170	25 	486	NEMOCON
170	25 	488	NILO
170	25 	489	NIMAIMA
170	25 	491	NOCAIMA
170	25 	506	VENECIA
170	25 	513	PACHO
170	25 	518	PAIME
170	25 	524	PANDI
170	25 	530	PARATEBUENO
170	25 	535	PASCA
170	25 	572	PUERTO SALGAR
170	25 	580	PULI
170	25 	592	QUEBRADANEGRA
170	25 	594	QUETAME
170	25 	596	QUIPILE
170	25 	599	APULO
170	25 	612	RICAURTE
170	25 	645	S.ANTONIO TEQUENDAMA
170	25 	649	SAN BERNARDO
170	25 	653	SAN CAYETANO
170	25 	658	SAN FRANCISCO
170	25 	662	SAN JUAN DE RIO SECO
170	25 	718	SASAIMA
170	25 	736	SESQUILE
170	25 	740	SIBATE
170	25 	743	SILVANIA
170	25 	745	SIMIJACA
170	25 	754	SOACHA
170	25 	758	SOPO
170	25 	769	SUBACHOQUE
170	25 	772	SUESCA
170	25 	777	SUPATA
170	25 	779	SUSA
170	25 	781	SUTATAUSA
170	25 	785	TABIO
170	25 	793	TAUSA
170	25 	797	TENA
170	25 	799	TENJO
170	25 	805	TIBACUY
170	25 	807	TIBIRITA
170	25 	815	TOCAIMA
170	25 	817	TOCANCIPA
170	25 	823	TOPAIPI
170	25 	839	UBALA
170	25 	841	UBAQUE
170	25 	843	(UBATE) VILLA DE SANDIEGO DE UBATE
170	25 	845	UNE
170	25 	851	UTICA
170	25 	862	VERGARA
170	25 	867	VIANI
170	25 	871	VILLAGOMEZ
170	25 	873	VILLAPINZON
170	25 	875	VILLETA
170	25 	878	VIOTA
170	25 	885	YACOPI
170	25 	898	ZIPACON
170	25 	899	ZIPAQUIRA
170	27 	001	QUIBDO
170	27 	006	ACANDI
170	27 	025	ALTO BAUDO
170	27 	050	ATRATO
170	27 	073	BAGADO
170	27 	075	BAHIA SOLANO
170	27 	077	BAJO BAUDO
170	27 	082	BAJO SAN JUAN
170	27 	086	BELEN DE BAJIRA
170	27 	099	BOJAYA
170	27 	135	EL CANTON DE SAN PABLO
170	27 	150	CARMEN DEL DARIEN
170	27 	160	CERTEGUI
170	27 	205	CONDOTO
170	27 	245	EL CARMEN DE ATRATO
170	27 	250	EL LITORAL DEL SAN JUAN
170	27 	361	ITSMINA
170	27 	372	JURADO
170	27 	413	LLORO
170	27 	425	MEDIO ATRATO
170	27 	430	MEDIO BAUD
170	27 	450	MEDIO SAN JUAN
170	27 	491	NOVITA
170	27 	495	NUQUI
170	27 	580	RÍO IRO
170	27 	600	RÍO QUITO
170	27 	615	RIOSUCIO
170	27 	660	SAN JOSE DEL PALMAR
170	27 	745	SIPI
170	27 	787	TADO
170	27 	800	UNGUIA
170	27 	810	UNIÓN PANAMERICANA
170	41 	001	NEIVA
170	41 	006	ACEVEDO
170	41 	013	AGRADO
170	41 	016	AIPE
170	41 	020	ALGECIRAS
170	41 	026	ALTAMIRA
170	41 	078	BARAYA
170	41 	132	CAMPOALEGRE
170	41 	206	COLOMBIA
170	41 	244	ELIAS
170	41 	298	GARZON
170	41 	306	GIGANTE
170	41 	319	GUADALUPE
170	41 	349	HOBO
170	41 	357	IQUIRA
170	41 	359	ISNOS
170	41 	378	LA ARGENTINA
170	41 	396	LA PLATA
170	41 	483	NATAGA
170	41 	503	OPORAPA
170	41 	518	PAICOL
170	41 	524	PALERMO
170	41 	530	PALESTINA
170	41 	548	PITAL
170	41 	551	PITALITO
170	41 	615	RIVERA
170	41 	660	SALADOBLANCO
170	41 	668	SAN AGUSTIN
170	41 	676	SANTA MARIA
170	41 	770	SUAZA
170	41 	791	TARQUI
170	41 	797	TESALIA
170	41 	799	TELLO
170	41 	801	TERUEL
170	41 	807	TIMANA
170	41 	872	VILLAVIEJA
170	41 	885	YAGUARA
170	44 	001	RIOHACHA
170	44 	035	ALBANIA
170	44 	078	BARRANCAS
170	44 	090	DIBULLA
170	44 	098	DISTRACCIÓN
170	44 	110	EL MOLINO
170	44 	279	FONSECA
170	44 	378	HATONUEVO
170	44 	420	LA JAGUA DEL PILAR
170	44 	430	MAICAO
170	44 	560	MANAURE
170	44 	650	SAN JUAN DEL CESAR
170	44 	847	URIBIA
170	44 	855	URUMITA
170	44 	874	VILLANUEVA
170	47 	001	SANTA MARTA
170	47 	030	ALGARROBO
170	47 	053	ARACATACA
170	47 	058	ARIGUANI
170	47 	161	CERRO SAN ANTONIO
170	47 	170	CHIVOLO
170	47 	189	CIENAGA
170	47 	205	CONCORDIA
170	47 	245	EL BANCO
170	47 	258	EL PIÑON
170	47 	268	EL RETÉN
170	47 	288	FUNDACION
170	47 	318	GUAMAL
170	47 	460	NUEVA GRANADA
170	47 	541	PEDRAZA
170	47 	545	PIJIÑO DEL CARMEN
170	47 	551	PIVIJAY
170	47 	555	PLATO
170	47 	570	PUEBLOVIEJO
170	47 	605	REMOLINO
170	47 	660	SABANAS DE SAN ANGEL
170	47 	675	SALAMINA
170	47 	692	SAN SEBASTIAN BUENAV
170	47 	703	SAN ZENON
170	47 	707	SANTA ANA
170	47 	720	SANTA BÁRBARA DE PINTO
170	47 	745	SITIONUEVO
170	47 	798	TENERIFE
170	47 	960	ZAPAYÁN
170	47 	980	ZONA BANANERA
170	50 	001	VILLAVICENCIO
170	50 	006	ACACIAS
170	50 	110	BARRANCA DE UPIA
170	50 	124	CABUYARO
170	50 	150	CASTILLA LA NUEVA
170	50 	223	CUBARRAL
170	50 	226	CUMARAL
170	50 	245	EL CALVARIO
170	50 	251	EL CASTILLO
170	50 	270	EL DORADO
170	50 	287	FUENTE DE ORO
170	50 	313	GRANADA
170	50 	318	GUAMAL
170	50 	325	MAPIRIPAN
170	50 	330	MESETAS
170	50 	350	LA MACARENA
170	50 	370	LA URIBE
170	50 	400	LEJANIAS
170	50 	450	PUERTO CONCORDIA
170	50 	568	PUERTO GAITAN
170	50 	573	PUERTO LOPEZ
170	50 	577	PUERTO LLERAS
170	50 	590	PUERTO RICO
170	50 	606	RESTREPO
170	50 	680	SAN CARLOS GUAROA
170	50 	683	SAN JUAN DE ARAMA
170	50 	686	SAN JUANITO
170	50 	689	SAN MARTIN
170	50 	711	VISTA HERMOSA
170	52 	001	PASTO
170	52 	019	ALBAN
170	52 	022	ALDANA
170	52 	036	ANCUYA
170	52 	051	ARBOLEDA
170	52 	079	BARBACOAS
170	52 	083	BELEN
170	52 	110	BUESACO
170	52 	203	COLON
170	52 	207	CONSACA
170	52 	210	CONTADERO
170	52 	215	CORDOBA
170	52 	224	CUASPUD
170	52 	227	CUMBAL
170	52 	233	CUMBITARA
170	52 	240	CHACHAGÜÍ
170	52 	250	EL CHARCO
170	52 	254	EL PEÑOL
170	52 	256	EL ROSARIO
170	52 	258	EL TABLON DE GOMEZ
170	52 	260	EL TAMBO
170	52 	287	FUNES
170	52 	317	GUACHUCAL
170	52 	320	GUAITARILLA
170	52 	323	GUALMATAN
170	52 	352	ILES
170	52 	354	IMUES
170	52 	356	IPIALES
170	52 	378	LA CRUZ
170	52 	381	LA FLORIDA
170	52 	385	LA LLANADA
170	52 	390	LA TOLA
170	52 	399	LA UNION
170	52 	405	LEIVA
170	52 	411	LINARES
170	52 	418	LOS ANDES
170	52 	427	MAGUI
170	52 	435	MALLAMA
170	52 	473	MOSQUERA
170	52 	480	NARIÑO
170	52 	490	OLAYA HERRERA
170	52 	506	OSPINA
170	52 	520	FRANCISCO PIZARRO
170	52 	540	POLICARPA
170	52 	560	POTOSI
170	52 	565	PROVIDENCIA
170	52 	573	PUERRES
170	52 	585	PUPIALES
170	52 	612	RICAURTE
170	52 	621	ROBERTO PAYAN
170	52 	678	SAMANIEGO
170	52 	683	SANDONA
170	52 	685	SAN BERNARDO
170	52 	687	SAN LORENZO
170	52 	693	SAN PABLO
170	52 	694	SAN PEDRO DE CARTAGO
170	52 	696	SANTA BARBARA
170	52 	699	SANTACRUZ
170	52 	720	SAPUYES
170	52 	786	TAMINANGO
170	52 	788	TANGUA
170	52 	835	TUMACO
170	52 	838	TUQUERRES
170	52 	885	YACUANQUER
170	54 	001	CUCUTA
170	54 	003	ABREGO
170	54 	051	ARBOLEDAS
170	54 	099	BOCHALEMA
170	54 	109	BUCARASICA
170	54 	125	CACOTA
170	54 	128	CACHIRA
170	54 	172	CHINACOTA
170	54 	174	CHITAGA
170	54 	206	CONVENCION
170	54 	223	CUCUTILLA
170	54 	239	DURANIA
170	54 	245	EL CARMEN
170	54 	250	EL TARRA
170	54 	261	EL ZULIA
170	54 	313	GRAMALOTE
170	54 	344	HACARI
170	54 	347	HERRAN
170	54 	377	LABATECA
170	54 	385	LA ESPERANZA
170	54 	398	LA PLAYA
170	54 	405	LOS PATIOS
170	54 	418	LOURDES
170	54 	480	MUTISCUA
170	54 	498	OCAÑA
170	54 	518	PAMPLONA
170	54 	520	PAMPLONITA
170	54 	553	PUERTO SANTANDER
170	54 	599	RAGONVALIA
170	54 	660	SALAZAR
170	54 	670	SAN CALIXTO
170	54 	673	SAN CAYETANO
170	54 	680	SANTIAGO
170	54 	720	SARDINATA
170	54 	743	SILOS
170	54 	800	TEORAMA
170	54 	810	TIBU
170	54 	820	TOLEDO
170	54 	871	VILLA CARO
170	54 	874	VILLA DEL ROSARIO
170	63 	001	ARMENIA
170	63 	111	BUENAVISTA
170	63 	130	CALARCA
170	63 	190	CIRCASIA
170	63 	212	CORDOBA
170	63 	272	FILANDIA
170	63 	302	GENOVA
170	63 	401	LA TEBAIDA
170	63 	470	MONTENEGRO
170	63 	548	PIJAO
170	63 	594	QUIMBAYA
170	63 	690	SALENTO
170	66 	001	PEREIRA
170	66 	045	APIA
170	66 	075	BALBOA
170	66 	088	BELEN DE UMBRIA
170	66 	170	DOS QUEBRADAS
170	66 	318	GUATICA
170	66 	383	LA CELIA
170	66 	400	LA VIRGINIA
170	66 	440	MARSELLA
170	66 	456	MISTRATO
170	66 	572	PUEBLO RICO
170	66 	594	QUINCHIA
170	66 	682	SANTA ROSA DE CABAL
170	66 	687	SANTUARIO
170	68 	001	BUCARAMANGA
170	68 	013	AGUADA
170	68 	020	ALBANIA
170	68 	051	ARATOCA
170	68 	077	BARBOSA
170	68 	079	BARICHARA
170	68 	081	BARRANCABERMEJA
170	68 	092	BETULIA
170	68 	101	BOLIVAR
170	68 	121	CABRERA
170	68 	132	CALIFORNIA
170	68 	147	CAPITANEJO
170	68 	152	CARCASI
170	68 	160	CEPITA
170	68 	162	CERRITO
170	68 	167	CHARALA
170	68 	169	CHARTA
170	68 	176	CHIMA
170	68 	179	CHIPATA
170	68 	190	CIMITARRA
170	68 	207	CONCEPCION
170	68 	209	CONFINES
170	68 	211	CONTRATACION
170	68 	217	COROMORO
170	68 	229	CURITI
170	68 	235	EL CARMEN
170	68 	245	EL GUACAMAYO
170	68 	250	EL PEÑÓN
170	68 	255	EL PLAYON
170	68 	264	ENCINO
170	68 	266	ENCISO
170	68 	271	FLORIAN
170	68 	276	FLORIDABLANCA
170	68 	296	GALAN
170	68 	298	GAMBITA
170	68 	307	GIRON
170	68 	318	GUACA
170	68 	320	GUADALUPE
170	68 	322	GUAPOTA
170	68 	324	GUAVATA
170	68 	327	GUEPSA
170	68 	344	HATO
170	68 	368	JESUS MARIA
170	68 	370	JORDAN
170	68 	377	LA BELLEZA
170	68 	385	LANDAZURI
170	68 	397	LA PAZ
170	68 	406	LEBRIJA
170	68 	418	LOS SANTOS
170	68 	425	MACARAVITA
170	68 	432	MALAGA
170	68 	444	MATANZA
170	68 	464	MOGOTES
170	68 	468	MOLAGAVITA
170	68 	498	OCAMONTE
170	68 	500	OIBA
170	68 	502	ONZAGA
170	68 	522	PALMAR
170	68 	524	PALMAS DEL SOCORRO
170	68 	533	PARAMO
170	68 	547	PIEDECUESTA
170	68 	549	PINCHOTE
170	68 	572	PUENTE NACIONAL
170	68 	573	PUERTO PARRA
170	68 	575	PUERTO WILCHES
170	68 	615	RIONEGRO
170	68 	655	SABANA DE TORRES
170	68 	669	SAN ANDRES
170	68 	673	SAN BENITO
170	68 	679	SAN GIL
170	68 	682	SAN JOAQUIN
170	68 	684	SAN JOSE DE MIRANDA
170	68 	686	SAN MIGUEL
170	68 	689	SAN VICENTE DE CHUCURI
170	68 	705	SANTA BARBARA
170	68 	720	SANTA HELENA DEL OPON
170	68 	745	SIMACOTA
170	68 	755	SOCORRO
170	68 	770	SUAITA
170	68 	773	SUCRE
170	68 	780	SURATA
170	68 	820	TONA
170	68 	855	VALLE DE SAN JOSE
170	68 	861	VELEZ
170	68 	867	VETAS
170	68 	872	VILLANUEVA
170	68 	895	ZAPATOCA
170	70 	001	SINCELEJO
170	70 	110	BUENAVISTA
170	70 	124	CAIMITO
170	70 	204	COLOSO
170	70 	215	COROZAL
170	70 	221	COVEÑAS
170	70 	230	CHALAN
170	70 	233	EL ROBLE
170	70 	235	GALERAS
170	70 	265	GUARANDA
170	70 	400	LA UNION
170	70 	418	LOS PALMITOS
170	70 	429	MAJAGUAL
170	70 	473	MORROA
170	70 	508	OVEJAS
170	70 	523	PALMITO
170	70 	670	SAMPUES
170	70 	678	SAN BENITO ABAD
170	70 	702	SAN JUAN DE BETULIA
170	70 	708	SAN MARCOS
170	70 	713	SAN ONOFRE
170	70 	717	SAN PEDRO
170	70 	742	SINCE
170	70 	771	SUCRE
170	70 	820	SANTIAGO DE TOLU (TOLU)
170	70 	823	TOLUVIEJO
170	73 	001	IBAGUE
170	73 	024	ALPUJARRA
170	73 	026	ALVARADO
170	73 	030	AMBALEMA
170	73 	043	ANZOATEGUI
170	73 	055	ARMERO
170	73 	067	ATACO
170	73 	124	CAJAMARCA
170	73 	148	CARMEN DE APICALA
170	73 	152	CASABIANCA
170	73 	168	CHAPARRAL
170	73 	200	COELLO
170	73 	217	COYAIMA
170	73 	226	CUNDAY
170	73 	236	DOLORES
170	73 	268	ESPINAL
170	73 	270	FALAN
170	73 	275	FLANDES
170	73 	283	FRESNO
170	73 	319	GUAMO
170	73 	347	HERVEO
170	73 	349	HONDA
170	73 	352	ICONONZO
170	73 	408	LERIDA
170	73 	411	LIBANO
170	73 	443	MARIQUITA
170	73 	449	MELGAR
170	73 	461	MURILLO
170	73 	483	NATAGAIMA
170	73 	504	ORTEGA
170	73 	520	PALOCABILDO
170	73 	547	PIEDRAS
170	73 	555	PLANADAS
170	73 	563	PRADO
170	73 	585	PURIFICACION
170	73 	616	RIOBLANCO
170	73 	622	RONCESVALLES
170	73 	624	ROVIRA
170	73 	671	SALDAÑA
170	73 	675	SAN ANTONIO
170	73 	678	SAN LUIS
170	73 	686	SANTA ISABEL
170	73 	770	SUAREZ
170	73 	854	VALLE DE SAN JUAN
170	73 	861	VENADILLO
170	73 	870	VILLAHERMOSA
170	73 	873	VILLARRICA
170	73 	993	HERRERA
170	73 	997	SANTIAGO PEREZ
170	76 	001	CALI
170	76 	020	ALCALA
170	76 	036	ANDALUCIA
170	76 	041	ANSERMANUEVO
170	76 	054	ARGELIA
170	76 	100	BOLIVAR
170	76 	109	BUENAVENTURA
170	76 	111	GUADALAJARA DE BUGA (BUGA)
170	76 	113	BUGALAGRANDE
170	76 	122	CAICEDONIA
170	76 	126	CALIMA
170	76 	130	CANDELARIA
170	76 	147	CARTAGO
170	76 	233	DAGUA
170	76 	243	EL AGUILA
170	76 	246	EL CAIRO
170	76 	248	EL CERRITO
170	76 	250	EL DOVIO
170	76 	275	FLORIDA
170	76 	306	GINEBRA
170	76 	318	GUACARI
170	76 	364	JAMUNDI
170	76 	377	LA CUMBRE
170	76 	400	LA UNION
170	76 	403	LA VICTORIA
170	76 	497	OBANDO
170	76 	520	PALMIRA
170	76 	563	PRADERA
170	76 	606	RESTREPO
170	76 	616	RIOFRIO
170	76 	622	ROLDANILLO
170	76 	670	SAN PEDRO
170	76 	736	SEVILLA
170	76 	823	TORO
170	76 	828	TRUJILLO
170	76 	834	TULUA
170	76 	845	ULLOA
170	76 	863	VERSALLES
170	76 	869	VIJES
170	76 	890	YOTOCO
170	76 	892	YUMBO
170	76 	895	ZARZAL
170	81 	001	ARAUCA
170	81 	065	ARAUQUITA
170	81 	220	CRAVO NORTE
170	81 	300	FORTUL
170	81 	591	PUERTO RONDON
170	81 	736	SARAVENA
170	81 	794	TAME
170	85 	001	YOPAL
170	85 	010	AGUAZUL
170	85 	015	CHAMEZA
170	85 	125	HATO COROZAL
170	85 	136	LA SALINA
170	85 	139	MANI
170	85 	162	MONTERREY
170	85 	225	NUNCHIA
170	85 	230	OROCUE
170	85 	250	PAZ DE ARIPORO
170	85 	263	PORE
170	85 	279	RECETOR
170	85 	300	SABANALARGA
170	85 	315	SACAMA
170	85 	325	SAN LUIS DE PALENQUE
170	85 	400	TAMARA
170	85 	410	TAURAMENA
170	85 	430	TRINIDAD
170	85 	440	VILLANUEVA
170	86 	001	MOCOA
170	86 	219	COLON
170	86 	320	ORITO
170	86 	568	PUERTO ASIS
170	86 	569	PUERTO CAICEDO
170	86 	571	PUERTO GUZMÁN
170	86 	573	LEGUIZAMO (PUERTO LEGUIZAMO)
170	86 	749	SIBUNDOY
170	86 	755	SAN FRANCISCO
170	86 	757	SAN MIGUEL
170	86 	760	SANTIAGO
170	86 	865	VALLE DEL GUAMUEZ
170	86 	885	VILLAGARZON
170	88 	001	SAN ANDRES
170	88 	564	PROVIDENCIA
170	91 	001	LETICIA
170	91 	263	EL ENCANTO
170	91 	405	LA CHORRERA
170	91 	407	LA PEDRERA
170	91 	430	LA VICTORIA
170	91 	460	MIRITI-PARANA
170	91 	530	PUERTO ALEGRÍA
170	91 	536	PUERTO ARICA
170	91 	540	PUERTO NARIÑO
170	91 	669	PUERTO SANTANDER
170	91 	798	TARAPACA
170	94 	001	INIRIDA
170	94 	343	BARRANCO MINAS
170	94 	663	MAPIRIPANA
170	94 	883	SAN FELIPE
170	94 	884	PUERTO COLOMBIA
170	94 	885	LA GUADALUPE
170	94 	886	CACAHUAL
170	94 	887	PANA PANA
170	94 	888	MORICHAL
170	95 	001	SAN JOSE DEL GUAVIAR
170	95 	015	CALAMAR
170	95 	025	EL RETORNO
170	95 	200	MIRAFLORES
170	95 	220	MORICHAL
170	97 	001	MITU
170	97 	161	CARURU
170	97 	511	PACOA
170	97 	666	TARAIRA
170	97 	777	PAPUNAUA
170	97 	889	YAVARATE
170	99 	001	PUERTO CARRENO
170	99 	524	LA PRIMAVERA
170	99 	572	SANTA RITA
170	99 	624	SANTA ROSALÍA
170	99 	760	SAN JOSE DE OCUNE
170	99 	773	CUMARIBO
000	111	222	CHAPACUAL
000	111	333	Chimayoi
\.


--
-- Data for TOC entry 164 (OID 302208)
-- Name: general; Type: TABLE DATA; Schema: public; Owner: adminsis
--

COPY general (id, id_char, nombre) FROM stdin;
1	BD001      	Bodega Principal
10	BD004      	Bodega # cuatro
22	891200520-1	F.A. URIBE & CIA. LTDA.
25	200        	Los Chicos de M & M
\.


--
-- Data for TOC entry 165 (OID 302211)
-- Name: bancos; Type: TABLE DATA; Schema: public; Owner: adminsis
--

COPY bancos (banco, nombre) FROM stdin;
00	BANCO DE LA REPUBLICA
01	BANCO DE BOGOTA
02	BANCO POPULAR
05	BANCAFE
06	BANCO SANTANDER
07	BANCOLOMBIA
08	BANCO ABNRO BANK DE COLOMBIA
09	CITIBANK
10	LLOYDS T.S.B. BANK
12	BANCO SUDAMERIS
13	BBVA BANCO GANADERO
14	BANCO DE CREDITO
18	BANCO NACIONAL DEL COMERCIO
19	BANCO COLPATRIA
22	BANCO UNION COLOMBIANO
23	BANCO DE OCCIDENTE
24	BANCO EXTEBANDES DE COLOMBIA
27	ADPOSTAL SERVIGIROS
28	BANCO MERCANTIL DE COLOMBIA
29	BANCO TEQUENDAMA
30	BANCO COOPERATIVO
31	BANCOLDEX
32	BANCO CAJA SOCIAL
34	BANCO SUPERIOR
35	BANCO INTERCONTINENTAL
36	MEGABANCO
37	BANK BOSTON
38	BANCO SELFIN
40	BANCO AGRARIO DE COLOMBIA
48	BANCO ALIADAS
51	BANCO DAVIVIENDA
52	BANCO AV VILLAS
54	BANCO GRANAHORRAR
55	CONAVI
57	BANCO COLMENA
11	Banco de Sangre
33	Banco de Esperma
\.


--
-- Data for TOC entry 166 (OID 302215)
-- Name: direcciones; Type: TABLE DATA; Schema: public; Owner: adminsis
--

COPY direcciones (id_direccion, id, id_pais, id_dep, municipio, descripcion, direccion) FROM stdin;
1	1	170	52 	001	Prueba                                            	Calle 22B # 24-216
2	10	000	111	222	Puerta Principal                                  	Calle 2 # 1-20
3	10	000	111	222	Puerta de Atras                                   	Calle 10 # 10-23
8	22	170	52 	001	Principal	Calle 22B # 24-216
\.


--
-- Data for TOC entry 167 (OID 302218)
-- Name: tipos_telefono; Type: TABLE DATA; Schema: public; Owner: adminsis
--

COPY tipos_telefono (clase, nombre) FROM stdin;
01	Fijo
02	Movil
03	Celular
04	Fax
05	Tele-Fax
06	PBX
\.


--
-- Data for TOC entry 168 (OID 302222)
-- Name: telefonos; Type: TABLE DATA; Schema: public; Owner: adminsis
--

COPY telefonos (id_telefono, id, clase, id_pais, id_dep, municipio, descripcion, numero) FROM stdin;
6	22	01	170	52 	001	Principal	7215949
7	22	01	170	52 	001	Internet	7211067
8	22	01	170	52 	001	Gerencia	7211630
\.


--
-- Data for TOC entry 169 (OID 302227)
-- Name: emails; Type: TABLE DATA; Schema: public; Owner: adminsis
--

COPY emails (id_email, id, descripcion, direccion) FROM stdin;
8	22	unico	fauribe@telecom.com.co
\.


--
-- Data for TOC entry 170 (OID 302230)
-- Name: cajeros; Type: TABLE DATA; Schema: public; Owner: adminsis
--

COPY cajeros (id_cajero, id_caja) FROM stdin;
\.


--
-- Data for TOC entry 171 (OID 302232)
-- Name: establecimiento; Type: TABLE DATA; Schema: public; Owner: adminsis
--

COPY establecimiento (id, descripcion) FROM stdin;
22	Jose Eduardo Jurado
\.


--
-- Data for TOC entry 172 (OID 302234)
-- Name: tipo_general; Type: TABLE DATA; Schema: public; Owner: adminsis
--

COPY tipo_general (tipo, nombre) FROM stdin;
001	Empresa
003	Proveedor
004	Funcionario
005	Contratista
006	Bodega
007	Cajero
008	Caja
002	Tercero
\.


--
-- Data for TOC entry 173 (OID 302236)
-- Name: perfiles; Type: TABLE DATA; Schema: public; Owner: adminsis
--

COPY perfiles (id, tipo) FROM stdin;
10	006
22	002
25	002
\.


--
-- Data for TOC entry 174 (OID 302240)
-- Name: grupos; Type: TABLE DATA; Schema: public; Owner: adminsis
--

COPY grupos (codigog, codigoi, descripcion) FROM stdin;
\.


--
-- Data for TOC entry 175 (OID 302245)
-- Name: catalogo_pventa; Type: TABLE DATA; Schema: public; Owner: adminsis
--

COPY catalogo_pventa (id_catalogo, nombre) FROM stdin;
1	Precios Mayoristas Locales
2	Precios Venta x Menor
\.


--
-- Data for TOC entry 176 (OID 302248)
-- Name: unidades_venta; Type: TABLE DATA; Schema: public; Owner: adminsis
--

COPY unidades_venta (id_und, descripcion, factorc) FROM stdin;
001	UNIDADES	0
\.


--
-- Data for TOC entry 177 (OID 302250)
-- Name: tipo_prod_serv; Type: TABLE DATA; Schema: public; Owner: adminsis
--

COPY tipo_prod_serv (id_tipo_prod_serv, descripcion) FROM stdin;
001	Productos
002	Servicios
\.


--
-- Data for TOC entry 178 (OID 302254)
-- Name: grupo_impuestos; Type: TABLE DATA; Schema: public; Owner: adminsis
--

COPY grupo_impuestos (id_grupo_imp, descripcion) FROM stdin;
\.


--
-- Data for TOC entry 179 (OID 302259)
-- Name: prod_serv; Type: TABLE DATA; Schema: public; Owner: adminsis
--

COPY prod_serv (id_prod_serv, codigo, id_und, id_tipo_prod_serv, estado, id_grupo_imp, codigo_b, descripcion, marca, iva, pcosto) FROM stdin;
\.


--
-- Data for TOC entry 180 (OID 302262)
-- Name: datos_grupo; Type: TABLE DATA; Schema: public; Owner: adminsis
--

COPY datos_grupo (codigog, id_prod_serv) FROM stdin;
\.


--
-- Data for TOC entry 181 (OID 302264)
-- Name: pventa; Type: TABLE DATA; Schema: public; Owner: adminsis
--

COPY pventa (id_catalogo, id_prod_serv, pventa) FROM stdin;
\.


--
-- Data for TOC entry 182 (OID 302266)
-- Name: stocks; Type: TABLE DATA; Schema: public; Owner: adminsis
--

COPY stocks (id_prod_serv, minimo, maximo) FROM stdin;
\.


--
-- Data for TOC entry 183 (OID 302268)
-- Name: tipo_documento; Type: TABLE DATA; Schema: public; Owner: adminsis
--

COPY tipo_documento (codigo_tipo, descripcion) FROM stdin;
FA	Factura
CI	Comprovante de Ingreso
CE	Comprobante de Egreso
NC	Nota Credito
ND	Nota Debito
NT	Nota Contable
CT	Cotizacion
RM	Remision
NP	Nota de Produccion
NE	Nota de Entrada
AI	Ajustes por inflacion
DF	Diferidos
DP	Depreciaciones
RC	Recibo de caja menor
GE	Guias de salida
CN	Consignacion
CD	Comprobante Diario
\.


--
-- Data for TOC entry 184 (OID 302272)
-- Name: documentos; Type: TABLE DATA; Schema: public; Owner: adminsis
--

COPY documentos (codigo_tipo, numero, ndocumento, fecha) FROM stdin;
FA	000000001 	1	2005-02-15 00:00:00
\.


--
-- Data for TOC entry 185 (OID 302275)
-- Name: info_fac; Type: TABLE DATA; Schema: public; Owner: adminsis
--

COPY info_fac (id_caja, id_vendedor, prefijo, ndocumento) FROM stdin;
\.


--
-- Data for TOC entry 186 (OID 302277)
-- Name: cuentas_comprobantes; Type: TABLE DATA; Schema: public; Owner: adminsis
--

COPY cuentas_comprobantes (ncompro, nfactura) FROM stdin;
\.


--
-- Data for TOC entry 187 (OID 302279)
-- Name: concepto_documento; Type: TABLE DATA; Schema: public; Owner: adminsis
--

COPY concepto_documento (ndocumento, concepto, valor) FROM stdin;
\.


--
-- Data for TOC entry 188 (OID 302284)
-- Name: cuotas_cartera; Type: TABLE DATA; Schema: public; Owner: adminsis
--

COPY cuotas_cartera (ndocumento, cuota_nro, vencimiento, vr_cuota) FROM stdin;
\.


--
-- Data for TOC entry 189 (OID 302286)
-- Name: tercero_def; Type: TABLE DATA; Schema: public; Owner: adminsis
--

COPY tercero_def (id, ndocumento, id_direccion, id_telefono) FROM stdin;
22	1	8	8
\.


--
-- Data for TOC entry 190 (OID 302288)
-- Name: tercero_92; Type: TABLE DATA; Schema: public; Owner: adminsis
--

COPY tercero_92 (ndocumento, nombre, nit_cc, direccion, telefono, ciudad) FROM stdin;
\.


--
-- Data for TOC entry 191 (OID 302290)
-- Name: datos_prod; Type: TABLE DATA; Schema: public; Owner: adminsis
--

COPY datos_prod (ndocumento, id_bodega, id_prod_serv, iva, pventa, cant, descuento1, descuento2, cargo1, cargo2) FROM stdin;
\.


--
-- Data for TOC entry 192 (OID 302292)
-- Name: cheques; Type: TABLE DATA; Schema: public; Owner: adminsis
--

COPY cheques (ndocumento, bancos, id_pais, id_dep, municipio, numero, valor) FROM stdin;
\.


--
-- Data for TOC entry 193 (OID 302296)
-- Name: inventarios; Type: TABLE DATA; Schema: public; Owner: adminsis
--

COPY inventarios (orden, fecha, id_prod_serv, id_bodega, ndocumento, pinventario, entrada, valor_ent, salida, saldo) FROM stdin;
\.


--
-- Data for TOC entry 194 (OID 302299)
-- Name: moneda; Type: TABLE DATA; Schema: public; Owner: adminsis
--

COPY moneda (id_moneda, nombre, bandera) FROM stdin;
ADP	Peseta Andorrana	\N
AED	Dirham de los Emiratos Árabes Unidos	\N
AFA	Afghani	\N
ALL	Lek Albanés	\N
AMD	Dram Armenio	\N
ANG	Guilder de India Occidental	\N
AOK	Kwanza Angolés	\N
ARA	Austral Argentino	\N
ARS	Peso Argentino	\N
ATS	Chelí­n Austriaco	\N
AUD	Dólar Australiano	\N
AWG	Guilder de Aruba	\N
AZM	Manat de Azerbaijan	\N
BAD	Dinar de Bosnia-Herzogovinia	\N
BBD	Dólar de Barbados	\N
BDT	Taka de Bangladesh	\N
BEF	Franco Belga	\N
BGL	Lev Bulgaro	\N
BHD	Dinar de Barein	\N
BIF	Franco de Burundi	\N
BMD	Dólar de Bermudas	\N
BND	Dólar de Brunei	\N
BOB	Boliviano de Bolivia	\N
BRL	Real de Brazil	\N
BRR	Brazil	\N
BSD	Dólar de Bahamas	\N
BWP	Pula de Botswana	\N
BYR	Rublo de Belorusia	\N
BZD	Dólar de Belize	\N
CAD	Dólar Canadiense	\N
CDP	Santo Domingo	\N
CHF	Franco Suizo	\N
CLP	Peso Chileno	\N
CNY	China	\N
COP	Peso de Colombia	\N
CRC	Colon de Costa Rica	\N
CUP	Peso Cubano	\N
CVE	Escudo de Cabo Verde	\N
CYP	Libra de Chipre	\N
CZK	Krona Checa	\N
DEM	Marco Alemán	\N
DJF	Franco de Djibouti	\N
DKK	Corona Danesa	\N
DOP	Peso Dominicano	\N
DRP	Peso de la República Dominicana	\N
DZD	Dinar de Algeria	\N
ECS	Sucre de Ecuador	\N
ECU	Moenda Única Europea (EURO)	\N
EEK	Corona de Estonia	\N
EGP	Libra Egipcia	\N
ESP	Peseta Española	\N
ETB	Birr de Etiopí­a	\N
EUR	Moneda de los estados miembros de EMU	\N
FIM	Marco Finlandés	\N
FJD	Dólar de Fiji	\N
FKP	Libra de Falkland	\N
FRF	Franco Francés	\N
GBP	Libra Británica	\N
GEK	Kupon de Georgia	\N
GHC	Cedi de Ghana	\N
GIP	Libra de Gibraltar	\N
GMD	Dalasi de Gambia	\N
GNF	Franco de Guinea	\N
GRD	Dracma Griego	\N
GTQ	Quedzal de Guatemala	\N
GWP	Peso de Guinea	\N
GYD	Dólar Guayanés	\N
HKD	Dólar de Hong Kong	\N
HNL	Lempira de Honduras	\N
HRD	Dinar de Croacia	\N
HTG	Gourde de Haiti	\N
HUF	Florá­n Húngaro	\N
IDR	Rupia Indonesia	\N
IEP	Libra Irlandesa	\N
ILS	Scheckel Israelí	\N
INR	Rupia India	\N
IQD	Dinar Iraquí	\N
IRR	Rial Iraní	\N
ISK	Corona Islandesa	\N
ITL	Lira Italiana	\N
JMD	Dólar de Jamaica	\N
JOD	Dinar de Jordania	\N
JPY	Yen Japonés	\N
KES	Chelín de Kenya	\N
KHR	Riel de Camboya	\N
KIS	Som de Kirghizstan	\N
KMF	Franco de Comoros	\N
KPW	Won de Corea del Norte	\N
KRW	Won de Corea del Sur	\N
KWD	Dinar de Kuwait	\N
KYD	Dólar de las Caimán	\N
KZT	Tenge de Kazakhstán	\N
LAK	Kip de Letonia	\N
LBP	Libra Libanesa	\N
LKR	Rupia de Ceilán	\N
LRD	Dólar de Liberia	\N
LSL	Loti de Lesotho	\N
LTL	Lita de Lituania	\N
LUF	Franco de Luxemburgo	\N
LVL	Lat Latonia	\N
LYD	Dinar Libio	\N
MAD	Dirham Marroquí	\N
MDL	Lei de Moldavia	\N
MGF	Franco de Madagascar	\N
MNC	Monaco	\N
MNT	Tugrik de Mongolia	\N
MOP	Pataca de Macao	\N
MRO	Ouguiya de Mauritania	\N
MTL	Lira de Malta	\N
MUR	Rupia de "Mauritius"	\N
MVR	Rufia de Maldivas	\N
MWK	Kwacha de Malawi	\N
MXN	Peso Mexicano (nuevo)	\N
MXP	Peso Mexicano (viejo)	\N
MYR	Ringgit de Malaysia	\N
MZM	Metical de Mozambique	\N
NGN	Naira de Nigeria	\N
NIC	Nicaragua	\N
NIO	Cordoba de Nicaragua	\N
NIS	Isreal	\N
NLG	Guilder de Holanda	\N
NOK	Córona Noruega	\N
NPR	Rupia de Nepal	\N
NZD	Dólar de Nueva Zelanda	\N
OMR	Rial de Omán	\N
PAB	Balboa de Panamá	\N
PEI	Inti de Perú	\N
PEN	Sol de Perú - Nuevo	\N
PES	Sol de Perú	\N
PGK	Kina de Papua Nueva Guinea	\N
PHP	Peso Filipino	\N
PKR	Rupia de Pakistán	\N
PLN	Zloty de Polonia	\N
PLZ	Polonia	\N
PTE	Escudo Portugués	\N
PYG	Guarani de Paraguay	\N
QAR	Riyal de Qatar	\N
RMB	Remnminbi Yuan de China	\N
ROL	Lei de Rumania	\N
RUR	Rublo Ruso	\N
RWF	Franco de Rwanda	\N
SAR	Riyal de Arabia Saudí	\N
SBD	Dólar de las Islas Solomon	\N
SCR	Rupias de Seychelles	\N
SDP	Libra de Sudán	\N
SEK	Córona Sueca	\N
SGD	Dólar de Singapur	\N
SHP	Libra de St.Helena	\N
SIT	Tolar de Eslovenia	\N
SKK	Córona Eslovaca	\N
SLL	Sierra León	\N
SOL	Perú	\N
SOS	Chellín de Somalia	\N
SRG	Guilder de Surinam	\N
STD	Sao Tome / Principe Dobra	\N
SUR	Rublo Ruso (viejo)	\N
SVC	Colon de El Salvador	\N
SYP	libra de Siria	\N
SZL	Lilangeni de Swaziland	\N
THB	Baht de Tailandia	\N
TJR	Rublo de Tadzikistán	\N
TMM	Manat de Turkmenistán	\N
TND	Dinar de Tunícia	\N
TOP	Panga de Tonga	\N
TPE	Escudo de Timor	\N
TRL	Lira de Turquí­a	\N
TTD	Dólar de Trinidad y Tobagor	\N
TWD	Dólar de Nuevo Taiwán	\N
TZS	Chellí­n de Tanzania	\N
UAK	karbowanez de Ucrainia	\N
UGS	Chellín de Uganda	\N
USD	Dólar Americano	\N
UYP	Nuevo Peso de Uruguay	\N
UYU	Uruguay	\N
VEB	Bolivar de Venezuela	\N
VND	Dong de Vietnám	\N
VUV	Vatu de Vanuatu	\N
WST	Tala de Samoa	\N
XAF	Franco de Gabón	\N
XCD	Dólar de Caribe Oriental	\N
XOF	Franco de Benin (C.f.A.)	\N
YER	Ryal de Yemen	\N
ZAR	Rand de Sur África	\N
ZMK	Kwacha de Zambia	\N
ZRZ	Zaire	\N
ZWD	Dólar de Zimbawe	\N
\.


--
-- Data for TOC entry 195 (OID 302303)
-- Name: cuentas; Type: TABLE DATA; Schema: public; Owner: adminsis
--

COPY cuentas (id_cta, id_padre, char_cta, nombre, activa, tipo) FROM stdin;
1	0	1         	ACTIVO	f	t
2	1	11        	DISPONIBLE	f	t
3	2	1105      	CAJA	f	t
4	3	110505    	CAJA GENERAL	f	t
5	3	110510    	CAJAS MENORES	f	t
6	3	110515    	MONEDA EXTRANJERA	f	t
7	2	1110      	BANCOS	f	t
8	7	111005    	MONEDA NACIONAL	f	t
9	7	111010    	MONEDA EXTRANJERA	f	t
10	2	1115      	REMESAS EN TRÁNSITO 	f	t
11	10	111505    	MONEDA NACIONAL	f	t
12	10	111510    	MONEDA EXTRANJERA	f	t
13	2	1120      	CUENTAS DE AHORRO 	f	t
14	13	112005    	BANCOS	f	t
15	13	112010    	CORPORACIONES DE AHORRO Y VIVIENDA	f	t
16	13	112015    	ORGANISMOS COOPERATIVOS FINANCIEROS	f	t
17	2	1125      	FONDOS	f	t
18	17	112505    	ROTATORIOS MONEDA NACIONAL	f	t
19	17	112510    	ROTATORIOS MONEDA EXTRANJERA	f	t
20	17	112515    	ESPECIALES MONEDA NACIONAL	f	t
21	17	112520    	ESPECIALES MONEDA EXTRANJERA	f	t
22	17	112525    	DE AMORTIZACIÓN MONEDA NACIONAL	f	t
23	17	112530    	DE AMORTIZACIÓN MONEDA EXTRANJERA	f	t
24	1	12        	INVERSIONES	f	t
25	24	1205      	ACCIONES	f	t
26	25	120505    	AGRICULTURA, GANADERÍA, CAZA Y SILVICULTURA	f	t
27	25	120510    	PESCA	f	t
28	25	120515    	EXPLOTACIÓN DE MINAS Y CANTERAS	f	t
29	25	120520    	INDUSTRIA MANUFACTURERA	f	t
30	25	120525    	SUMINISTRO DE ELECTRICIDAD, GAS Y AGUA	f	t
31	25	120530    	CONSTRUCCIÓN	f	t
32	25	120535    	COMERCIO AL POR MAYOR Y AL POR MENOR	f	t
33	25	120540    	HOTELES Y RESTAURANTES	f	t
34	25	120545    	TRANSPORTE, ALMACENAMIENTO Y COMUNICACIONES	f	t
35	25	120550    	ACTIVIDAD FINANCIERA	f	t
36	25	120555    	ACTIVIDADES INMOBILIARIAS, EMPRESARIALES Y DE ALQUILER	f	t
37	25	120560    	ENSEÑANZA	f	t
38	25	120565    	SERVICIOS SOCIALES Y DE SALUD	f	t
39	25	120570    	OTRAS ACTIVIDADES DE SERVICIOS COMUNITARIOS, SOCIALES Y PERSONALES	f	t
40	25	120599    	AJUSTES POR INFLACIÓN	f	t
41	24	1210      	CUOTAS O PARTES DE INTERÉS SOCIAL	f	t
42	41	121005    	AGRICULTURA, GANADERÍA, CAZA Y SILVICULTURA	f	t
43	41	121010    	PESCA	f	t
44	41	121015    	EXPLOTACIÓN DE MINAS Y CANTERAS	f	t
45	41	121020    	INDUSTRIA MANUFACTURERA	f	t
46	41	121025    	SUMINISTRO DE ELECTRICIDAD, GAS Y AGUA	f	t
47	41	121030    	CONSTRUCCIÓN	f	t
48	41	121035    	COMERCIO AL POR MAYOR Y AL POR MENOR	f	t
49	41	121040    	HOTELES Y RESTAURANTES	f	t
50	41	121045    	TRANSPORTE, ALMACENAMIENTO Y COMUNICACIONES	f	t
51	41	121050    	ACTIVIDAD FINANCIERA	f	t
52	41	121055    	ACTIVIDADES INMOBILIARIAS, EMPRESARIALES Y DE ALQUILER	f	t
53	41	121060    	ENSEÑANZA	f	t
54	41	121065    	SERVICIOS SOCIALES Y DE SALUD	f	t
55	41	121070    	OTRAS ACTIVIDADES DE SERVICIOS COMUNITARIOS, SOCIALES Y PERSONALES	f	t
56	41	121099    	AJUSTES POR INFLACIÓN	f	t
57	24	1215      	BONOS	f	t
58	57	121505    	BONOS PÚBLICOS MONEDA NACIONAL	f	t
59	57	121510    	BONOS PÚBLICOS MONEDA EXTRANJERA	f	t
60	57	121515    	BONOS ORDINARIOS	f	t
61	57	121520    	BONOS CONVERTIBLES EN ACCIONES	f	t
62	57	121595    	OTROS	f	t
63	24	1220      	CÉDULAS	f	t
64	63	122005    	CÉDULAS DE CAPITALIZACIÓN	f	t
65	63	122010    	CÉDULAS HIPOTECARIAS	f	t
66	63	122015    	CÉDULAS DE INVERSIÓN	f	t
67	63	122095    	OTRAS	f	t
68	24	1225      	CERTIFICADOS	f	t
69	68	122505    	CERTIFICADOS DE DEPÓSITO A TÉRMINO (CDT)	f	t
70	68	122510    	CERTIFICADOS DE DEPÓSITO DE AHORRO	f	t
71	68	122515    	CERTIFICADOS DE AHORRO DE VALOR CONSTANTE (CAVC)	f	t
72	68	122520    	CERTIFICADOS DE CAMBIO	f	t
73	68	122525    	CERTIFICADOS CAFETEROS VALORIZABLES	f	t
74	68	122530    	CERTIFICADOS ELÉCTRICOS VALORIZABLES (CEV)	f	t
75	68	122535    	CERTIFICADOS DE REEMBOLSO TRIBUTARIO (CERT)	f	t
76	68	122540    	CERTIFICADOS DE DESARROLLO TURÍSTICO	f	t
77	68	122545    	CERTIFICADOS DE INVERSIÓN FORESTAL (CIF)	f	t
78	68	122595    	OTROS	f	t
79	24	1230      	PAPELES COMERCIALES	f	t
80	79	123005    	EMPRESAS COMERCIALES	f	t
81	79	123010    	EMPRESAS INDUSTRIALES	f	t
82	79	123015    	EMPRESAS DE SERVICIOS	f	t
83	24	1235      	TÍTULOS	f	t
84	83	123505    	TÍTULOS DE DESARROLLO AGROPECUARIO	f	t
85	83	123510    	TÍTULOS CANJEABLES POR CERTIFICADOS DE CAMBIO	f	t
86	83	123515    	TÍTULOS DE TESORERÍA (TES)	f	t
87	83	123520    	TÍTULOS DE PARTICIPACIÓN	f	t
88	83	123525    	TÍTULOS DE CRÉDITO DE FOMENTO	f	t
89	83	123530    	TÍTULOS FINANCIEROS AGROINDUSTRIALES (TFA)	f	t
90	83	123535    	TÍTULOS DE AHORRO CAFETERO (TAC)	f	t
91	83	123540    	TÍTULOS DE AHORRO NACIONAL (TAN)	f	t
92	83	123545    	TÍTULOS ENERGÉTICOS DE RENTABILIDAD CRECIENTE (TER)	f	t
93	83	123550    	TÍTULOS DE AHORRO EDUCATIVO (TAE)	f	t
94	83	123555    	TÍTULOS FINANCIEROS INDUSTRIALES Y COMERCIALES	f	t
95	83	123560    	TESOROS	f	t
96	83	123565    	TÍTULOS DE DEVOLUCIÓN DE IMPUESTOS NACIONALES (TIDIS)	f	t
97	83	123570    	TÍTULOS INMOBILIARIOS	f	t
98	83	123595    	OTROS	f	t
99	24	1240      	ACEPTACIONES BANCARIAS O FINANCIERAS 	f	t
100	99	124005    	BANCOS COMERCIALES	f	t
101	99	124010    	COMPAÑÍAS DE FINANCIAMIENTO COMERCIAL	f	t
102	99	124015    	CORPORACIONES FINANCIERAS	f	t
103	99	124095    	OTRAS	f	t
104	24	1245      	DERECHOS FIDUCIARIOS 	f	t
105	104	124505    	FIDEICOMISOS DE INVERSIÓN MONEDA NACIONAL	f	t
106	104	124510    	FIDEICOMISOS DE INVERSIÓN MONEDA EXTRANJERA	f	t
107	24	1250      	DERECHOS DE RECOMPRA DE INVERSIONES NEGOCIADAS (REPOS)	f	t
108	107	125005    	ACCIONES	f	t
109	107	125010    	CUOTAS O PARTES DE INTERÉS SOCIAL	f	t
110	107	125015    	BONOS	f	t
111	107	125020    	CÉDULAS	f	t
112	107	125025    	CERTIFICADOS	f	t
113	107	125030    	PAPELES COMERCIALES	f	t
114	107	125035    	TÍTULOS	f	t
115	107	125040    	ACEPTACIONES BANCARIAS O FINANCIERAS	f	t
116	107	125095    	OTROS	f	t
117	107	125099    	AJUSTES POR INFLACIÓN	f	t
118	24	1255      	OBLIGATORIAS	f	t
119	118	125505    	BONOS DE FINANCIAMIENTO ESPECIAL	f	t
120	118	125510    	BONOS DE FINANCIAMIENTO PRESUPUESTAL	f	t
121	118	125515    	BONOS PARA DESARROLLO SOCIAL Y SEGURIDAD INTERNA (BDSI)	f	t
122	118	125595    	OTRAS	f	t
123	24	1260      	CUENTAS EN PARTICIPACIÓN	f	t
124	123	126099    	AJUSTES POR INFLACIÓN	f	t
125	24	1295      	OTRAS INVERSIONES	f	t
126	125	129505    	APORTES EN COOPERATIVAS	f	t
127	125	129510    	DERECHOS EN CLUBES SOCIALES	f	t
128	125	129515    	ACCIONES O DERECHOS EN CLUBES DEPORTIVOS	f	t
129	125	129520    	BONOS EN COLEGIOS	f	t
130	125	129595    	DIVERSAS	f	t
131	125	129599    	AJUSTES POR INFLACIÓN	f	t
132	24	1299      	PROVISIONES 	f	t
133	132	129905    	ACCIONES	f	t
134	132	129910    	CUOTAS O PARTES DE INTERÉS SOCIAL	f	t
135	132	129915    	BONOS	f	t
136	132	129920    	CÉDULAS	f	t
137	132	129925    	CERTIFICADOS	f	t
138	132	129930    	PAPELES COMERCIALES	f	t
139	132	129935    	TÍTULOS	f	t
140	132	129940    	ACEPTACIONES BANCARIAS O FINANCIERAS	f	t
141	132	129945    	DERECHOS FIDUCIARIOS	f	t
142	132	129950    	DERECHOS DE RECOMPRA DE INVERSIONES NEGOCIADAS	f	t
143	132	129955    	OBLIGATORIAS	f	t
144	132	129960    	CUENTAS EN PARTICIPACIÓN	f	t
145	132	129995    	OTRAS INVERSIONES	f	t
146	1	13        	DEUDORES	f	t
147	146	1305      	CLIENTES	f	t
148	147	130505    	NACIONALES 	f	t
149	147	130510    	DEL EXTERIOR	f	t
150	147	130515    	DEUDORES DEL SISTEMA	f	t
151	146	1310      	CUENTAS CORRIENTES COMERCIALES	f	t
152	151	131005    	CASA MATRIZ	f	t
153	151	131010    	COMPAÑÍAS VINCULADAS	f	t
154	151	131015    	ACCIONISTAS O SOCIOS	f	t
155	151	131020    	PARTICULARES	f	t
156	151	131095    	OTRAS	f	t
157	146	1315      	CUENTAS POR COBRAR A CASA MATRIZ	f	t
158	157	131505    	VENTAS	f	t
159	157	131510    	PAGOS A NOMBRE DE CASA MATRIZ	f	t
160	157	131515    	VALORES RECIBIDOS POR CASA MATRIZ	f	t
161	157	131520    	PRÉSTAMOS	f	t
162	146	1320      	CUENTAS POR COBRAR A VINCULADOS ECONÓMICOS	f	t
163	162	132005    	FILIALES	f	t
164	162	132010    	SUBSIDIARIAS	f	t
165	162	132015    	SUCURSALES	f	t
166	146	1323      	CUENTAS POR COBRAR A DIRECTORES	f	t
167	146	1325      	CUENTAS POR COBRAR A SOCIOS Y ACCIONISTAS 	f	t
168	167	132505    	A SOCIOS	f	t
169	167	132510    	A ACCIONISTAS	f	t
170	146	1328      	APORTES POR COBRAR	f	t
171	146	1330      	ANTICIPOS Y AVANCES	f	t
172	171	133005    	A PROVEEDORES	f	t
173	171	133010    	A CONTRATISTAS	f	t
174	171	133015    	A TRABAJADORES	f	t
175	171	133020    	A AGENTES	f	t
176	171	133025    	A CONCESIONARIOS	f	t
177	171	133030    	DE ADJUDICACIONES	f	t
178	171	133095    	OTROS	f	t
179	171	133099    	AJUSTES POR INFLACIÓN	f	t
180	146	1332      	CUENTAS DE OPERACIÓN CONJUNTA	f	t
181	146	1335      	DEPÓSITOS	f	t
182	181	133505    	PARA IMPORTACIONES	f	t
183	181	133510    	PARA SERVICIOS	f	t
184	181	133515    	PARA CONTRATOS	f	t
185	181	133520    	PARA RESPONSABILIDADES	f	t
186	181	133525    	PARA JUICIOS EJECUTIVOS	f	t
187	181	133530    	PARA ADQUISICIÓN DE ACCIONES, CUOTAS O DERECHOS SOCIALES	f	t
188	181	133535    	EN GARANTÍA	f	t
189	181	133595    	OTROS	f	t
190	146	1340      	PROMESAS DE COMPRA VENTA 	f	t
191	190	134005    	DE BIENES RAÍCES	f	t
192	190	134010    	DE MAQUINARIA Y EQUIPO	f	t
193	190	134015    	DE FLOTA Y EQUIPO DE TRANSPORTE	f	t
194	190	134020    	DE FLOTA Y EQUIPO AÉREO	f	t
195	190	134025    	DE FLOTA Y EQUIPO FÉRREO	f	t
196	190	134030    	DE FLOTA Y EQUIPO FLUVIAL Y/O MARÍTIMO	f	t
197	190	134035    	DE SEMOVIENTES	f	t
198	190	134095    	DE OTROS BIENES	f	t
199	146	1345      	INGRESOS POR COBRAR	f	t
200	199	134505    	DIVIDENDOS Y/O PARTICIPACIONES	f	t
201	199	134510    	INTERESES	f	t
202	199	134515    	COMISIONES	f	t
203	199	134520    	HONORARIOS	f	t
204	199	134525    	SERVICIOS	f	t
205	199	134530    	ARRENDAMIENTOS	f	t
206	199	134535    	CERT POR COBRAR	f	t
207	199	134595    	OTROS	f	t
208	146	1350      	RETENCIÓN SOBRE CONTRATOS	f	t
209	208	135005    	DE CONSTRUCCIÓN	f	t
210	208	135010    	DE PRESTACIÓN DE SERVICIOS	f	t
211	208	135095    	OTROS	f	t
212	146	1355      	ANTICIPO DE IMPUESTOS Y CONTRIBUCIONES O SALDOS A FAVOR	f	t
213	212	135505    	ANTICIPO DE IMPUESTOS DE RENTA Y COMPLEMENTARIOS	f	t
214	212	135510    	ANTICIPO DE IMPUESTOS DE INDUSTRIA Y COMERCIO	f	t
215	212	135515    	RETENCIÓN EN LA FUENTE	f	t
216	212	135517    	IMPUESTO A LAS VENTAS RETENIDO	f	t
217	212	135518    	IMPUESTO DE INDUSTRIA Y COMERCIO RETENIDO	f	t
218	212	135520    	SOBRANTES EN LIQUIDACIÓN PRIVADA DE IMPUESTOS	f	t
219	212	135525    	CONTRIBUCIONES	f	t
220	212	135530    	IMPUESTOS DESCONTABLES	f	t
221	212	135595    	OTROS	f	t
222	146	1360      	RECLAMACIONES	f	t
223	222	136005    	A COMPAÑÍAS ASEGURADORAS	f	t
224	222	136010    	A TRANSPORTADORES	f	t
225	222	136015    	POR TIQUETES AÉREOS	f	t
226	222	136095    	OTRAS	f	t
227	146	1365      	CUENTAS POR COBRAR A TRABAJADORES 	f	t
228	227	136505    	VIVIENDA	f	t
229	227	136510    	VEHÍCULOS	f	t
230	227	136515    	EDUCACIÓN	f	t
231	227	136520    	MÉDICOS, ODONTOLÓGICOS Y SIMILARES	f	t
232	227	136525    	CALAMIDAD DOMÉSTICA	f	t
233	227	136530    	RESPONSABILIDADES	f	t
234	227	136595    	OTROS	f	t
235	146	1370      	PRÉSTAMOS A PARTICULARES 	f	t
236	235	137005    	CON GARANTÍA REAL	f	t
237	235	137010    	CON GARANTÍA PERSONAL	f	t
238	146	1380      	DEUDORES VARIOS	f	t
239	238	138005    	DEPOSITARIOS	f	t
240	238	138010    	COMISIONISTAS DE BOLSAS	f	t
241	238	138015    	FONDO DE INVERSIÓN	f	t
242	238	138020    	CUENTAS POR COBRAR DE TERCEROS	f	t
243	238	138025    	PAGOS POR CUENTA DE TERCEROS	f	t
244	238	138030    	FONDOS DE INVERSIÓN SOCIAL	f	t
245	238	138095    	OTROS	f	t
246	146	1385      	DERECHOS DE RECOMPRA DE CARTERA NEGOCIADA	f	t
247	146	1390      	DEUDAS DE DIFÍCIL COBRO	f	t
248	146	1399      	PROVISIONES	f	t
249	248	139905    	CLIENTES	f	t
250	248	139910    	CUENTAS CORRIENTES COMERCIALES	f	t
251	248	139915    	CUENTAS POR COBRAR A CASA MATRIZ	f	t
252	248	139920    	CUENTAS POR COBRAR A VINCULADOS ECONÓMICOS	f	t
253	248	139925    	CUENTAS POR COBRAR A SOCIOS Y ACCIONISTAS	f	t
254	248	139930    	ANTICIPOS Y AVANCES	f	t
255	248	139932    	CUENTAS DE OPERACIÓN CONJUNTA	f	t
256	248	139935    	DEPÓSITOS	f	t
257	248	139940    	PROMESAS DE COMPRAVENTA	f	t
258	248	139945    	INGRESOS POR COBRAR	f	t
259	248	139950    	RETENCIÓN SOBRE CONTRATOS	f	t
260	248	139955    	RECLAMACIONES	f	t
261	248	139960    	CUENTAS POR COBRAR A TRABAJADORES	f	t
262	248	139965    	PRÉSTAMOS A PARTICULARES	f	t
263	248	139975    	DEUDORES VARIOS	f	t
264	248	139980    	DERECHOS DE RECOMPRA DE CARTERA NEGOCIADA	f	t
265	1	14        	INVENTARIOS	f	t
266	265	1405      	MATERIAS PRIMAS	f	t
267	266	140599    	AJUSTES POR INFLACIÓN**	f	t
268	265	1410      	PRODUCTOS EN PROCESO	f	t
269	268	141099    	AJUSTES POR INFLACIÓN**	f	t
270	265	1415      	OBRAS DE CONSTRUCCIÓN EN CURSO	f	t
271	270	141599    	AJUSTES POR INFLACIÓN**	f	t
272	265	1417      	OBRAS DE URBANISMO	f	t
273	272	141799    	AJUSTES POR INFLACIÓN**	f	t
274	265	1420      	CONTRATOS EN EJECUCIÓN	f	t
275	274	142099    	AJUSTES POR INFLACIÓN**	f	t
276	265	1425      	CULTIVOS EN DESARROLLO	f	t
277	276	142599    	AJUSTES POR INFLACIÓN**	f	t
278	265	1428      	PLANTACIONES AGRÍCOLAS	f	t
279	278	142899    	AJUSTES POR INFLACIÓN**	f	t
280	265	1430      	PRODUCTOS TERMINADOS	f	t
281	280	143005    	PRODUCTOS MANUFACTURADOS	f	t
282	280	143010    	PRODUCTOS EXTRAÍDOS Y/O PROCESADOS	f	t
283	280	143015    	PRODUCTOS AGRÍCOLAS Y FORESTALES	f	t
284	280	143020    	SUBPRODUCTOS	f	t
285	280	143025    	PRODUCTOS DE PESCA	f	t
286	280	143099    	AJUSTES POR INFLACIÓN**	f	t
287	265	1435      	MERCANCÍAS NO FABRICADAS POR LA EMPRESA 	f	t
288	287	143599    	AJUSTES POR INFLACIÓN**	f	t
289	265	1440      	BIENES RAÍCES PARA LA VENTA	f	t
290	289	144099    	AJUSTES POR INFLACIÓN**	f	t
291	265	1445      	SEMOVIENTES	f	t
292	291	144599    	AJUSTES POR INFLACIÓN**	f	t
293	265	1450      	TERRENOS	f	t
294	293	145005    	POR URBANIZAR	f	t
295	293	145010    	URBANIZADOS POR CONSTRUIR	f	t
296	293	145099    	AJUSTES POR INFLACIÓN**	f	t
297	265	1455      	MATERIALES, REPUESTOS Y ACCESORIOS	f	t
298	297	145599    	AJUSTES POR INFLACIÓN**	f	t
299	265	1460      	ENVASES Y EMPAQUES	f	t
300	299	146099    	AJUSTES POR INFLACIÓN**	f	t
301	265	1465      	INVENTARIOS EN TRÁNSITO	f	t
302	301	146599    	AJUSTES POR INFLACIÓN**	f	t
303	265	1499      	PROVISIONES	f	t
304	303	149905    	PARA OBSOLESCENCIA	f	t
305	303	149910    	PARA DIFERENCIA DE INVENTARIO FÍSICO	f	t
306	303	149915    	PARA PÉRDIDAS DE INVENTARIOS	f	t
307	303	149920    	LIFO	f	t
308	1	15        	PROPIEDADES, PLANTA Y EQUIPO	f	t
309	308	1504      	TERRENOS	f	t
310	309	150405    	URBANOS	f	t
311	309	150410    	RURALES	f	t
312	309	150499    	AJUSTES POR INFLACIÓN	f	t
313	308	1506      	MATERIALES PROYECTOS PETROLEROS	f	t
314	313	150605    	TUBERÍAS Y EQUIPO	f	t
315	313	150610    	COSTOS DE IMPORTACIÓN MATERIALES	f	t
316	313	150615    	PROYECTOS DE CONSTRUCCIÓN	f	t
317	313	150699    	AJUSTES POR INFLACIÓN	f	t
318	308	1508      	CONSTRUCCIONES EN CURSO	f	t
319	318	150805    	CONSTRUCCIONES Y EDIFICACIONES	f	t
320	318	150810    	ACUEDUCTOS, PLANTAS Y REDES	f	t
321	318	150815    	VÍAS DE COMUNICACIÓN	f	t
322	318	150820    	POZOS ARTESIANOS	f	t
323	318	150825    	PROYECTOS DE EXPLORACIÓN	f	t
324	318	150830    	PROYECTOS DE DESARROLLO	f	t
325	318	150899    	AJUSTES POR INFLACIÓN	f	t
326	308	1512      	MAQUINARIA Y EQUIPOS EN MONTAJE	f	t
327	326	151205    	MAQUINARIA Y EQUIPO	f	t
328	326	151210    	EQUIPO DE OFICINA	f	t
329	326	151215    	EQUIPO DE COMPUTACIÓN Y COMUNICACIÓN	f	t
330	326	151220    	EQUIPO MÉDICO-CIENTÍFICO	f	t
331	326	151225    	EQUIPO DE HOTELES Y RESTAURANTES	f	t
332	326	151230    	FLOTA Y EQUIPO DE TRANSPORTE	f	t
333	326	151235    	FLOTA Y EQUIPO FLUVIAL Y/O MARÍTIMO	f	t
334	326	151240    	FLOTA Y EQUIPO AÉREO	f	t
335	326	151245    	FLOTA Y EQUIPO FÉRREO	f	t
336	326	151250    	PLANTAS Y REDES	f	t
337	326	151299    	AJUSTES POR INFLACIÓN	f	t
338	308	1516      	CONSTRUCCIONES Y EDIFICACIONES 	f	t
339	338	151605    	EDIFICIOS	f	t
340	338	151610    	OFICINAS	f	t
341	338	151615    	ALMACENES	f	t
342	338	151620    	FÁBRICAS Y PLANTAS INDUSTRIALES	f	t
343	338	151625    	SALAS DE EXHIBICIÓN Y VENTAS	f	t
344	338	151630    	CAFETERÍA Y CASINOS	f	t
345	338	151635    	SILOS	f	t
346	338	151640    	INVERNADEROS	f	t
347	338	151645    	CASETAS Y CAMPAMENTOS	f	t
348	338	151650    	INSTALACIONES AGROPECUARIAS	f	t
349	338	151655    	VIVIENDAS PARA EMPLEADOS Y OBREROS	f	t
350	338	151660    	TERMINAL DE BUSES Y TAXIS	f	t
351	338	151663    	TERMINAL MARÍTIMO	f	t
352	338	151665    	TERMINAL FÉRREO	f	t
353	338	151670    	PARQUEADEROS, GARAJES Y DEPÓSITOS	f	t
354	338	151675    	HANGARES	f	t
355	338	151680    	BODEGAS	f	t
356	338	151695    	OTROS	f	t
357	338	151699    	AJUSTES POR INFLACIÓN	f	t
358	308	1520      	MAQUINARIA Y EQUIPO	f	t
359	358	152099    	AJUSTES POR INFLACIÓN	f	t
360	308	1524      	EQUIPO DE OFICINA	f	t
361	360	152405    	MUEBLES Y ENSERES	f	t
362	360	152410    	EQUIPOS	f	t
363	360	152495    	OTROS	f	t
364	360	152499    	AJUSTES POR INFLACIÓN	f	t
365	308	1528      	EQUIPO DE COMPUTACIÓN Y COMUNICACIÓN	f	t
366	365	152805    	EQUIPOS DE PROCESAMIENTO DE DATOS	f	t
367	365	152810    	EQUIPOS DE TELECOMUNICACIONES	f	t
368	365	152815    	EQUIPOS DE RADIO	f	t
369	365	152820    	SATÉLITES Y ANTENAS	f	t
370	365	152825    	LÍNEAS TELEFÓNICAS	f	t
371	365	152895    	OTROS	f	t
372	365	152899    	AJUSTES POR INFLACIÓN	f	t
373	308	1532      	EQUIPO MÉDICO-CIENTÍFICO 	f	t
374	373	153205    	MÉDICO	f	t
375	373	153210    	ODONTOLÓGICO	f	t
376	373	153215    	LABORATORIO	f	t
377	373	153220    	INSTRUMENTAL	f	t
378	373	153295    	OTROS	f	t
379	373	153299    	AJUSTES POR INFLACIÓN	f	t
380	308	1536      	EQUIPO DE HOTELES Y RESTAURANTES 	f	t
381	380	153605    	DE HABITACIONES	f	t
382	380	153610    	DE COMESTIBLES Y BEBIDAS	f	t
383	380	153695    	OTROS	f	t
384	380	153699    	AJUSTES POR INFLACIÓN	f	t
385	308	1540      	FLOTA Y EQUIPO DE TRANSPORTE 	f	t
386	385	154005    	AUTOS, CAMIONETAS Y CAMPEROS	f	t
387	385	154008    	CAMIONES, VOLQUETAS Y FURGONES	f	t
388	385	154010    	TRACTOMULAS Y REMOLQUES	f	t
389	385	154015    	BUSES Y BUSETAS	f	t
390	385	154017    	RECOLECTORES Y CONTENEDORES	f	t
391	385	154020    	MONTACARGAS	f	t
392	385	154025    	PALAS Y GRÚAS	f	t
393	385	154030    	MOTOCICLETAS	f	t
394	385	154035    	BICICLETAS	f	t
395	385	154040    	ESTIBAS Y CARRETAS	f	t
396	385	154045    	BANDAS TRANSPORTADORAS	f	t
397	385	154095    	OTROS	f	t
398	385	154099    	AJUSTES POR INFLACIÓN	f	t
399	308	1544      	FLOTA Y EQUIPO FLUVIAL Y/O MARÍTIMO 	f	t
400	399	154405    	BUQUES	f	t
401	399	154410    	LANCHAS	f	t
402	399	154415    	REMOLCADORAS	f	t
403	399	154420    	BOTES	f	t
404	399	154425    	BOYAS	f	t
405	399	154430    	AMARRES	f	t
406	399	154435    	CONTENEDORES Y CHASISES	f	t
407	399	154440    	GABARRAS	f	t
408	399	154495    	OTROS	f	t
409	399	154499    	AJUSTES POR INFLACIÓN	f	t
410	308	1548      	FLOTA Y EQUIPO AÉREO 	f	t
411	410	154805    	AVIONES	f	t
412	410	154810    	AVIONETAS	f	t
413	410	154815    	HELICÓPTEROS 	f	t
414	410	154820    	TURBINAS Y MOTORES	f	t
415	410	154825    	MANUALES DE ENTRENAMIENTO PERSONAL TÉCNICO	f	t
416	410	154830    	EQUIPOS DE VUELO	f	t
417	410	154895    	OTROS	f	t
418	410	154899    	AJUSTES POR INFLACIÓN	f	t
419	308	1552      	FLOTA Y EQUIPO FÉRREO	f	t
420	419	155205    	LOCOMOTORAS	f	t
421	419	155210    	VAGONES	f	t
422	419	155215    	REDES FÉRREAS	f	t
423	419	155295    	OTROS	f	t
424	419	155299    	AJUSTES POR INFLACIÓN	f	t
425	308	1556      	ACUEDUCTOS, PLANTAS Y REDES	f	t
426	425	155605    	INSTALACIONES PARA AGUA Y ENERGÍA	f	t
427	425	155610    	ACUEDUCTO, ACEQUIAS Y CANALIZACIONES	f	t
428	425	155615    	PLANTAS DE GENERACIÓN HIDRÁULICA	f	t
429	425	155620    	PLANTAS DE GENERACIÓN TÉRMICA	f	t
430	425	155625    	PLANTAS DE GENERACIÓN A GAS	f	t
431	425	155628    	PLANTAS DE GENERACIÓN DIESEL, GASOLINA Y PETRÓLEO	f	t
432	425	155630    	PLANTAS DE DISTRIBUCIÓN	f	t
433	425	155635    	PLANTAS DE TRANSMISIÓN Y SUBESTACIONES	f	t
434	425	155640    	OLEODUCTOS	f	t
435	425	155645    	GASODUCTOS	f	t
436	425	155647    	POLIDUCTOS	f	t
437	425	155650    	REDES DE DISTRIBUCIÓN	f	t
438	425	155655    	PLANTAS DE TRATAMIENTO	f	t
439	425	155660    	REDES DE RECOLECCIÓN DE AGUAS NEGRAS	f	t
440	425	155665    	INSTALACIONES Y EQUIPO DE BOMBEO	f	t
441	425	155670    	REDES DE DISTRIBUCIÓN DE VAPOR	f	t
442	425	155675    	REDES DE AIRE	f	t
443	425	155680    	REDES ALIMENTACIÓN DE GAS	f	t
444	425	155682    	REDES EXTERNAS DE TELEFONÍA	f	t
445	425	155685    	PLANTAS DESHIDRATADORAS	f	t
446	425	155695    	OTROS	f	t
447	425	155699    	AJUSTES POR INFLACIÓN	f	t
448	308	1560      	ARMAMENTO DE VIGILANCIA 	f	t
449	448	156099    	AJUSTES POR INFLACIÓN	f	t
450	308	1562      	ENVASES Y EMPAQUES	f	t
451	450	156299    	AJUSTES POR INFLACIÓN	f	t
452	308	1564      	PLANTACIONES AGRÍCOLAS Y FORESTALES	f	t
453	452	156405    	CULTIVOS EN DESARROLLO	f	t
454	452	156410    	CULTIVOS AMORTIZABLES	f	t
455	452	156499    	AJUSTES POR INFLACIÓN	f	t
456	308	1568      	VÍAS DE COMUNICACIÓN	f	t
457	456	156805    	PAVIMENTACIÓN Y PATIOS	f	t
458	456	156810    	VÍAS	f	t
459	456	156815    	PUENTES	f	t
460	456	156820    	CALLES	f	t
461	456	156825    	AERÓDROMOS	f	t
462	456	156895    	OTROS	f	t
463	456	156899    	AJUSTES POR INFLACIÓN	f	t
464	308	1572      	MINAS Y CANTERAS	f	t
465	464	157205    	MINAS	f	t
466	464	157210    	CANTERAS	f	t
467	464	157299    	AJUSTES POR INFLACIÓN	f	t
468	308	1576      	POZOS ARTESIANOS	f	t
469	468	157699    	AJUSTES POR INFLACIÓN	f	t
470	308	1580      	YACIMIENTOS	f	t
471	470	158099    	AJUSTES POR INFLACIÓN	f	t
472	308	1584      	SEMOVIENTES 	f	t
473	472	158499    	AJUSTES POR INFLACIÓN	f	t
474	308	1588      	PROPIEDADES, PLANTA Y EQUIPO EN TRÁNSITO	f	t
475	474	158805    	MAQUINARIA Y EQUIPO	f	t
476	474	158810    	EQUIPO DE OFICINA	f	t
477	474	158815    	EQUIPO DE COMPUTACIÓN Y COMUNICACIÓN	f	t
478	474	158820    	EQUIPO MÉDICO-CIENTÍFICO	f	t
479	474	158825    	EQUIPO DE HOTELES Y RESTAURANTES	f	t
480	474	158830    	FLOTA Y EQUIPO DE TRANSPORTE	f	t
481	474	158835    	FLOTA Y EQUIPO FLUVIAL Y/O MARÍTIMO	f	t
482	474	158840    	FLOTA Y EQUIPO AÉREO	f	t
483	474	158845    	FLOTA Y EQUIPO FÉRREO	f	t
484	474	158850    	PLANTAS Y REDES	f	t
485	474	158855    	ARMAMENTO DE VIGILANCIA	f	t
486	474	158860    	SEMOVIENTES	f	t
487	474	158865    	ENVASES Y EMPAQUES	f	t
488	474	158899    	AJUSTES POR INFLACIÓN	f	t
489	308	1592      	DEPRECIACIÓN ACUMULADA	f	t
490	489	159205    	CONSTRUCCIONES Y EDIFICACIONES	f	t
491	489	159210    	MAQUINARIA Y EQUIPO	f	t
492	489	159215    	EQUIPO DE OFICINA	f	t
493	489	159220    	EQUIPO DE COMPUTACIÓN Y COMUNICACIÓN	f	t
494	489	159225    	EQUIPO MÉDICO-CIENTÍFICO	f	t
495	489	159230    	EQUIPO DE HOTELES Y RESTAURANTES	f	t
496	489	159235    	FLOTA Y EQUIPO DE TRANSPORTE	f	t
497	489	159240    	FLOTA Y EQUIPO FLUVIAL Y/O MARÍTIMO	f	t
498	489	159245    	FLOTA Y EQUIPO AÉREO	f	t
499	489	159250    	FLOTA Y EQUIPO FÉRREO	f	t
500	489	159255    	ACUEDUCTOS, PLANTAS Y REDES	f	t
501	489	159260    	ARMAMENTO DE VIGILANCIA	f	t
502	489	159265    	ENVASES Y EMPAQUES	f	t
503	489	159299    	AJUSTES POR INFLACIÓN	f	t
504	308	1596      	DEPRECIACIÓN DIFERIDA	f	t
505	504	159605    	EXCESO FISCAL SOBRE LA CONTABLE	f	t
506	504	159610    	DEFECTO FISCAL SOBRE LA CONTABLE (CR)	f	t
507	504	159699    	AJUSTES POR INFLACIÓN	f	t
508	308	1597      	AMORTIZACIÓN ACUMULADA	f	t
509	508	159705    	PLANTACIONES AGRÍCOLAS Y FORESTALES	f	t
510	508	159710    	VÍAS DE COMUNICACIÓN	f	t
511	508	159715    	SEMOVIENTES	f	t
512	508	159799    	AJUSTES POR INFLACIÓN	f	t
513	308	1598      	AGOTAMIENTO ACUMULADO	f	t
514	513	159805    	MINAS Y CANTERAS	f	t
515	513	159815    	POZOS ARTESIANOS	f	t
516	513	159820    	YACIMIENTOS	f	t
517	513	159899    	AJUSTES POR INFLACIÓN	f	t
518	308	1599      	PROVISIONES 	f	t
519	518	159904    	TERRENOS	f	t
520	518	159906    	MATERIALES PROYECTOS PETROLEROS	f	t
521	518	159908    	CONSTRUCCIONES EN CURSO	f	t
522	518	159912    	MAQUINARIA EN MONTAJE	f	t
523	518	159916    	CONSTRUCCIONES Y EDIFICACIONES	f	t
524	518	159920    	MAQUINARIA Y EQUIPO	f	t
525	518	159924    	EQUIPO DE OFICINA	f	t
526	518	159928    	EQUIPO DE COMPUTACIÓN Y COMUNICACIÓN	f	t
527	518	159932    	EQUIPO MÉDICO-CIENTÍFICO	f	t
528	518	159936    	EQUIPO DE HOTELES Y RESTAURANTES	f	t
529	518	159940    	FLOTA Y EQUIPO DE TRANSPORTE	f	t
530	518	159944    	FLOTA Y EQUIPO FLUVIAL Y/O MARÍTIMO	f	t
531	518	159948    	FLOTA Y EQUIPO AÉREO	f	t
532	518	159952    	FLOTA Y EQUIPO FÉRREO	f	t
533	518	159956    	ACUEDUCTOS, PLANTAS Y REDES	f	t
534	518	159960    	ARMAMENTO DE VIGILANCIA	f	t
535	518	159962    	ENVASES Y EMPAQUES	f	t
536	518	159964    	PLANTACIONES AGRÍCOLAS Y FORESTALES	f	t
537	518	159968    	VÍAS DE COMUNICACIÓN	f	t
538	518	159972    	MINAS Y CANTERAS	f	t
539	518	159980    	POZOS ARTESIANOS	f	t
540	518	159984    	YACIMIENTOS	f	t
541	518	159988    	SEMOVIENTES	f	t
542	518	159992    	PROPIEDADES, PLANTA Y EQUIPO EN TRÁNSITO	f	t
543	1	16        	INTANGIBLES	f	t
544	543	1605      	CRÉDITO MERCANTIL 	f	t
545	544	160505    	FORMADO O ESTIMADO	f	t
546	544	160510    	ADQUIRIDO O COMPRADO	f	t
547	544	160599    	AJUSTES POR INFLACIÓN	f	t
548	543	1610      	MARCAS	f	t
549	548	161005    	ADQUIRIDAS	f	t
550	548	161010    	FORMADAS	f	t
551	548	161099    	AJUSTES POR INFLACIÓN	f	t
552	543	1615      	PATENTES 	f	t
553	552	161505    	ADQUIRIDAS	f	t
554	552	161510    	FORMADAS	f	t
555	552	161599    	AJUSTES POR INFLACIÓN	f	t
556	543	1620      	CONCESIONES Y FRANQUICIAS	f	t
557	556	162005    	CONCESIONES 	f	t
558	556	162010    	FRANQUICIAS	f	t
559	556	162099    	AJUSTES POR INFLACIÓN	f	t
560	543	1625      	DERECHOS	f	t
561	560	162505    	DERECHOS DE AUTOR	f	t
562	560	162510    	PUESTO DE BOLSA	f	t
563	560	162515    	EN FIDEICOMISOS INMOBILIARIOS	f	t
564	560	162520    	EN FIDEICOMISOS DE GARANTÍA	f	t
565	560	162525    	EN FIDEICOMISOS DE ADMINISTRACIÓN	f	t
566	560	162530    	DE EXHIBICIÓN - PELÍCULAS	f	t
567	560	162535    	EN BIENES RECIBIDOS EN ARRENDAMIENTO FINANCIERO (LEASING)	f	t
568	560	162595    	OTROS	f	t
569	560	162599    	AJUSTES POR INFLACIÓN	f	t
570	543	1630      	KNOW HOW	f	t
571	570	163099    	AJUSTES POR INFLACIÓN	f	t
572	543	1635      	LICENCIAS	f	t
573	572	163599    	AJUSTES POR INFLACIÓN	f	t
574	543	1698      	DEPRECIACIÓN Y/O AMORTIZACIÓN ACUMULADA	f	t
575	574	169805    	CRÉDITO MERCANTIL	f	t
576	574	169810    	MARCAS	f	t
577	574	169815    	PATENTES	f	t
578	574	169820    	CONCESIONES Y FRANQUICIAS	f	t
579	574	169830    	DERECHOS	f	t
580	574	169835    	KNOW HOW	f	t
581	574	169840    	LICENCIAS	f	t
582	574	169899    	AJUSTES POR INFLACIÓN	f	t
583	543	1699      	PROVISIONES	f	t
584	1	17        	DIFERIDOS	f	t
585	584	1705      	GASTOS PAGADOS POR ANTICIPADO 	f	t
586	585	170505    	INTERESES	f	t
587	585	170510    	HONORARIOS	f	t
588	585	170515    	COMISIONES	f	t
589	585	170520    	SEGUROS Y FIANZAS	f	t
590	585	170525    	ARRENDAMIENTOS	f	t
591	585	170530    	BODEGAJES	f	t
592	585	170535    	MANTENIMIENTO EQUIPOS	f	t
593	585	170540    	SERVICIOS	f	t
594	585	170545    	SUSCRIPCIONES	f	t
595	585	170595    	OTROS	f	t
596	584	1710      	CARGOS DIFERIDOS	f	t
597	596	171004    	ORGANIZACIÓN Y PREOPERATIVOS	f	t
598	596	171008    	REMODELACIONES	f	t
599	596	171012    	ESTUDIOS, INVESTIGACIONES Y PROYECTOS	f	t
600	596	171016    	PROGRAMAS PARA COMPUTADOR (SOFTWARE)	f	t
601	596	171020    	ÚTILES Y PAPELERÍA	f	t
602	596	171024    	MEJORAS A PROPIEDADES AJENAS	f	t
603	596	171028    	CONTRIBUCIONES Y AFILIACIONES	f	t
604	596	171032    	ENTRENAMIENTO DE PERSONAL	f	t
605	596	171036    	FERIAS Y EXPOSICIONES	f	t
606	596	171040    	LICENCIAS	f	t
607	596	171044    	PUBLICIDAD, PROPAGANDA Y PROMOCIÓN	f	t
608	596	171048    	ELEMENTOS DE ASEO Y CAFETERÍA	f	t
609	596	171052    	MOLDES Y TROQUELES	f	t
610	596	171056    	INSTRUMENTAL QUIRÚRGICO	f	t
611	596	171060    	DOTACIÓN Y SUMINISTRO A TRABAJADORES	f	t
612	596	171064    	ELEMENTOS DE ROPERÍA Y LENCERÍA	f	t
613	596	171068    	LOZA Y CRISTALERÍA	f	t
614	596	171069    	PLATERÍA	f	t
615	596	171070    	CUBIERTERÍA	f	t
616	596	171076    	IMPUESTO DE RENTA DIFERIDO "DÉBITOS" POR DIFERENCIAS TEMPORALES	f	t
617	596	171080    	CONCURSOS Y LICITACIONES	f	t
618	596	171095    	OTROS	f	t
619	596	171099    	AJUSTES POR INFLACIÓN	f	t
620	584	1715      	COSTOS DE EXPLORACIÓN POR AMORTIZAR 	f	t
621	620	171505    	POZOS SECOS	f	t
622	620	171510    	POZOS NO COMERCIALES	f	t
623	620	171515    	OTROS COSTOS DE EXPLORACIÓN	f	t
624	620	171599    	AJUSTES POR INFLACIÓN	f	t
625	584	1720      	COSTOS DE EXPLOTACIÓN Y DESARROLLO	f	t
626	625	172005    	PERFORACIÓN Y EXPLOTACIÓN	f	t
627	625	172010    	PERFORACIONES CAMPOS EN DESARROLLO	f	t
628	625	172015    	FACILIDADES DE PRODUCCIÓN	f	t
629	625	172020    	SERVICIO A POZOS	f	t
630	625	172099    	AJUSTES POR INFLACIÓN	f	t
631	584	1730      	CARGOS POR CORRECCIÓN MONETARIA DIFERIDA 	f	t
632	584	1798      	AMORTIZACIÓN ACUMULADA	f	t
633	632	179805    	COSTOS DE EXPLORACIÓN POR AMORTIZAR	f	t
634	632	179810    	COSTOS DE EXPLOTACIÓN Y DESARROLLO	f	t
635	632	179899    	AJUSTES POR INFLACIÓN	f	t
636	1	18        	OTROS ACTIVOS	f	t
637	636	1805      	BIENES DE ARTE Y CULTURA 	f	t
638	637	180505    	OBRAS DE ARTE	f	t
639	637	180510    	BIBLIOTECAS	f	t
640	637	180595    	OTROS	f	t
641	637	180599    	AJUSTES POR INFLACIÓN	f	t
642	636	1895      	DIVERSOS	f	t
643	642	189505    	MÁQUINAS PORTEADORAS	f	t
644	642	189510    	BIENES ENTREGADOS EN COMODATO	f	t
645	642	189515    	AMORTIZACIÓN ACUMULADA DE BIENES ENTREGADOS EN COMODATO (CR)	f	t
646	642	189520    	BIENES RECIBIDOS EN PAGO	f	t
647	642	189525    	DERECHOS SUCESORALES	f	t
648	642	189530    	ESTAMPILLAS	f	t
649	642	189595    	OTROS	f	t
650	642	189599    	AJUSTES POR INFLACIÓN	f	t
651	636	1899      	PROVISIONES	f	t
652	651	189905    	BIENES DE ARTE Y CULTURA	f	t
653	651	189995    	DIVERSOS	f	t
654	1	19        	VALORIZACIONES	f	t
655	654	1905      	DE INVERSIONES	f	t
656	655	190505    	ACCIONES	f	t
657	655	190510    	CUOTAS O PARTES DE INTERÉS SOCIAL	f	t
658	655	190515    	DERECHOS FIDUCIARIOS	f	t
659	654	1910      	DE PROPIEDADES, PLANTA Y EQUIPO 	f	t
660	659	191004    	TERRENOS	f	t
661	659	191006    	MATERIALES PROYECTOS PETROLEROS	f	t
662	659	191008    	CONSTRUCCIONES Y EDIFICACIONES	f	t
663	659	191012    	MAQUINARIA Y EQUIPO	f	t
664	659	191016    	EQUIPO DE OFICINA	f	t
665	659	191020    	EQUIPO DE COMPUTACIÓN Y COMUNICACIÓN	f	t
666	659	191024    	EQUIPO MÉDICO-CIENTÍFICO	f	t
667	659	191028    	EQUIPO DE HOTELES Y RESTAURANTES	f	t
668	659	191032    	FLOTA Y EQUIPO DE TRANSPORTE	f	t
669	659	191036    	FLOTA Y EQUIPO FLUVIAL Y/O MARÍTIMO	f	t
670	659	191040    	FLOTA Y EQUIPO AÉREO	f	t
671	659	191044    	FLOTA Y EQUIPO FÉRREO	f	t
672	659	191048    	ACUEDUCTOS, PLANTAS Y REDES	f	t
673	659	191052    	ARMAMENTO DE VIGILANCIA	f	t
674	659	191056    	ENVASES Y EMPAQUES	f	t
675	659	191060    	PLANTACIONES AGRÍCOLAS Y FORESTALES	f	t
676	659	191064    	VÍAS DE COMUNICACIÓN	f	t
677	659	191068    	MINAS Y CANTERAS	f	t
678	659	191072    	POZOS ARTESIANOS	f	t
679	659	191076    	YACIMIENTOS	f	t
680	659	191080    	SEMOVIENTES	f	t
681	654	1995      	DE OTROS ACTIVOS 	f	t
682	681	199505    	BIENES DE ARTE Y CULTURA	f	t
683	681	199510    	BIENES ENTREGADOS EN COMODATO	f	t
684	681	199515    	BIENES RECIBIDOS EN PAGO	f	t
685	681	199520    	INVENTARIO DE SEMOVIENTES	f	t
686	0	2         	PASIVO	f	t
687	686	21        	OBLIGACIONES FINANCIERAS	f	t
688	687	2105      	BANCOS NACIONALES 	f	t
689	688	210505    	SOBREGIROS	f	t
690	688	210510    	PAGARÉS	f	t
691	688	210515    	CARTAS DE CRÉDITO	f	t
692	688	210520    	ACEPTACIONES BANCARIAS	f	t
693	687	2110      	BANCOS DEL EXTERIOR	f	t
694	693	211005    	SOBREGIROS	f	t
695	693	211010    	PAGARÉS	f	t
696	693	211015    	CARTAS DE CRÉDITO	f	t
697	693	211020    	ACEPTACIONES BANCARIAS	f	t
698	687	2115      	CORPORACIONES FINANCIERAS 	f	t
699	698	211505    	PAGARÉS	f	t
700	698	211510    	ACEPTACIONES FINANCIERAS	f	t
701	698	211515    	CARTAS DE CRÉDITO	f	t
702	698	211520    	CONTRATOS DE ARRENDAMIENTO FINANCIERO (LEASING)	f	t
703	687	2120      	COMPAÑÍAS DE FINANCIAMIENTO COMERCIAL	f	t
704	703	212005    	PAGARÉS	f	t
705	703	212010    	ACEPTACIONES FINANCIERAS	f	t
706	703	212020    	CONTRATOS DE ARRENDAMIENTO FINANCIERO (LEASING)	f	t
707	687	2125      	CORPORACIONES DE AHORRO Y VIVIENDA 	f	t
708	707	212505    	SOBREGIROS	f	t
709	707	212510    	PAGARÉS	f	t
710	707	212515    	HIPOTECARIAS	f	t
711	687	2130      	ENTIDADES FINANCIERAS DEL EXTERIOR	f	t
712	687	2135      	COMPROMISOS DE RECOMPRA DE INVERSIONES NEGOCIADAS	f	t
713	712	213505    	ACCIONES	f	t
714	712	213510    	CUOTAS O PARTES DE INTERÉS SOCIAL	f	t
715	712	213515    	BONOS	f	t
716	712	213520    	CÉDULAS	f	t
717	712	213525    	CERTIFICADOS	f	t
718	712	213530    	PAPELES COMERCIALES	f	t
719	712	213535    	TÍTULOS	f	t
720	712	213540    	ACEPTACIONES BANCARIAS O FINANCIERAS	f	t
721	712	213595    	OTROS	f	t
722	687	2140      	COMPROMISOS DE RECOMPRA DE CARTERA NEGOCIADA	f	t
723	687	2145      	OBLIGACIONES GUBERNAMENTALES	f	t
724	723	214505    	GOBIERNO NACIONAL	f	t
725	723	214510    	ENTIDADES OFICIALES	f	t
726	687	2195      	OTRAS OBLIGACIONES	f	t
727	726	219505    	PARTICULARES	f	t
728	726	219510    	COMPAÑÍAS VINCULADAS	f	t
729	726	219515    	CASA MATRIZ	f	t
730	726	219520    	SOCIOS O ACCIONISTAS	f	t
731	726	219525    	FONDOS Y COOPERATIVAS	f	t
732	726	219530    	DIRECTORES	f	t
733	726	219595    	OTRAS	f	t
734	686	22        	PROVEEDORES	f	t
735	734	2205      	NACIONALES 	f	t
736	734	2210      	DEL EXTERIOR	f	t
737	734	2215      	CUENTAS CORRIENTES COMERCIALES 	f	t
738	734	2220      	CASA MATRIZ	f	t
739	734	2225      	COMPAÑÍAS VINCULADAS	f	t
740	686	23        	CUENTAS POR PAGAR	f	t
741	740	2305      	CUENTAS CORRIENTES COMERCIALES	f	t
742	740	2310      	A CASA MATRIZ	f	t
743	740	2315      	A COMPAÑÍAS VINCULADAS	f	t
744	740	2320      	A CONTRATISTAS	f	t
745	740	2330      	ÓRDENES DE COMPRA POR UTILIZAR	f	t
746	740	2335      	COSTOS Y GASTOS POR PAGAR	f	t
747	746	233505    	GASTOS FINANCIEROS	f	t
748	746	233510    	GASTOS LEGALES	f	t
749	746	233515    	LIBROS, SUSCRIPCIONES, PERIÓDICOS Y REVISTAS	f	t
750	746	233520    	COMISIONES	f	t
751	746	233525    	HONORARIOS	f	t
752	746	233530    	SERVICIOS TÉCNICOS	f	t
753	746	233535    	SERVICIOS DE MANTENIMIENTO	f	t
754	746	233540    	ARRENDAMIENTOS	f	t
755	746	233545    	TRANSPORTES, FLETES Y ACARREOS	f	t
756	746	233550    	SERVICIOS PÚBLICOS	f	t
757	746	233555    	SEGUROS	f	t
758	746	233560    	GASTOS DE VIAJE	f	t
759	746	233565    	GASTOS DE REPRESENTACIÓN Y RELACIONES PÚBLICAS	f	t
760	746	233570    	SERVICIOS ADUANEROS	f	t
761	746	233595    	OTROS	f	t
762	740	2340      	INSTALAMENTOS POR PAGAR 	f	t
763	740	2345      	ACREEDORES OFICIALES	f	t
764	740	2350      	REGALÍAS POR PAGAR	f	t
765	740	2355      	DEUDAS CON ACCIONISTAS O SOCIOS	f	t
766	765	235505    	ACCIONISTAS	f	t
767	765	235510    	SOCIOS	f	t
768	740	2357      	DEUDAS CON DIRECTORES	f	t
769	740	2360      	DIVIDENDOS O PARTICIPACIONES POR PAGAR 	f	t
770	769	236005    	DIVIDENDOS	f	t
771	769	236010    	PARTICIPACIONES	f	t
772	740	2365      	RETENCIÓN EN LA FUENTE	f	t
773	772	236505    	SALARIOS Y PAGOS LABORALES	f	t
774	772	236510    	DIVIDENDOS Y/O PARTICIPACIONES	f	t
775	772	236515    	HONORARIOS	f	t
776	772	236520    	COMISIONES	f	t
777	772	236525    	SERVICIOS	f	t
778	772	236530    	ARRENDAMIENTOS	f	t
779	772	236535    	RENDIMIENTOS FINANCIEROS	f	t
780	772	236540    	COMPRAS	f	t
781	772	236545    	LOTERÍAS, RIFAS, APUESTAS Y SIMILARES	f	t
782	772	236550    	POR PAGOS AL EXTERIOR	f	t
783	772	236555    	POR INGRESOS OBTENIDOS EN EL EXTERIOR	f	t
784	772	236560    	ENAJENACIÓN PROPIEDADES PLANTA Y EQUIPO, PERSONAS NATURALES	f	t
785	772	236565    	POR IMPUESTO DE TIMBRE	f	t
786	772	236570    	OTRAS RETENCIONES Y PATRIMONIO	f	t
787	772	236575    	AUTORRETENCIONES	f	t
788	740	2367      	IMPUESTO A LAS VENTAS RETENIDO	f	t
789	740	2368      	IMPUESTO DE INDUSTRIA Y COMERCIO RETENIDO	f	t
790	740	2370      	RETENCIONES Y APORTES DE NÓMINA	f	t
791	790	237005    	APORTES A ENTIDADES PROMOTORAS DE SALUD, EPS	f	t
792	790	237006    	APORTES A ADMINISTRADORAS DE RIESGOS PROFESIONALES, ARP	f	t
793	790	237010    	APORTES AL ICBF, SENA Y CAJAS DE COMPENSACIÓN	f	t
794	790	237015    	APORTES AL FIC	f	t
795	790	237025    	EMBARGOS JUDICIALES	f	t
796	790	237030    	LIBRANZAS	f	t
797	790	237035    	SINDICATOS	f	t
798	790	237040    	COOPERATIVAS	f	t
799	790	237045    	FONDOS	f	t
800	790	237095    	OTROS	f	t
801	740	2375      	CUOTAS POR DEVOLVER	f	t
802	740	2380      	ACREEDORES VARIOS	f	t
803	802	238005    	DEPOSITARIOS	f	t
804	802	238010    	COMISIONISTAS DE BOLSAS	f	t
805	802	238015    	SOCIEDAD ADMINISTRADORA-FONDOS DE INVERSIÓN	f	t
806	802	238020    	REINTEGROS POR PAGAR	f	t
807	802	238025    	FONDO DE PERSEVERANCIA	f	t
808	802	238030    	FONDOS DE CESANTÍAS Y/O PENSIONES	f	t
809	802	238035    	DONACIONES ASIGNADAS POR PAGAR	f	t
810	802	238095    	OTROS	f	t
811	686	24        	IMPUESTOS, GRAVÁMENES Y TASAS	f	t
812	811	2404      	DE RENTA Y COMPLEMENTARIOS	f	t
813	812	240405    	VIGENCIA FISCAL CORRIENTE	f	t
814	812	240410    	VIGENCIAS FISCALES ANTERIORES	f	t
815	811	2408      	IMPUESTO SOBRE LAS VENTAS POR PAGAR 	f	t
816	811	2412      	DE INDUSTRIA Y COMERCIO	f	t
817	816	241205    	VIGENCIA FISCAL CORRIENTE	f	t
818	816	241210    	VIGENCIAS FISCALES ANTERIORES	f	t
819	811	2416      	A LA PROPIEDAD RAÍZ	f	t
820	811	2420      	DERECHOS SOBRE INSTRUMENTOS PÚBLICOS 	f	t
821	811	2424      	DE VALORIZACIÓN 	f	t
822	821	242405    	VIGENCIA FISCAL CORRIENTE	f	t
823	821	242410    	VIGENCIAS FISCALES ANTERIORES	f	t
824	811	2428      	DE TURISMO	f	t
825	811	2432      	TASA POR UTILIZACIÓN DE PUERTOS	f	t
826	811	2436      	DE VEHÍCULOS	f	t
827	826	243605    	VIGENCIA FISCAL CORRIENTE	f	t
828	826	243610    	VIGENCIAS FISCALES ANTERIORES	f	t
829	811	2440      	DE ESPECTÁCULOS PÚBLICOS	f	t
830	811	2444      	DE HIDROCARBUROS Y MINAS	f	t
831	830	244405    	DE HIDROCARBUROS 	f	t
832	830	244410    	DE MINAS	f	t
833	811	2448      	REGALÍAS E IMPUESTOS A LA PEQUEÑA Y MEDIANA MINERÍA	f	t
834	811	2452      	A LAS EXPORTACIONES CAFETERAS	f	t
835	811	2456      	A LAS IMPORTACIONES	f	t
836	811	2460      	CUOTAS DE FOMENTO	f	t
837	811	2464      	DE LICORES, CERVEZAS Y CIGARRILLOS	f	t
838	837	246405    	DE LICORES	f	t
839	837	246410    	DE CERVEZAS	f	t
840	837	246415    	DE CIGARRILLOS	f	t
841	811	2468      	AL SACRIFICIO DE GANADO	f	t
842	811	2472      	AL AZAR Y JUEGOS	f	t
843	811	2476      	GRAVÁMENES Y REGALÍAS POR UTILIZACIÓN DEL SUELO	f	t
844	811	2495      	OTROS	f	t
845	686	25        	OBLIGACIONES LABORALES	f	t
846	845	2505      	SALARIOS POR PAGAR	f	t
847	845	2510      	CESANTÍAS CONSOLIDADAS	f	t
848	847	251005    	LEY LABORAL ANTERIOR	f	t
849	847	251010    	LEY 50 DE 1990 Y NORMAS POSTERIORES	f	t
850	845	2515      	INTERESES SOBRE CESANTÍAS 	f	t
851	845	2520      	PRIMA DE SERVICIOS	f	t
852	845	2525      	VACACIONES CONSOLIDADAS	f	t
853	845	2530      	PRESTACIONES EXTRALEGALES	f	t
854	853	253005    	PRIMAS	f	t
855	853	253010    	AUXILIOS	f	t
856	853	253015    	DOTACIÓN Y SUMINISTRO A TRABAJADORES	f	t
857	853	253020    	BONIFICACIONES	f	t
858	853	253025    	SEGUROS	f	t
859	853	253095    	OTRAS	f	t
860	845	2532      	PENSIONES POR PAGAR	f	t
861	845	2535      	CUOTAS PARTES PENSIONES DE JUBILACIÓN	f	t
862	845	2540      	INDEMNIZACIONES LABORALES	f	t
863	686	26        	PASIVOS ESTIMADOS Y PROVISIONES	f	t
864	863	2605      	PARA COSTOS Y GASTOS	f	t
865	864	260505    	INTERESES	f	t
866	864	260510    	COMISIONES	f	t
867	864	260515    	HONORARIOS	f	t
868	864	260520    	SERVICIOS TÉCNICOS	f	t
869	864	260525    	TRANSPORTES, FLETES Y ACARREOS	f	t
870	864	260530    	GASTOS DE VIAJE	f	t
871	864	260535    	SERVICIOS PÚBLICOS	f	t
872	864	260540    	REGALÍAS	f	t
873	864	260545    	GARANTÍAS	f	t
874	864	260550    	MATERIALES Y REPUESTOS	f	t
875	864	260595    	OTROS	f	t
876	863	2610      	PARA OBLIGACIONES LABORALES 	f	t
877	876	261005    	CESANTÍAS	f	t
878	876	261010    	INTERESES SOBRE CESANTÍAS	f	t
879	876	261015    	VACACIONES	f	t
880	876	261020    	PRIMA DE SERVICIOS	f	t
881	876	261025    	PRESTACIONES EXTRALEGALES	f	t
882	876	261030    	VIÁTICOS	f	t
883	876	261095    	OTRAS	f	t
884	863	2615      	PARA OBLIGACIONES FISCALES	f	t
885	884	261505    	DE RENTA Y COMPLEMENTARIOS	f	t
886	884	261510    	DE INDUSTRIA Y COMERCIO	f	t
887	884	261515    	TASA POR UTILIZACIÓN DE PUERTOS	f	t
888	884	261520    	DE VEHÍCULOS	f	t
889	884	261525    	DE HIDROCARBUROS Y MINAS	f	t
890	884	261595    	OTROS	f	t
891	884	262005    	CÁLCULO ACTUARIAL PENSIONES DE JUBILACIÓN	f	t
892	884	262010    	PENSIONES DE JUBILACIÓN POR AMORTIZAR (DB)	f	t
893	863	2625      	PARA OBRAS DE URBANISMO	f	t
894	893	262505    	ACUEDUCTO Y ALCANTARILLADO	f	t
895	893	262510    	ENERGÍA ELÉCTRICA	f	t
896	893	262515    	TELÉFONOS	f	t
897	893	262595    	OTROS	f	t
898	863	2630      	PARA MANTENIMIENTO Y REPARACIONES 	f	t
899	898	263005    	TERRENOS	f	t
900	898	263010    	CONSTRUCCIONES Y EDIFICACIONES	f	t
901	898	263015    	MAQUINARIA Y EQUIPO	f	t
902	898	263020    	EQUIPO DE OFICINA	f	t
903	898	263025    	EQUIPO DE COMPUTACIÓN Y COMUNICACIÓN	f	t
904	898	263030    	EQUIPO MÉDICO-CIENTÍFICO	f	t
905	898	263035    	EQUIPO DE HOTELES Y RESTAURANTES	f	t
906	898	263040    	FLOTA Y EQUIPO DE TRANSPORTE	f	t
907	898	263045    	FLOTA Y EQUIPO FLUVIAL Y/O MARÍTIMO	f	t
908	898	263050    	FLOTA Y EQUIPO AÉREO	f	t
909	898	263055    	FLOTA Y EQUIPO FÉRREO	f	t
910	898	263060    	ACUEDUCTOS, PLANTAS Y REDES	f	t
911	898	263065    	ARMAMENTO DE VIGILANCIA	f	t
912	898	263070    	ENVASES Y EMPAQUES	f	t
913	898	263075    	PLANTACIONES AGRÍCOLAS Y FORESTALES	f	t
914	898	263080    	VÍAS DE COMUNICACIÓN	f	t
915	898	263085    	POZOS ARTESIANOS	f	t
916	898	263095    	OTROS	f	t
917	863	2635      	PARA CONTINGENCIAS	f	t
918	917	263505    	MULTAS Y SANCIONES AUTORIDADES ADMINISTRATIVAS	f	t
919	917	263510    	INTERESES POR MULTAS Y SANCIONES	f	t
920	917	263515    	RECLAMOS	f	t
921	917	263520    	LABORALES	f	t
922	917	263525    	CIVILES	f	t
923	917	263530    	PENALES	f	t
924	917	263535    	ADMINISTRATIVOS	f	t
925	917	263540    	COMERCIALES	f	t
926	917	263595    	OTRAS	f	t
927	863	2640      	PARA OBLIGACIONES DE GARANTÍAS	f	t
928	863	2695      	PROVISIONES DIVERSAS	f	t
929	928	269505    	PARA BENEFICENCIA	f	t
930	928	269510    	PARA COMUNICACIONES	f	t
931	928	269515    	PARA PÉRDIDA EN TRANSPORTE	f	t
932	928	269520    	PARA OPERACIÓN	f	t
933	928	269525    	PARA PROTECCIÓN DE BIENES AGOTABLES	f	t
934	928	269530    	PARA AJUSTES EN REDENCIÓN DE UNIDADES	f	t
935	928	269535    	AUTOSEGURO	f	t
936	928	269540    	PLANES Y PROGRAMAS DE REFORESTACIÓN Y ELECTRIFICACIÓN	f	t
937	928	269595    	OTRAS	f	t
938	686	27        	DIFERIDOS	f	t
939	938	2705      	INGRESOS RECIBIDOS POR ANTICIPADO 	f	t
940	939	270505    	INTERESES	f	t
941	939	270510    	COMISIONES	f	t
942	939	270515    	ARRENDAMIENTOS	f	t
943	939	270520    	HONORARIOS	f	t
944	939	270525    	SERVICIOS TÉCNICOS	f	t
945	939	270530    	DE SUSCRIPTORES	f	t
946	939	270535    	TRANSPORTES, FLETES Y ACARREOS	f	t
947	939	270540    	MERCANCÍA EN TRÁNSITO YA VENDIDA	f	t
948	939	270545    	MATRÍCULAS Y PENSIONES	f	t
949	939	270550    	CUOTAS DE ADMINISTRACIÓN	f	t
950	939	270595    	OTROS	f	t
951	938	2710      	ABONOS DIFERIDOS	f	t
952	951	271005    	REAJUSTE DEL SISTEMA	f	t
953	938	2715      	UTILIDAD DIFERIDA EN VENTAS A PLAZOS 	f	t
954	938	2720      	CRÉDITO POR CORRECCIÓN MONETARIA DIFERIDA	f	t
955	938	2725      	IMPUESTOS DIFERIDOS	f	t
956	955	272505    	POR DEPRECIACIÓN FLEXIBLE	f	t
957	955	272595    	DIVERSOS	f	t
958	955	272599    	AJUSTES POR INFLACIÓN	f	t
959	686	28        	OTROS PASIVOS	f	t
960	959	2805      	ANTICIPOS Y AVANCES RECIBIDOS	f	t
961	960	280505    	DE CLIENTES	f	t
962	960	280510    	SOBRE CONTRATOS	f	t
963	960	280515    	PARA OBRAS EN PROCESO	f	t
964	960	280595    	OTROS	f	t
965	959	2810      	DEPÓSITOS RECIBIDOS 	f	t
966	965	281005    	PARA FUTURA SUSCRIPCIÓN DE ACCIONES	f	t
967	965	281010    	PARA FUTURO PAGO DE CUOTAS O DERECHOS SOCIALES	f	t
968	965	281015    	PARA GARANTÍA EN LA PRESTACIÓN DE SERVICIOS	f	t
969	965	281020    	PARA GARANTÍA DE CONTRATOS	f	t
970	965	281025    	DE LICITACIONES	f	t
971	965	281030    	DE MANEJO DE BIENES	f	t
972	965	281035    	FONDO DE RESERVA	f	t
973	965	281095    	OTROS	f	t
974	959	2815      	INGRESOS RECIBIDOS PARA TERCEROS 	f	t
975	974	281505    	VALORES RECIBIDOS PARA TERCEROS	f	t
976	974	281510    	VENTA POR CUENTA DE TERCEROS	f	t
977	959	2820      	CUENTAS DE OPERACIÓN CONJUNTA 	f	t
978	959	2825      	RETENCIONES A TERCEROS SOBRE CONTRATOS	f	t
979	978	282505    	CUMPLIMIENTO OBLIGACIONES LABORALES	f	t
980	978	282510    	PARA ESTABILIDAD DE OBRA	f	t
981	978	282515    	GARANTÍA CUMPLIMIENTO DE CONTRATOS	f	t
982	959	2830      	EMBARGOS JUDICIALES 	f	t
983	982	283005    	INDEMNIZACIONES	f	t
984	982	283010    	DEPÓSITOS JUDICIALES	f	t
985	959	2835      	ACREEDORES DEL SISTEMA	f	t
986	985	283505    	CUOTAS NETAS	f	t
987	985	283510    	GRUPOS EN FORMACIÓN	f	t
988	959	2840      	CUENTAS EN PARTICIPACIÓN	f	t
989	959	2895      	DIVERSOS 	f	t
990	989	289505    	PRÉSTAMOS DE PRODUCTOS	f	t
991	989	289510    	REEMBOLSO DE COSTOS EXPLORATORIOS	f	t
992	989	289515    	PROGRAMA DE EXTENSIÓN AGROPECUARIA	f	t
993	686	29        	BONOS Y PAPELES COMERCIALES	f	t
994	993	2905      	BONOS EN CIRCULACIÓN	f	t
995	993	2910      	BONOS OBLIGATORIAMENTE CONVERTIBLES EN ACCIONES 	f	t
996	993	2915      	PAPELES COMERCIALES	f	t
997	993	2920      	BONOS PENSIONALES	f	t
998	997	292005    	VALOR BONOS PENSIONALES	f	t
999	997	292010    	BONOS PENSIONALES POR AMORTIZAR (DB)	f	t
1000	997	292015    	INTERESES CAUSADOS SOBRE BONOS PENSIONALES	f	t
1001	993	2925      	TÍTULOS PENSIONALES	f	t
1002	1001	292505    	VALOR TÍTULOS PENSIONALES	f	t
1003	1001	292510    	TÍTULOS PENSIONALES POR AMORTIZAR (DB)	f	t
1004	1001	292515    	INTERESES CAUSADOS SOBRE TÍTULOS PENSIONALES	f	t
1005	0	3         	PATRIMONIO	f	t
1006	1005	31        	CAPITAL SOCIAL	f	t
1007	1006	3105      	CAPITAL SUSCRITO Y PAGADO 	f	t
1008	1007	310505    	CAPITAL AUTORIZADO	f	t
1009	1007	310510    	 CAPITAL POR SUSCRIBIR (DB)	f	t
1010	1007	310515    	CAPITAL SUSCRITO POR COBRAR (DB)	f	t
1011	1006	3115      	APORTES SOCIALES	f	t
1012	1011	311505    	CUOTAS O PARTES DE INTERÉS SOCIAL	f	t
1013	1011	311510    	APORTES DE SOCIOS-FONDO MUTUO DE INVERSIÓN	f	t
1014	1011	311515    	CONTRIBUCIÓN DE LA EMPRESA-FONDO MUTUO DE INVERSIÓN	f	t
1015	1011	311520    	SUSCRIPCIONES DEL PÚBLICO	f	t
1016	1006	3120      	CAPITAL ASIGNADO	f	t
1017	1006	3125      	INVERSIÓN SUPLEMENTARIA AL CAPITAL ASIGNADO	f	t
1018	1006	3130      	CAPITAL DE PERSONAS NATURALES	f	t
1019	1006	3135      	APORTES DEL ESTADO	f	t
1020	1006	3140      	FONDO SOCIAL	f	t
1021	1005	32        	SUPERÁVIT DE CAPITAL	f	t
1022	1021	3205      	PRIMA EN COLOCACIÓN DE ACCIONES, CUOTAS O PARTES DE INTERÉS SOCIAL	f	t
1023	1022	320505    	PRIMA EN COLOCACIÓN DE ACCIONES	f	t
1024	1022	320510    	PRIMA EN COLOCACIÓN DE ACCIONES POR COBRAR (DB)	f	t
1025	1022	320515    	PRIMA EN COLOCACIÓN DE CUOTAS O PARTES DE INTERÉS SOCIAL	f	t
1026	1021	3210      	DONACIONES	f	t
1027	1026	321005    	EN DINERO	f	t
1028	1026	321010    	EN VALORES MOBILIARIOS	f	t
1029	1026	321015    	EN BIENES MUEBLES	f	t
1030	1026	321020    	EN BIENES INMUEBLES	f	t
1031	1026	321025    	EN INTANGIBLES	f	t
1032	1021	3215      	CRÉDITO MERCANTIL	f	t
1033	1021	3220      	KNOW HOW	f	t
1034	1021	3225      	SUPERÁVIT MÉTODO DE PARTICIPACIÓN	f	t
1035	1034	322505    	DE ACCIONES	f	t
1036	1034	322510    	DE CUOTAS O PARTES DE INTERÉS SOCIAL	f	t
1037	1005	33        	RESERVAS	f	t
1038	1037	3305      	RESERVAS OBLIGATORIAS	f	t
1039	1038	330505    	RESERVA LEGAL	f	t
1040	1038	330510    	RESERVAS POR DISPOSICIONES FISCALES	f	t
1041	1038	330515    	RESERVA PARA READQUISICIÓN DE ACCIONES	f	t
1042	1038	330516    	ACCIONES PROPIAS READQUIRIDAS (DB)	f	t
1043	1038	330517    	RESERVA PARA READQUISICIÓN DE CUOTAS O PARTES DE INTERÉS SOCIAL	f	t
1044	1038	330518    	CUOTAS O PARTES DE INTERÉS SOCIAL PROPIAS READQUIRIDAS (DB)	f	t
1045	1038	330520    	RESERVA PARA EXTENSIÓN AGROPECUARIA	f	t
1046	1038	330525    	RESERVA LEY 7ª DE 1990	f	t
1047	1038	330530    	RESERVA PARA REPOSICIÓN DE SEMOVIENTES	f	t
1048	1038	330535    	RESERVA LEY 4ª DE 1980	f	t
1049	1038	330595    	OTRAS	f	t
1050	1037	3310      	RESERVAS ESTATUTARIAS	f	t
1051	1050	331005    	PARA FUTURAS CAPITALIZACIONES	f	t
1052	1050	331010    	PARA REPOSICIÓN DE ACTIVOS	f	t
1053	1050	331015    	PARA FUTUROS ENSANCHES	f	t
1054	1050	331095    	OTRAS	f	t
1055	1037	3315      	RESERVAS OCASIONALES 	f	t
1056	1055	331505    	PARA BENEFICENCIA Y CIVISMO	f	t
1057	1055	331510    	PARA FUTURAS CAPITALIZACIONES	f	t
1058	1055	331515    	PARA FUTUROS ENSANCHES	f	t
1059	1055	331520    	PARA ADQUISICIÓN O REPOSICIÓN DE PROPIEDADES, PLANTA Y EQUIPO	f	t
1060	1055	331525    	PARA INVESTIGACIONES Y DESARROLLO	f	t
1061	1055	331530    	PARA FOMENTO ECONÓMICO	f	t
1062	1055	331535    	PARA CAPITAL DE TRABAJO	f	t
1063	1055	331540    	PARA ESTABILIZACIÓN DE RENDIMIENTOS	f	t
1064	1055	331545    	A DISPOSICIÓN DEL MÁXIMO ÓRGANO SOCIAL	f	t
1065	1055	331595    	OTRAS	f	t
1066	1005	34        	REVALORIZACIÓN DEL PATRIMONIO	f	t
1067	1066	3405      	AJUSTES POR INFLACIÓN**	f	t
1068	1067	340505    	DE CAPITAL SOCIAL	f	t
1069	1067	340510    	DE SUPERÁVIT DE CAPITAL	f	t
1070	1067	340515    	DE RESERVAS	f	t
1071	1067	340520    	DE RESULTADOS DE EJERCICIOS ANTERIORES	f	t
1072	1067	340525    	DE ACTIVOS EN PERÍODO IMPRODUCTIVO	f	t
1073	1067	340530    	DE SANEAMIENTO FISCAL	f	t
1074	1067	340535    	DE AJUSTES DECRETO 3019 DE 1989	f	t
1075	1067	340540    	DE DIVIDENDOS Y PARTICIPACIONES DECRETADAS EN ACCIONES, CUOTAS O PARTES DE INTERÉS SOCIAL	f	t
1076	1067	340545    	SUPERÁVIT MÉTODO DE PARTICIPACIÓN	f	t
1077	1066	3410      	SANEAMIENTO FISCAL	f	t
1078	1066	3415      	AJUSTES POR INFLACIÓN DECRETO 3019 DE 1989	f	t
1079	1005	35        	DIVIDENDOS O PARTICIPACIONES DECRETADOS EN ACCIONES, CUOTAS O PARTES DE INTERÉS SOCIAL	f	t
1080	1079	3505      	DIVIDENDOS DECRETADOS EN ACCIONES 	f	t
1081	1079	3510      	PARTICIPACIONES DECRETADAS EN CUOTAS O PARTES DE INTERÉS SOCIAL	f	t
1082	1005	36        	RESULTADOS DEL EJERCICIO	f	t
1083	1082	3605      	UTILIDAD DEL EJERCICIO	f	t
1084	1082	3610      	PÉRDIDA DEL EJERCICIO 	f	t
1085	1005	37        	RESULTADOS DE EJERCICIOS ANTERIORES	f	t
1086	1085	3705      	UTILIDADES ACUMULADAS	f	t
1087	1085	3710      	PÉRDIDAS ACUMULADAS	f	t
1088	1005	38        	SUPERÁVIT POR VALORIZACIONES	f	t
1089	1088	3805      	DE INVERSIONES	f	t
1090	1089	380505    	ACCIONES	f	t
1091	1089	380510    	CUOTAS O PARTES DE INTERÉS SOCIAL	f	t
1092	1089	380515    	DERECHOS FIDUCIARIOS	f	t
1093	1088	3810      	DE PROPIEDADES, PLANTA Y EQUIPO	f	t
1094	1093	381004    	TERRENOS	f	t
1095	1093	381006    	MATERIALES PROYECTOS PETROLEROS	f	t
1096	1093	381008    	CONSTRUCCIONES Y EDIFICACIONES	f	t
1097	1093	381012    	MAQUINARIA Y EQUIPO	f	t
1098	1093	381016    	EQUIPO DE OFICINA	f	t
1099	1093	381020    	EQUIPO DE COMPUTACIÓN Y COMUNICACIÓN	f	t
1100	1093	381024    	EQUIPO MÉDICO-CIENTÍFICO	f	t
1101	1093	381028    	EQUIPO DE HOTELES Y RESTAURANTES	f	t
1102	1093	381032    	FLOTA Y EQUIPO DE TRANSPORTE	f	t
1103	1093	381036    	FLOTA Y EQUIPO FLUVIAL Y/O MARÍTIMO	f	t
1104	1093	381040    	FLOTA Y EQUIPO AÉREO	f	t
1105	1093	381044    	FLOTA Y EQUIPO FÉRREO	f	t
1106	1093	381048    	ACUEDUCTOS, PLANTAS Y REDES	f	t
1107	1093	381052    	ARMAMENTO DE VIGILANCIA	f	t
1108	1093	381056    	ENVASES Y EMPAQUES	f	t
1109	1093	381060    	PLANTACIONES AGRÍCOLAS Y FORESTALES	f	t
1110	1093	381064    	VÍAS DE COMUNICACIÓN	f	t
1111	1093	381068    	MINAS Y CANTERAS	f	t
1112	1093	381072    	POZOS ARTESIANOS	f	t
1113	1093	381076    	YACIMIENTOS	f	t
1114	1093	381080    	SEMOVIENTES	f	t
1115	1088	3895      	DE OTROS ACTIVOS 	f	t
1116	1115	389505    	BIENES DE ARTE Y CULTURA	f	t
1117	1115	389510    	BIENES ENTREGADOS EN COMODATO	f	t
1118	1115	389515    	BIENES RECIBIDOS EN PAGO	f	t
1119	1115	389520    	INVENTARIO DE SEMOVIENTES	f	t
1120	0	4         	INGRESOS	f	t
1121	1120	41        	OPERACIONALES	f	t
1122	1121	4105      	AGRICULTURA, GANADERÍA, CAZA Y SILVICULTURA 	f	t
1123	1122	410505    	CULTIVO DE CEREALES	f	t
1124	1122	410510    	CULTIVOS DE HORTALIZAS, LEGUMBRES Y PLANTAS ORNAMENTALES	f	t
1125	1122	410515    	CULTIVOS DE FRUTAS, NUECES Y PLANTAS AROMÁTICAS	f	t
1126	1122	410520    	CULTIVO DE CAFÉ	f	t
1127	1122	410525    	CULTIVO DE FLORES	f	t
1128	1122	410530    	CULTIVO DE CAÑA DE AZÚCAR	f	t
1129	1122	410535    	CULTIVO DE ALGODÓN Y PLANTAS PARA MATERIAL TEXTIL	f	t
1130	1122	410540    	CULTIVO DE BANANO	f	t
1131	1122	410545    	OTROS CULTIVOS AGRÍCOLAS	f	t
1132	1122	410550    	CRÍA DE OVEJAS, CABRAS, ASNOS, MULAS Y BURDÉGANOS	f	t
1133	1122	410555    	CRÍA DE GANADO CABALLAR Y VACUNO	f	t
1134	1122	410560    	PRODUCCIÓN AVÍCOLA	f	t
1135	1122	410565    	CRÍA DE OTROS ANIMALES	f	t
1136	1122	410570    	SERVICIOS AGRÍCOLAS Y GANADEROS	f	t
1137	1122	410575    	ACTIVIDAD DE CAZA	f	t
1138	1122	410580    	ACTIVIDAD DE SILVICULTURA	f	t
1139	1122	410595    	ACTIVIDADES CONEXAS	f	t
1140	1122	410599    	AJUSTES POR INFLACIÓN)*	f	t
1141	1121	4110      	PESCA	f	t
1142	1141	411005    	ACTIVIDAD DE PESCA	f	t
1143	1141	411010    	EXPLOTACIÓN DE CRIADEROS DE PECES	f	t
1144	1141	411095    	ACTIVIDADES CONEXAS	f	t
1145	1141	411099    	AJUSTES POR INFLACIÓN)*	f	t
1146	1121	4115      	EXPLOTACIÓN DE MINAS Y CANTERAS 	f	t
1147	1146	411505    	CARBÓN	f	t
1148	1146	411510    	PETRÓLEO CRUDO	f	t
1149	1146	411512    	GAS NATURAL	f	t
1150	1146	411514    	SERVICIOS RELACIONADOS CON EXTRACCIÓN DE PETRÓLEO Y GAS	f	t
1151	1146	411515    	MINERALES DE HIERRO	f	t
1152	1146	411520    	MINERALES METALÍFEROS NO FERROSOS	f	t
1153	1146	411525    	PIEDRA, ARENA Y ARCILLA	f	t
1154	1146	411527    	PIEDRAS PRECIOSAS	f	t
1155	1146	411528    	ORO	f	t
1156	1146	411530    	OTRAS MINAS Y CANTERAS	f	t
1157	1146	411532    	PRESTACIÓN DE SERVICIOS SECTOR MINERO	f	t
1158	1146	411595    	ACTIVIDADES CONEXAS	f	t
1159	1146	411599    	AJUSTES POR INFLACIÓN)*	f	t
1160	1121	4120      	INDUSTRIAS MANUFACTURERAS	f	t
1161	1160	412001    	PRODUCCIÓN Y PROCESAMIENTO DE CARNES Y PRODUCTOS CÁRNICOS	f	t
1162	1160	412002    	PRODUCTOS DE PESCADO	f	t
1163	1160	412003    	PRODUCTOS DE FRUTAS, LEGUMBRES Y HORTALIZAS	f	t
1164	1160	412004    	ELABORACIÓN DE ACEITES Y GRASAS	f	t
1165	1160	412005    	ELABORACIÓN DE PRODUCTOS LÁCTEOS	f	t
1166	1160	412006    	ELABORACIÓN DE PRODUCTOS DE MOLINERÍA	f	t
1167	1160	412007    	ELABORACIÓN DE ALMIDONES Y DERIVADOS	f	t
1168	1160	412008    	ELABORACIÓN DE ALIMENTOS PARA ANIMALES	f	t
1169	1160	412009    	ELABORACIÓN DE PRODUCTOS PARA PANADERÍA	f	t
1170	1160	412010    	ELABORACIÓN DE AZÚCAR Y MELAZAS	f	t
1171	1160	412011    	ELABORACIÓN DE CACAO, CHOCOLATE Y CONFITERÍA	f	t
1172	1160	412012    	ELABORACIÓN DE PASTAS Y PRODUCTOS FARINÁCEOS	f	t
1173	1160	412013    	ELABORACIÓN DE PRODUCTOS DE CAFÉ	f	t
1174	1160	412014    	ELABORACIÓN DE OTROS PRODUCTOS ALIMENTICIOS	f	t
1175	1160	412015    	ETÍLICOELABORACIÓN DE BEBIDAS ALCOHÓLICAS Y ALCOHOL 	f	t
1176	1160	412016    	ELABORACIÓN DE VINOS	f	t
1177	1160	412017    	ELABORACIÓN DE BEBIDAS MALTEADAS Y DE MALTA	f	t
1178	1160	412018    	ELABORACIÓN DE BEBIDAS NO ALCOHÓLICAS	f	t
1179	1160	412019    	ELABORACIÓN DE PRODUCTOS DE TABACO	f	t
1180	1160	412020    	PREPARACIÓN E HILATURA DE FIBRAS TEXTILES Y TEJEDURÍA	f	t
1181	1160	412021    	ACABADO DE PRODUCTOS TEXTILES	f	t
1182	1160	412022    	ELABORACIÓN DE ARTÍCULOS DE MATERIALES TEXTILES	f	t
1183	1160	412023    	ELABORACIÓN DE TAPICES Y ALFOMBRAS	f	t
1184	1160	412024    	ELABORACIÓN DE CUERDAS, CORDELES, BRAMANTES Y REDES	f	t
1185	1160	412025    	ELABORACIÓN DE OTROS PRODUCTOS TEXTILES	f	t
1186	1160	412026    	ELABORACIÓN DE TEJIDOS	f	t
1187	1160	412027    	ELABORACIÓN DE PRENDAS DE VESTIR	f	t
1188	1160	412028    	PREPARACIÓN, ADOBO Y TEÑIDO DE PIELES	f	t
1189	1160	412029    	CURTIDO, ADOBO O PREPARACIÓN DE CUERO	f	t
1190	1160	412030    	ELABORACIÓN DE MALETAS, BOLSOS Y SIMILARES	f	t
1191	1160	412031    	ELABORACIÓN DE CALZADO	f	t
1192	1160	412032    	PRODUCCIÓN DE MADERA, ARTÍCULOS DE MADERA Y CORCHO	f	t
1193	1160	412033    	ELABORACIÓN DE PASTA Y PRODUCTOS DE MADERA, PAPEL Y CARTÓN	f	t
1194	1160	412034    	EDICIONES Y PUBLICACIONES	f	t
1195	1160	412035    	IMPRESIÓN	f	t
1196	1160	412036    	SERVICIOS RELACIONADOS CON LA EDICIÓN Y LA IMPRESIÓN	f	t
1197	1160	412037    	REPRODUCCIÓN DE GRABACIONES	f	t
1198	1160	412038    	ELABORACIÓN DE PRODUCTOS DE HORNO DE COQUE	f	t
1199	1160	412039    	ELABORACIÓN DE PRODUCTOS DE LA REFINACIÓN DE PETRÓLEO	f	t
1200	1160	412040    	ELABORACIÓN DE SUSTANCIAS QUÍMICAS BÁSICAS	f	t
1201	1160	412041    	ELABORACIÓN DE ABONOS Y COMPUESTOS DE NITRÓGENO	f	t
1202	1160	412042    	ELABORACIÓN DE PLÁSTICO Y CAUCHO SINTÉTICO	f	t
1203	1160	412043    	ELABORACIÓN DE PRODUCTOS QUÍMICOS DE USO AGROPECUARIO	f	t
1204	1160	412044    	ELABORACIÓN DE PINTURAS, TINTAS Y MASILLAS	f	t
1205	1160	412045    	ELABORACIÓN DE PRODUCTOS FARMACÉUTICOS Y BOTÁNICOS	f	t
1206	1160	412046    	ELABORACIÓN DE JABONES, DETERGENTES Y PREPARADOS DE TOCADOR	f	t
1207	1160	412047    	ELABORACIÓN DE OTROS PRODUCTOS QUÍMICOS	f	t
1208	1160	412048    	ELABORACIÓN DE FIBRAS	f	t
1209	1160	412049    	ELABORACIÓN DE OTROS PRODUCTOS DE CAUCHO	f	t
1210	1160	412050    	ELABORACIÓN DE PRODUCTOS DE PLÁSTICO	f	t
1211	1160	412051    	ELABORACIÓN DE VIDRIO Y PRODUCTOS DE VIDRIO	f	t
1212	1160	412052    	ELABORACIÓN DE PRODUCTOS DE CERÁMICA, LOZA, PIEDRA, ARCILLA Y PORCELANA	f	t
1213	1160	412053    	ELABORACIÓN DE CEMENTO, CAL Y YESO	f	t
1214	1160	412054    	ELABORACIÓN DE ARTÍCULOS DE HORMIGÓN, CEMENTO Y YESO	f	t
1215	1160	412055    	CORTE, TALLADO Y ACABADO DE LA PIEDRA	f	t
1216	1160	412056    	ELABORACIÓN DE OTROS PRODUCTOS MINERALES NO METÁLICOS	f	t
1217	1160	412057    	INDUSTRIAS BÁSICAS Y FUNDICIÓN DE HIERRO Y ACERO	f	t
1218	1160	412058    	PRODUCTOS PRIMARIOS DE METALES PRECIOSOS Y DE METALES NO FERROSOS	f	t
1219	1160	412059    	FUNDICIÓN DE METALES NO FERROSOS	f	t
1220	1160	412060    	FABRICACIÓN DE PRODUCTOS METÁLICOS PARA USO ESTRUCTURAL	f	t
1221	1160	412061    	FORJA, PRENSADO, ESTAMPADO, LAMINADO DE METAL Y PULVIMETALURGIA	f	t
1222	1160	412062    	REVESTIMIENTO DE METALES Y OBRAS DE INGENIERÍA MECÁNICA	f	t
1223	1160	412063    	FABRICACIÓN DE ARTÍCULOS DE FERRETERÍA	f	t
1224	1160	412064    	ELABORACIÓN DE OTROS PRODUCTOS DE METAL	f	t
1225	1160	412065    	FABRICACIÓN DE MAQUINARIA Y EQUIPO	f	t
1226	1160	412066    	FABRICACIÓN DE EQUIPOS DE ELEVACIÓN Y MANIPULACIÓN	f	t
1227	1160	412067    	ELABORACIÓN DE APARATOS DE USO DOMÉSTICO	f	t
1228	1160	412068    	ELABORACIÓN DE EQUIPO DE OFICINA	f	t
1229	1160	412069    	ELABORACIÓN DE PILAS Y BATERÍAS PRIMARIAS	f	t
1230	1160	412070    	ELABORACIÓN DE EQUIPO DE ILUMINACIÓN	f	t
1231	1160	412071    	ELABORACIÓN DE OTROS TIPOS DE EQUIPO ELÉCTRICO	f	t
1232	1160	412072    	FABRICACIÓN DE EQUIPOS DE RADIO, TELEVISIÓN Y COMUNICACIONES	f	t
1233	1160	412073    	FABRICACIÓN DE APARATOS E INSTRUMENTOS MÉDICOS	f	t
1234	1160	412074    	FABRICACIÓN DE INSTRUMENTOS DE MEDICIÓN Y CONTROL	f	t
1235	1160	412075    	FABRICACIÓN DE INSTRUMENTOS DE ÓPTICA Y EQUIPO FOTOGRÁFICO	f	t
1236	1160	412076    	FABRICACIÓN DE RELOJES	f	t
1237	1160	412077    	FABRICACIÓN DE VEHÍCULOS AUTOMOTORES	f	t
1238	1160	412078    	FABRICACIÓN DE CARROCERÍAS PARA AUTOMOTORES	f	t
1239	1160	412079    	FABRICACIÓN DE PARTES PIEZAS Y ACCESORIOS PARA AUTOMOTORES	f	t
1240	1160	412080    	FABRICACIÓN Y REPARACIÓN DE BUQUES Y OTRAS EMBARCACIONES	f	t
1241	1160	412081    	FABRICACIÓN DE LOCOMOTORAS Y MATERIAL RODANTE PARA FERROCARRILES	f	t
1242	1160	412082    	FABRICACIÓN DE AERONAVES	f	t
1243	1160	412083    	FABRICACIÓN DE MOTOCICLETAS	f	t
1244	1160	412084    	FABRICACIÓN DE BICICLETAS Y SILLAS DE RUEDAS	f	t
1245	1160	412085    	FABRICACIÓN DE OTROS TIPOS DE TRANSPORTE	f	t
1246	1160	412086    	FABRICACIÓN DE MUEBLES	f	t
1247	1160	412087    	FABRICACIÓN DE JOYAS Y ARTÍCULOS CONEXOS	f	t
1248	1160	412088    	FABRICACIÓN DE INSTRUMENTOS DE MÚSICA	f	t
1249	1160	412089    	FABRICACIÓN DE ARTÍCULOS Y EQUIPO PARA DEPORTE	f	t
1250	1160	412090    	FABRICACIÓN DE JUEGOS Y JUGUETES	f	t
1251	1160	412091    	RECICLAMIENTO DE DESPERDICIOS	f	t
1252	1160	412095    	PRODUCTOS DE OTRAS INDUSTRIAS MANUFACTURERAS	f	t
1253	1160	412099    	AJUSTES POR INFLACIÓN	f	t
1254	1121	4125      	SUMINISTRO DE ELECTRICIDAD, GAS Y AGUA	f	t
1255	1254	412505    	GENERACIÓN, CAPTACIÓN Y DISTRIBUCIÓN DE ENERGÍA ELÉCTRICA	f	t
1256	1254	412510    	FABRICACIÓN DE GAS Y DISTRIBUCIÓN DE COMBUSTIBLES GASEOSOS	f	t
1257	1254	412515    	CAPTACIÓN, DEPURACIÓN Y DISTRIBUCIÓN DE AGUA 	f	t
1258	1254	412595    	ACTIVIDADES CONEXAS	f	t
1259	1254	412599    	AJUSTES POR INFLACIÓN)*	f	t
1260	1121	4130      	CONSTRUCCIÓN 	f	t
1261	1260	413005    	PREPARACIÓN DE TERRENOS	f	t
1262	1260	413010    	CONSTRUCCIÓN DE EDIFICIOS Y OBRAS DE INGENIERÍA CIVIL	f	t
1263	1260	413015    	ACONDICIONAMIENTO DE EDIFICIOS	f	t
1264	1260	413020    	TERMINACIÓN DE EDIFICACIONES	f	t
1265	1260	413025    	ALQUILER DE EQUIPO CON OPERARIOS	f	t
1266	1260	413095    	ACTIVIDADES CONEXAS	f	t
1267	1260	413099    	AJUSTES POR INFLACIÓN)*	f	t
1268	1121	4135      	COMERCIO AL POR MAYOR Y AL POR MENOR	f	t
1269	1268	413502    	VENTA DE VEHÍCULOS AUTOMOTORES	f	t
1270	1268	413504    	MANTENIMIENTO, REPARACIÓN Y LAVADO DE VEHÍCULOS AUTOMOTORES	f	t
1271	1268	413506    	VENTA DE PARTES, PIEZAS Y ACCESORIOS DE VEHÍCULOS AUTOMOTORES	f	t
1272	1268	413508    	VENTA DE COMBUSTIBLES SÓLIDOS, LÍQUIDOS, GASEOSOS	f	t
1273	1268	413510    	VENTA DE LUBRICANTES, ADITIVOS, LLANTAS Y LUJOS PARA AUTOMOTORES	f	t
1274	1268	413512    	VENTA A CAMBIO DE RETRIBUCIÓN O POR CONTRATA	f	t
1275	1268	413514    	VENTA DE INSUMOS, MATERIAS PRIMAS AGROPECUARIAS Y FLORES	f	t
1276	1268	413516    	VENTA DE OTROS INSUMOS Y MATERIAS PRIMAS NO AGROPECUARIAS	f	t
1277	1268	413518    	VENTA DE ANIMALES VIVOS Y CUEROS	f	t
1278	1268	413520    	VENTA DE PRODUCTOS EN ALMACENES NO ESPECIALIZADOS	f	t
1279	1268	413522    	VENTA DE PRODUCTOS AGROPECUARIOS	f	t
1280	1268	413524    	VENTA DE PRODUCTOS TEXTILES, DE VESTIR, DE CUERO Y CALZADO	f	t
1281	1268	413526    	VENTA DE PAPEL Y CARTÓN	f	t
1282	1268	413528    	VENTA DE LIBROS, REVISTAS, ELEMENTOS DE PAPELERÍA, ÚTILES Y TEXTOS ESCOLARES	f	t
1283	1268	413530    	VENTA DE JUEGOS, JUGUETES Y ARTÍCULOS DEPORTIVOS	f	t
1284	1268	413532    	VENTA DE INSTRUMENTOS QUIRÚRGICOS Y ORTOPÉDICOS	f	t
1285	1268	413534    	VENTA DE ARTÍCULOS EN RELOJERÍAS Y JOYERÍAS	f	t
1286	1268	413536    	VENTA DE ELECTRODOMÉSTICOS Y MUEBLES	f	t
1287	1268	413538    	VENTA DE PRODUCTOS DE ASEO, FARMACÉUTICOS, MEDICINALES, Y ARTÍCULOS DE TOCADOR	f	t
1288	1268	413540    	VENTA DE CUBIERTOS, VAJILLAS, CRISTALERÍA, PORCELANAS, CERÁMICAS Y OTROS ARTÍCULOS DE USO DOMÉSTICO	f	t
1289	1268	413542    	VENTA DE MATERIALES DE CONSTRUCCIÓN, FONTANERÍA Y CALEFACCIÓN	f	t
1290	1268	413544    	VENTA DE PINTURAS Y LACAS	f	t
1291	1268	413546    	VENTA DE PRODUCTOS DE VIDRIOS Y MARQUETERÍA	f	t
1292	1268	413548    	VENTA DE HERRAMIENTAS Y ARTÍCULOS DE FERRETERÍA	f	t
1293	1268	413550    	VENTA DE QUÍMICOS	f	t
1294	1268	413552    	VENTA DE PRODUCTOS INTERMEDIOS, DESPERDICIOS Y DESECHOS	f	t
1295	1268	413554    	VENTA DE MAQUINARIA, EQUIPO DE OFICINA Y PROGRAMAS DE COMPUTADOR	f	t
1296	1268	413556    	VENTA DE ARTÍCULOS EN CACHARRERÍAS Y MISCELÁNEAS	f	t
1297	1268	413558    	VENTA DE INSTRUMENTOS MUSICALES	f	t
1298	1268	413560    	VENTA DE ARTÍCULOS EN CASAS DE EMPEÑO Y PRENDERÍAS	f	t
1299	1268	413562    	VENTA DE EQUIPO FOTOGRÁFICO	f	t
1300	1268	413564    	VENTA DE EQUIPO ÓPTICO Y DE PRECISIÓN	f	t
1301	1268	413566    	VENTA DE EMPAQUES	f	t
1302	1268	413568    	VENTA DE EQUIPO PROFESIONAL Y CIENTÍFICO	f	t
1303	1268	413570    	VENTA DE LOTERÍAS, RIFAS, CHANCE, APUESTAS Y SIMILARES	f	t
1304	1268	413572    	REPARACIÓN DE EFECTOS PERSONALES Y ELECTRODOMÉSTICOS	f	t
1305	1268	413595    	VENTA DE OTROS PRODUCTOS	f	t
1306	1268	413599    	AJUSTES POR INFLACIÓN	f	t
1307	1121	4140      	HOTELES Y RESTAURANTES 	f	t
1308	1307	414005    	HOTELERÍA	f	t
1309	1307	414010    	CAMPAMENTO Y OTROS TIPOS DE HOSPEDAJE	f	t
1310	1307	414015    	RESTAURANTES	f	t
1311	1307	414020    	BARES Y CANTINAS	f	t
1312	1307	414095    	ACTIVIDADES CONEXAS	f	t
1313	1307	414099    	AJUSTES POR INFLACIÓN	f	t
1314	1121	4145      	TRANSPORTE, ALMACENAMIENTO Y COMUNICACIONES	f	t
1315	1314	414505    	SERVICIO DE TRANSPORTE POR CARRETERA	f	t
1316	1314	414510    	SERVICIO DE TRANSPORTE POR VÍA FÉRREA 	f	t
1317	1314	414515    	SERVICIO DE TRANSPORTE POR VÍA ACUÁTICA	f	t
1318	1314	414520    	SERVICIO DE TRANSPORTE POR VÍA AÉREA	f	t
1319	1314	414525    	SERVICIO DE TRANSPORTE POR TUBERÍAS	f	t
1320	1314	414530    	MANIPULACIÓN DE CARGA	f	t
1321	1314	414535    	ALMACENAMIENTO Y DEPÓSITO	f	t
1322	1314	414540    	SERVICIOS COMPLEMENTARIOS PARA EL TRANSPORTE	f	t
1323	1314	414545    	AGENCIAS DE VIAJE	f	t
1324	1314	414550    	OTRAS AGENCIAS DE TRANSPORTE	f	t
1325	1314	414555    	SERVICIO POSTAL Y DE CORREO	f	t
1326	1314	414560    	SERVICIO TELEFÓNICO	f	t
1327	1314	414565    	SERVICIO DE TELÉGRAFO	f	t
1328	1314	414570    	SERVICIO DE TRANSMISIÓN DE DATOS	f	t
1329	1314	414575    	SERVICIO DE RADIO Y TELEVISIÓN POR CABLE	f	t
1330	1314	414580    	TRANSMISIÓN DE SONIDO E IMÁGENES POR CONTRATO	f	t
1331	1314	414595    	ACTIVIDADES CONEXAS	f	t
1332	1314	414599    	AJUSTES POR INFLACIÓN)*	f	t
1333	1121	4150      	ACTIVIDAD FINANCIERA	f	t
1334	1333	415005    	VENTA DE INVERSIONES	f	t
1335	1333	415010    	DIVIDENDOS DE SOCIEDADES ANÓNIMAS Y/O ASIMILADAS	f	t
1336	1333	415015    	PARTICIPACIONES DE SOCIEDADES LIMITADAS Y/O ASIMILADAS	f	t
1337	1333	415020    	INTERESES	f	t
1338	1333	415025    	REAJUSTE MONETARIO-UPAC	f	t
1339	1333	415030    	COMISIONES	f	t
1340	1333	415035    	OPERACIONES DE DESCUENTO	f	t
1341	1333	415040    	CUOTAS DE INSCRIPCIÓN-CONSORCIOS	f	t
1342	1333	415045    	CUOTAS DE ADMINISTRACIÓN-CONSORCIOS	f	t
1343	1333	415050    	REAJUSTE DEL SISTEMA-CONSORCIOS	f	t
1344	1333	415055    	ELIMINACIÓN DE SUSCRIPTORES-CONSORCIOS	f	t
1345	1333	415060    	CUOTAS DE INGRESO O RETIRO-SOCIEDAD ADMINISTRADORA	f	t
1346	1333	415065    	SERVICIOS A COMISIONISTAS	f	t
1347	1333	415070    	INSCRIPCIONES Y CUOTAS	f	t
1348	1333	415075    	RECUPERACIÓN DE GARANTÍAS	f	t
1349	1333	415080    	INGRESOS MÉTODO DE PARTICIPACIÓN	f	t
1350	1333	415095    	ACTIVIDADES CONEXAS	f	t
1351	1333	415099    	AJUSTES POR INFLACIÓN)*	f	t
1352	1121	4155      	ACTIVIDADES INMOBILIARIAS, EMPRESARIALES Y DE ALQUILER	f	t
1353	1352	415505    	ARRENDAMIENTOS DE BIENES INMUEBLES	f	t
1354	1352	415510    	INMOBILIARIAS POR RETRIBUCIÓN O CONTRATA	f	t
1355	1352	415515    	ALQUILER EQUIPO DE TRANSPORTE	f	t
1356	1352	415520    	ALQUILER MAQUINARIA Y EQUIPO	f	t
1357	1352	415525    	ALQUILER DE EFECTOS PERSONALES Y ENSERES DOMÉSTICOS	f	t
1358	1352	415530    	CONSULTORÍA EN EQUIPO Y PROGRAMAS DE INFORMÁTICA	f	t
1359	1352	415535    	PROCESAMIENTO DE DATOS	f	t
1360	1352	415540    	MANTENIMIENTO Y REPARACIÓN DE MAQUINARIA DE OFICINA	f	t
1361	1352	415545    	INVESTIGACIONES CIENTÍFICAS Y DE DESARROLLO	f	t
1362	1352	415550    	ACTIVIDADES EMPRESARIALES DE CONSULTORÍA	f	t
1363	1352	415555    	PUBLICIDAD	f	t
1364	1352	415560    	DOTACIÓN DE PERSONAL	f	t
1365	1352	415565    	INVESTIGACIÓN Y SEGURIDAD	f	t
1366	1352	415570    	LIMPIEZA DE INMUEBLES	f	t
1367	1352	415575    	FOTOGRAFÍA	f	t
1368	1352	415580    	ENVASE Y EMPAQUE	f	t
1369	1352	415585    	FOTOCOPIADO	f	t
1370	1352	415590    	MANTENIMIENTO Y REPARACIÓN DE MAQUINARIA Y EQUIPO	f	t
1371	1352	415595    	ACTIVIDADES CONEXAS	f	t
1372	1352	415599    	AJUSTES POR INFLACIÓN)*	f	t
1373	1121	4160      	ENSEÑANZA	f	t
1374	1373	416005    	ACTIVIDADES RELACIONADAS CON LA EDUCACIÓN	f	t
1375	1373	416095    	ACTIVIDADES CONEXAS	f	t
1376	1373	416099    	AJUSTES POR INFLACIÓN)*	f	t
1377	1121	4165      	SERVICIOS SOCIALES Y DE SALUD	f	t
1378	1377	416505    	SERVICIO HOSPITALARIO	f	t
1379	1377	416510    	SERVICIO MÉDICO	f	t
1380	1377	416515    	SERVICIO ODONTOLÓGICO	f	t
1381	1377	416520    	SERVICIO DE LABORATORIO	f	t
1382	1377	416525    	ACTIVIDADES VETERINARIAS	f	t
1383	1377	416530    	ACTIVIDADES DE SERVICIOS SOCIALES	f	t
1384	1377	416595    	ACTIVIDADES CONEXAS	f	t
1385	1377	416599    	AJUSTES POR INFLACIÓN)*	f	t
1386	1121	4170      	OTRAS ACTIVIDADES DE SERVICIOS COMUNITARIOS, SOCIALES Y PERSONALES	f	t
1387	1386	417005    	ELIMINACIÓN DE DESPERDICIOS Y AGUAS RESIDUALES	f	t
1388	1386	417010    	ACTIVIDADES DE ASOCIACIÓN	f	t
1389	1386	417015    	PRODUCCIÓN Y DISTRIBUCIÓN DE FILMES Y VIDEOCINTAS	f	t
1390	1386	417020    	EXHIBICIÓN DE FILMES Y VIDEOCINTAS	f	t
1391	1386	417025    	ACTIVIDAD DE RADIO Y TELEVISIÓN	f	t
1392	1386	417030    	ACTIVIDAD TEATRAL, MUSICAL Y ARTÍSTICA	f	t
1393	1386	417035    	GRABACIÓN Y PRODUCCIÓN DE DISCOS	f	t
1394	1386	417040    	ENTRETENIMIENTO Y ESPARCIMIENTO	f	t
1395	1386	417045    	AGENCIAS DE NOTICIAS	f	t
1396	1386	417050    	LAVANDERÍAS Y SIMILARES	f	t
1397	1386	417055    	PELUQUERÍAS Y SIMILARES	f	t
1398	1386	417060    	SERVICIOS FUNERARIOS	f	t
1399	1386	417065    	ZONAS FRANCAS	f	t
1400	1386	417095    	ACTIVIDADES CONEXAS	f	t
1401	1386	417099    	AJUSTES POR INFLACIÓN)*	f	t
1402	1121	4175      	DEVOLUCIONES EN VENTAS (DB)	f	t
1403	1402	417599    	AJUSTES POR INFLACIÓN	f	t
1404	1120	42        	NO OPERACIONALES	f	t
1405	1404	4205      	OTRAS VENTAS 	f	t
1406	1405	420505    	MATERIA PRIMA	f	t
1407	1405	420510    	MATERIAL DE DESECHO	f	t
1408	1405	420515    	MATERIALES VARIOS	f	t
1409	1405	420520    	PRODUCTOS DE DIVERSIFICACIÓN	f	t
1410	1405	420525    	EXCEDENTES DE EXPORTACIÓN	f	t
1411	1405	420530    	ENVASES Y EMPAQUES	f	t
1412	1405	420535    	PRODUCTOS AGRÍCOLAS	f	t
1413	1405	420540    	DE PROPAGANDA	f	t
1414	1405	420545    	PRODUCTOS EN REMATE	f	t
1415	1405	420550    	COMBUSTIBLES Y LUBRICANTES	f	t
1416	1405	420599    	AJUSTES POR INFLACIÓN)*	f	t
1417	1404	4210      	FINANCIEROS	f	t
1418	1417	421005    	INTERESES	f	t
1419	1417	421010    	REAJUSTE MONETARIO-UPAC	f	t
1420	1417	421015    	DESCUENTOS AMORTIZADOS	f	t
1421	1417	421020    	DIFERENCIA EN CAMBIO	f	t
1422	1417	421025    	FINANCIACIÓN VEHÍCULOS	f	t
1423	1417	421030    	FINANCIACIÓN SISTEMAS DE VIAJES	f	t
1424	1417	421035    	ACEPTACIONES BANCARIAS	f	t
1425	1417	421040    	DESCUENTOS COMERCIALES CONDICIONADOS	f	t
1426	1417	421045    	DESCUENTOS BANCARIOS	f	t
1427	1417	421050    	COMISIONES CHEQUES DE OTRAS PLAZAS	f	t
1428	1417	421055    	MULTAS Y RECARGOS	f	t
1429	1417	421060    	SANCIONES CHEQUES DEVUELTOS	f	t
1430	1417	421095    	OTROS	f	t
1431	1417	421099    	AJUSTES POR INFLACIÓN)*	f	t
1432	1404	4215      	DIVIDENDOS Y PARTICIPACIONES 	f	t
1433	1432	421505    	DE SOCIEDADES ANÓNIMAS Y/O ASIMILADAS	f	t
1434	1432	421510    	DE SOCIEDADES LIMITADAS Y/O ASIMILADAS	f	t
1435	1432	421599    	AJUSTES POR INFLACIÓN)*	f	t
1436	1404	4218      	INGRESOS MÉTODO DE PARTICIPACIÓN	f	t
1437	1436	421805    	DE SOCIEDADES ANÓNIMAS Y/O ASIMILADAS	f	t
1438	1436	421810    	DE SOCIEDADES LIMITADAS Y/O ASIMILADAS	f	t
1439	1404	4220      	ARRENDAMIENTOS	f	t
1440	1439	422005    	TERRENOS	f	t
1441	1439	422010    	CONSTRUCCIONES Y EDIFICIOS	f	t
1442	1439	422015    	MAQUINARIA Y EQUIPO	f	t
1443	1439	422020    	EQUIPO DE OFICINA	f	t
1444	1439	422025    	EQUIPO DE COMPUTACIÓN Y COMUNICACIÓN	f	t
1445	1439	422030    	EQUIPO MÉDICO-CIENTÍFICO	f	t
1446	1439	422035    	EQUIPO DE HOTELES Y RESTAURANTES	f	t
1447	1439	422040    	FLOTA Y EQUIPO DE TRANSPORTE	f	t
1448	1439	422045    	FLOTA Y EQUIPO FLUVIAL Y/O MARÍTIMO	f	t
1449	1439	422050    	FLOTA Y EQUIPO AÉREO	f	t
1450	1439	422055    	FLOTA Y EQUIPO FÉRREO	f	t
1451	1439	422060    	ACUEDUCTOS, PLANTAS Y REDES	f	t
1452	1439	422062    	ENVASES Y EMPAQUES	f	t
1453	1439	422065    	PLANTACIONES AGRÍCOLAS Y FORESTALES	f	t
1454	1439	422070    	AERÓDROMOS	f	t
1455	1439	422075    	SEMOVIENTES	f	t
1456	1439	422099    	AJUSTES POR INFLACIÓN)*	f	t
1457	1404	4225      	COMISIONES	f	t
1458	1457	422505    	SOBRE INVERSIONES	f	t
1459	1457	422510    	DE CONCESIONARIOS	f	t
1460	1457	422515    	DE ACTIVIDADES FINANCIERAS	f	t
1461	1457	422520    	POR VENTA DE SERVICIOS DE TALLER	f	t
1462	1457	422525    	POR VENTA DE SEGUROS	f	t
1463	1457	422530    	POR INGRESOS PARA TERCEROS	f	t
1464	1457	422535    	POR DISTRIBUCIÓN DE PELÍCULAS	f	t
1465	1457	422540    	DERECHOS DE AUTOR	f	t
1466	1457	422545    	DERECHOS DE PROGRAMACIÓN	f	t
1467	1457	422599    	AJUSTES POR INFLACIÓN)*	f	t
1468	1404	4230      	HONORARIOS	f	t
1469	1468	423005    	ASESORÍAS	f	t
1470	1468	423010    	ASISTENCIA TÉCNICA	f	t
1471	1468	423015    	ADMINISTRACIÓN DE VINCULADAS	f	t
1472	1468	423099    	AJUSTES POR INFLACIÓN)*	f	t
1473	1404	4235      	SERVICIOS	f	t
1474	1473	423505    	DE BÁSCULA	f	t
1475	1473	423510    	DE TRANSPORTE	f	t
1476	1473	423515    	DE PRENSA	f	t
1477	1473	423520    	ADMINISTRATIVOS	f	t
1478	1473	423525    	TÉCNICOS	f	t
1479	1473	423530    	DE COMPUTACIÓN	f	t
1480	1473	423535    	DE TELEFAX	f	t
1481	1473	423540    	TALLER DE VEHÍCULOS	f	t
1482	1473	423545    	DE RECEPCIÓN DE AERONAVES	f	t
1483	1473	423550    	DE TRANSPORTE PROGRAMA GAS NATURAL	f	t
1484	1473	423555    	POR CONTRATOS	f	t
1485	1473	423560    	DE TRILLA	f	t
1486	1473	423565    	DE MANTENIMIENTO	f	t
1487	1473	423570    	AL PERSONAL	f	t
1488	1473	423575    	DE CASINO	f	t
1489	1473	423580    	FLETES	f	t
1490	1473	423585    	ENTRE COMPAÑÍAS	f	t
1491	1473	423595    	OTROS	f	t
1492	1473	423599    	AJUSTES POR INFLACIÓN)*	f	t
1493	1404	4240      	UTILIDAD EN VENTA DE INVERSIONES	f	t
1494	1493	424005    	ACCIONES	f	t
1495	1493	424010    	CUOTAS O PARTES DE INTERÉS SOCIAL	f	t
1496	1493	424015    	BONOS	f	t
1497	1493	424020    	CÉDULAS	f	t
1498	1493	424025    	CERTIFICADOS	f	t
1499	1493	424030    	PAPELES COMERCIALES	f	t
1500	1493	424035    	TÍTULOS	f	t
1501	1493	424045    	DERECHOS FIDUCIARIOS	f	t
1502	1493	424050    	OBLIGATORIAS	f	t
1503	1493	424095    	OTRAS	f	t
1504	1493	424099    	AJUSTES POR INFLACIÓN)*	f	t
1505	1404	4245      	UTILIDAD EN VENTA DE PROPIEDADES, PLANTA Y EQUIPO 	f	t
1506	1505	424504    	TERRENOS	f	t
1507	1505	424506    	MATERIALES INDUSTRIA PETROLERA	f	t
1508	1505	424508    	CONSTRUCCIONES EN CURSO	f	t
1509	1505	424512    	MAQUINARIA EN MONTAJE	f	t
1510	1505	424516    	CONSTRUCCIONES Y EDIFICACIONES	f	t
1511	1505	424520    	MAQUINARIA Y EQUIPO	f	t
1512	1505	424524    	EQUIPO DE OFICINA	f	t
1513	1505	424528    	EQUIPO DE COMPUTACIÓN Y COMUNICACIÓN	f	t
1514	1505	424532    	EQUIPO MÉDICO-CIENTÍFICO	f	t
1515	1505	424536    	EQUIPO DE HOTELES Y RESTAURANTES	f	t
1516	1505	424540    	FLOTA Y EQUIPO DE TRANSPORTE	f	t
1517	1505	424544    	FLOTA Y EQUIPO FLUVIAL Y/O MARÍTIMO	f	t
1518	1505	424548    	FLOTA Y EQUIPO AÉREO	f	t
1519	1505	424552    	FLOTA Y EQUIPO FÉRREO	f	t
1520	1505	424556    	ACUEDUCTOS, PLANTAS Y REDES	f	t
1521	1505	424560    	ARMAMENTO DE VIGILANCIA	f	t
1522	1505	424562    	ENVASES Y EMPAQUES	f	t
1523	1505	424564    	PLANTACIONES AGRÍCOLAS Y FORESTALES	f	t
1524	1505	424568    	VÍAS DE COMUNICACIÓN	f	t
1525	1505	424572    	MINAS Y CANTERAS	f	t
1526	1505	424580    	POZOS ARTESIANOS	f	t
1527	1505	424584    	YACIMIENTOS	f	t
1528	1505	424588    	SEMOVIENTES	f	t
1529	1505	424599    	AJUSTES POR INFLACIÓN)*	f	t
1530	1404	4248      	UTILIDAD EN VENTA DE OTROS BIENES	f	t
1531	1530	424805    	INTANGIBLES	f	t
1532	1530	424810    	OTROS ACTIVOS	f	t
1533	1530	424899    	AJUSTES POR INFLACIÓN)*	f	t
1534	1404	4250      	RECUPERACIONES	f	t
1535	1534	425005    	DEUDAS MALAS	f	t
1536	1534	425010    	SEGUROS	f	t
1537	1534	425015    	RECLAMOS	f	t
1538	1534	425020    	REINTEGRO POR PERSONAL EN COMISIÓN	f	t
1539	1534	425025    	REINTEGRO GARANTÍAS	f	t
1540	1534	425030    	DESCUENTOS CONCEDIDOS	f	t
1541	1534	425035    	DE PROVISIONES	f	t
1542	1534	425040    	GASTOS BANCARIOS	f	t
1543	1534	425045    	DE DEPRECIACIÓN	f	t
1544	1534	425050    	REINTEGRO DE OTROS COSTOS Y GASTOS	f	t
1545	1534	425099    	AJUSTES POR INFLACIÓN)*	f	t
1546	1404	4255      	INDEMNIZACIONES	f	t
1547	1546	425505    	POR SINIESTRO	f	t
1548	1546	425510    	POR SUMINISTROS	f	t
1549	1546	425515    	LUCRO CESANTE COMPAÑÍAS DE SEGUROS	f	t
1550	1546	425520    	DAÑO EMERGENTE COMPAÑÍAS DE SEGUROS	f	t
1551	1546	425525    	POR PÉRDIDA DE MERCANCÍA	f	t
1552	1546	425530    	POR INCUMPLIMIENTO DE CONTRATOS	f	t
1553	1546	425535    	DE TERCEROS	f	t
1554	1546	425540    	POR INCAPACIDADES ISS	f	t
1555	1546	425595    	OTRAS	f	t
1556	1546	425599    	AJUSTES POR INFLACIÓN)*	f	t
1557	1404	4260      	PARTICIPACIONES EN CONCESIONES	f	t
1558	1557	426099    	AJUSTES POR INFLACIÓN)*	f	t
1559	1404	4265      	INGRESOS DE EJERCICIOS ANTERIORES 	f	t
1560	1559	426599    	AJUSTES POR INFLACIÓN)*	f	t
1561	1404	4275      	DEVOLUCIONES EN OTRAS VENTAS (DB)	f	t
1562	1561	427599    	AJUSTES POR INFLACIÓN)*	f	t
1563	1404	4295      	DIVERSOS 	f	t
1564	1563	429503    	CERT	f	t
1565	1563	429505    	APROVECHAMIENTOS	f	t
1566	1563	429507    	AUXILIOS	f	t
1567	1563	429509    	SUBVENCIONES	f	t
1568	1563	429511    	INGRESOS POR INVESTIGACIÓN Y DESARROLLO	f	t
1569	1563	429513    	POR TRABAJOS EJECUTADOS	f	t
1570	1563	429515    	REGALÍAS	f	t
1571	1563	429517    	DERIVADOS DE LAS EXPORTACIONES	f	t
1572	1563	429519    	OTROS INGRESOS DE EXPLOTACIÓN	f	t
1573	1563	429521    	DE LA ACTIVIDAD GANADERA	f	t
1574	1563	429525    	DERECHOS Y LICITACIONES	f	t
1575	1563	429530    	INGRESOS POR ELEMENTOS PERDIDOS	f	t
1576	1563	429533    	MULTAS Y RECARGOS	f	t
1577	1563	429535    	PREAVISOS DESCONTADOS	f	t
1578	1563	429537    	RECLAMOS	f	t
1579	1563	429540    	RECOBRO DE DAÑOS	f	t
1580	1563	429543    	PREMIOS	f	t
1581	1563	429545    	BONIFICACIONES	f	t
1582	1563	429547    	PRODUCTOS DESCONTADOS	f	t
1583	1563	429549    	RECONOCIMIENTOS ISS	f	t
1584	1563	429551    	EXCEDENTES	f	t
1585	1563	429553    	SOBRANTES DE CAJA 	f	t
1586	1563	429555    	SOBRANTES EN LIQUIDACIÓN FLETES	f	t
1587	1563	429557    	SUBSIDIOS ESTATALES	f	t
1588	1563	429559    	CAPACITACIÓN DISTRIBUIDORES	f	t
1589	1563	429561    	DE ESCRITURACIÓN	f	t
1590	1563	429563    	REGISTRO PROMESAS DE VENTA	f	t
1591	1563	429567    	ÚTILES, PAPELERÍA Y FOTOCOPIAS	f	t
1592	1563	429571    	RESULTADOS, MATRÍCULAS Y TRASPASOS	f	t
1593	1563	429573    	DECORACIONES	f	t
1594	1563	429575    	MANEJO DE CARGA	f	t
1595	1563	429579    	HISTORIA CLÍNICA	f	t
1596	1563	429581    	AJUSTE AL PESO	f	t
1597	1563	429583    	LLAMADAS TELEFÓNICAS	f	t
1598	1563	429599    	AJUSTES POR INFLACIÓN)*	f	t
1599	1120	47        	AJUSTES POR INFLACIÓN	f	t
1600	1599	4705      	CORRECCIÓN MONETARIA 	f	t
1601	1600	470505    	INVERSIONES (CR)	f	t
1602	1600	470510    	INVENTARIOS (CR)**	f	t
1603	1600	470515    	PROPIEDADES, PLANTA Y EQUIPO (CR)	f	t
1604	1600	470520    	INTANGIBLES (CR)	f	t
1605	1600	470525    	ACTIVOS DIFERIDOS 	f	t
1606	1600	470530    	OTROS ACTIVOS (CR)	f	t
1607	1600	470535    	PASIVOS SUJETOS DE AJUSTE	f	t
1608	1600	470540    	PATRIMONIO**	f	t
1609	1600	470545    	DEPRECIACIÓN ACUMULADA (DB)	f	t
1610	1600	470550    	DEPRECIACIÓN DIFERIDA (CR)	f	t
1611	1600	470555    	AGOTAMIENTO ACUMULADO (DB)	f	t
1612	1600	470560    	AMORTIZACIÓN ACUMULADA (DB)	f	t
1613	1600	470565    	INGRESOS OPERACIONALES (DB))*	f	t
1614	1600	470568    	DEVOLUCIONES EN VENTAS (CR))*	f	t
1615	1600	470570    	INGRESOS NO OPERACIONALES (DB))*	f	t
1616	1600	470575    	GASTOS OPERACIONALES DE ADMINISTRACIÓN (CR))*	f	t
1617	1600	470580    	GASTOS OPERACIONALES DE VENTAS (CR))*	f	t
1618	1600	470585    	GASTOS NO OPERACIONALES (CR))*	f	t
1619	1600	470590    	COMPRAS (CR)**	f	t
1620	1600	470591    	DEVOLUCIONES EN COMPRAS (DB)**	f	t
1621	1600	470592    	COSTO DE VENTAS (CR))*	f	t
1622	1600	470594    	COSTOS DE PRODUCCIÓN O DE OPERACIÓN (CR))*	f	t
1623	0	5         	GASTOS	f	t
1624	1623	51        	OPERACIONALES DE ADMINISTRACIÓN	f	t
1625	1624	5105      	GASTOS DE PERSONAL	f	t
1626	1625	510503    	SALARIO INTEGRAL	f	t
1627	1625	510506    	SUELDOS	f	t
1628	1625	510512    	JORNALES	f	t
1629	1625	510515    	HORAS EXTRAS Y RECARGOS	f	t
1630	1625	510518    	COMISIONES	f	t
1631	1625	510521    	VIÁTICOS	f	t
1632	1625	510524    	INCAPACIDADES	f	t
1633	1625	510527    	AUXILIO DE TRANSPORTE	f	t
1634	1625	510530    	CESANTÍAS	f	t
1635	1625	510533    	INTERESES SOBRE CESANTÍAS	f	t
1636	1625	510536    	PRIMA DE SERVICIOS	f	t
1637	1625	510539    	VACACIONES	f	t
1638	1625	510542    	PRIMAS EXTRALEGALES	f	t
1639	1625	510545    	AUXILIOS	f	t
1640	1625	510548    	BONIFICACIONES	f	t
1641	1625	510551    	DOTACIÓN Y SUMINISTRO A TRABAJADORES	f	t
1642	1625	510554    	SEGUROS	f	t
1643	1625	510557    	CUOTAS PARTES PENSIONES DE JUBILACIÓN	f	t
1644	1625	510558    	AMORTIZACIÓN CÁLCULO ACTUARIAL PENSIONES DE JUBILACIÓN	f	t
1645	1625	510559    	PENSIONES DE JUBILACIÓN	f	t
1646	1625	510560    	INDEMNIZACIONES LABORALES	f	t
1647	1625	510561    	AMORTIZACIÓN BONOS PENSIONALES	f	t
1648	1625	510562    	AMORTIZACIÓN TÍTULOS PENSIONALES	f	t
1649	1625	510563    	CAPACITACIÓN AL PERSONAL	f	t
1650	1625	510566    	GASTOS DEPORTIVOS Y DE RECREACIÓN	f	t
1651	1625	510568    	APORTES A ADMINISTRADORAS DE RIESGOS PROFESIONALES, ARP	f	t
1652	1625	510569    	APORTES A ENTIDADES PROMOTORAS DE SALUD, EPS	f	t
1653	1625	510570    	APORTES A FONDOS DE PENSIONES Y/O CESANTÍAS	f	t
1654	1625	510572    	APORTES CAJAS DE COMPENSACIÓN FAMILIAR	f	t
1655	1625	510575    	APORTES ICBF 	f	t
1656	1625	510578    	SENA	f	t
1657	1625	510581    	APORTES SINDICALES	f	t
1658	1625	510584    	GASTOS MÉDICOS Y DROGAS	f	t
1659	1625	510595    	OTROS	f	t
1660	1625	510599    	AJUSTES POR INFLACIÓN)*	f	t
1661	1624	5110      	HONORARIOS	f	t
1662	1661	511005    	JUNTA DIRECTIVA	f	t
1663	1661	511010    	REVISORÍA FISCAL	f	t
1664	1661	511015    	AUDITORÍA EXTERNA	f	t
1665	1661	511020    	AVALÚOS	f	t
1666	1661	511025    	ASESORÍA JURÍDICA	f	t
1667	1661	511030    	ASESORÍA FINANCIERA	f	t
1668	1661	511035    	ASESORÍA TÉCNICA	f	t
1669	1661	511095    	OTROS	f	t
1670	1661	511099    	AJUSTES POR INFLACIÓN)*	f	t
1671	1624	5115      	IMPUESTOS 	f	t
1672	1671	511505    	INDUSTRIA Y COMERCIO	f	t
1673	1671	511510    	DE TIMBRES	f	t
1674	1671	511515    	A LA PROPIEDAD RAÍZ	f	t
1675	1671	511520    	DERECHOS SOBRE INSTRUMENTOS PÚBLICOS	f	t
1676	1671	511525    	DE VALORIZACIÓN	f	t
1677	1671	511530    	DE TURISMO	f	t
1678	1671	511535    	TASA POR UTILIZACIÓN DE PUERTOS	f	t
1679	1671	511540    	DE VEHÍCULOS	f	t
1680	1671	511545    	DE ESPECTÁCULOS PÚBLICOS	f	t
1681	1671	511550    	CUOTAS DE FOMENTO	f	t
1682	1671	511570    	IVA DESCONTABLE	f	t
1683	1671	511595    	OTROS	f	t
1684	1671	511599    	AJUSTES POR INFLACIÓN)*	f	t
1685	1624	5120      	ARRENDAMIENTOS	f	t
1686	1685	512005    	TERRENOS	f	t
1687	1685	512010    	CONSTRUCCIONES Y EDIFICACIONES	f	t
1688	1685	512015    	MAQUINARIA Y EQUIPO	f	t
1689	1685	512020    	EQUIPO DE OFICINA	f	t
1690	1685	512025    	EQUIPO DE COMPUTACIÓN Y COMUNICACIÓN	f	t
1691	1685	512030    	EQUIPO MÉDICO-CIENTÍFICO	f	t
1692	1685	512035    	EQUIPO DE HOTELES Y RESTAURANTES	f	t
1693	1685	512040    	FLOTA Y EQUIPO DE TRANSPORTE	f	t
1694	1685	512045    	FLOTA Y EQUIPO FLUVIAL Y/O MARÍTIMO	f	t
1695	1685	512050    	FLOTA Y EQUIPO AÉREO	f	t
1696	1685	512055    	FLOTA Y EQUIPO FÉRREO	f	t
1697	1685	512060    	ACUEDUCTOS, PLANTAS Y REDES	f	t
1698	1685	512065    	AERÓDROMOS	f	t
1699	1685	512070    	SEMOVIENTES	f	t
1700	1685	512095    	OTROS	f	t
1701	1685	512099    	AJUSTES POR INFLACIÓN)*	f	t
1702	1624	5125      	CONTRIBUCIONES Y AFILIACIONES	f	t
1703	1702	512505    	CONTRIBUCIONES	f	t
1704	1702	512510    	AFILIACIONES Y SOSTENIMIENTO	f	t
1705	1702	512599    	AJUSTES POR INFLACIÓN)*	f	t
1706	1624	5130      	SEGUROS	f	t
1707	1706	513005    	MANEJO	f	t
1708	1706	513010    	CUMPLIMIENTO	f	t
1709	1706	513015    	CORRIENTE DÉBIL	f	t
1710	1706	513020    	VIDA COLECTIVA	f	t
1711	1706	513025    	INCENDIO	f	t
1712	1706	513030    	TERREMOTO	f	t
1713	1706	513035    	SUSTRACCIÓN Y HURTO	f	t
1714	1706	513040    	FLOTA Y EQUIPO DE TRANSPORTE	f	t
1715	1706	513045    	FLOTA Y EQUIPO FLUVIAL Y/O MARÍTIMO	f	t
1716	1706	513050    	FLOTA Y EQUIPO AÉREO	f	t
1717	1706	513055    	FLOTA Y EQUIPO FÉRREO	f	t
1718	1706	513060    	RESPONSABILIDAD CIVIL Y EXTRACONTRACTUAL	f	t
1719	1706	513065    	VUELO	f	t
1720	1706	513070    	ROTURA DE MAQUINARIA	f	t
1721	1706	513075    	OBLIGATORIO ACCIDENTE DE TRÁNSITO	f	t
1722	1706	513080    	LUCRO CESANTE	f	t
1723	1706	513085    	TRANSPORTE DE MERCANCÍA	f	t
1724	1706	513095    	OTROS	f	t
1725	1706	513099    	AJUSTES POR INFLACIÓN)*	f	t
1726	1624	5135      	SERVICIOS	f	t
1727	1726	513505    	ASEO Y VIGILANCIA	f	t
1728	1726	513510    	TEMPORALES	f	t
1729	1726	513515    	ASISTENCIA TÉCNICA	f	t
1730	1726	513520    	PROCESAMIENTO ELECTRÓNICO DE DATOS	f	t
1731	1726	513525    	ACUEDUCTO Y ALCANTARILLADO	f	t
1732	1726	513530    	ENERGÍA ELÉCTRICA	f	t
1733	1726	513535    	TELÉFONO	f	t
1734	1726	513540    	CORREO, PORTES Y TELEGRAMAS	f	t
1735	1726	513545    	FAX Y TÉLEX	f	t
1736	1726	513550    	TRANSPORTE, FLETES Y ACARREOS	f	t
1737	1726	513555    	GAS	f	t
1738	1726	513595    	OTROS	f	t
1739	1726	513599    	AJUSTES POR INFLACIÓN)*	f	t
1740	1624	5140      	GASTOS LEGALES	f	t
1741	1740	514005    	NOTARIALES	f	t
1742	1740	514010    	REGISTRO MERCANTIL	f	t
1743	1740	514015    	TRÁMITES Y LICENCIAS	f	t
1744	1740	514020    	ADUANEROS	f	t
1745	1740	514025    	CONSULARES	f	t
1746	1740	514095    	OTROS	f	t
1747	1740	514099    	AJUSTES POR INFLACIÓN)*	f	t
1748	1624	5145      	MANTENIMIENTO Y REPARACIONES 	f	t
1749	1748	514505    	TERRENOS	f	t
1750	1748	514510    	CONSTRUCCIONES Y EDIFICACIONES	f	t
1751	1748	514515    	MAQUINARIA Y EQUIPO	f	t
1752	1748	514520    	EQUIPO DE OFICINA	f	t
1753	1748	514525    	EQUIPO DE COMPUTACIÓN Y COMUNICACIÓN	f	t
1754	1748	514530    	EQUIPO MÉDICO-CIENTÍFICO	f	t
1755	1748	514535    	EQUIPO DE HOTELES Y RESTAURANTES	f	t
1756	1748	514540    	FLOTA Y EQUIPO DE TRANSPORTE	f	t
1757	1748	514545    	FLOTA Y EQUIPO FLUVIAL Y/O MARÍTIMO	f	t
1758	1748	514550    	FLOTA Y EQUIPO AÉREO	f	t
1759	1748	514555    	FLOTA Y EQUIPO FÉRREO	f	t
1760	1748	514560    	ACUEDUCTOS, PLANTAS Y REDES	f	t
1761	1748	514565    	ARMAMENTO DE VIGILANCIA	f	t
1762	1748	514570    	VÍAS DE COMUNICACIÓN	f	t
1763	1748	514599    	AJUSTES POR INFLACIÓN)*	f	t
1764	1624	5150      	ADECUACIÓN E INSTALACIÓN	f	t
1765	1764	515005    	INSTALACIONES ELÉCTRICAS	f	t
1766	1764	515010    	ARREGLOS ORNAMENTALES	f	t
1767	1764	515015    	REPARACIONES LOCATIVAS	f	t
1768	1764	515095    	OTROS	f	t
1769	1764	515099    	AJUSTES POR INFLACIÓN)*	f	t
1770	1624	5155      	GASTOS DE VIAJE	f	t
1771	1770	515505    	ALOJAMIENTO Y MANUTENCIÓN	f	t
1772	1770	515510    	PASAJES FLUVIALES Y/O MARÍTIMOS	f	t
1773	1770	515515    	PASAJES AÉREOS	f	t
1774	1770	515520    	PASAJES TERRESTRES	f	t
1775	1770	515525    	PASAJES FÉRREOS	f	t
1776	1770	515595    	OTROS	f	t
1777	1770	515599    	AJUSTES POR INFLACIÓN)*	f	t
1778	1624	5160      	DEPRECIACIONES	f	t
1779	1778	516005    	CONSTRUCCIONES Y EDIFICACIONES	f	t
1780	1778	516010    	MAQUINARIA Y EQUIPO	f	t
1781	1778	516015    	EQUIPO DE OFICINA	f	t
1782	1778	516020    	EQUIPO DE COMPUTACIÓN Y COMUNICACIÓN	f	t
1783	1778	516025    	EQUIPO MÉDICO-CIENTÍFICO	f	t
1784	1778	516030    	EQUIPO DE HOTELES Y RESTAURANTES	f	t
1785	1778	516035    	FLOTA Y EQUIPO DE TRANSPORTE	f	t
1786	1778	516040    	FLOTA Y EQUIPO FLUVIAL Y/O MARÍTIMO	f	t
1787	1778	516045    	FLOTA Y EQUIPO AÉREO	f	t
1788	1778	516050    	FLOTA Y EQUIPO FÉRREO	f	t
1789	1778	516055    	ACUEDUCTOS, PLANTAS Y REDES	f	t
1790	1778	516060    	ARMAMENTO DE VIGILANCIA	f	t
1791	1778	516099    	AJUSTES POR INFLACIÓN)*	f	t
1792	1624	5165      	AMORTIZACIONES	f	t
1793	1792	516505    	VÍAS DE COMUNICACIÓN	f	t
1794	1792	516510    	INTANGIBLES	f	t
1795	1792	516515    	CARGOS DIFERIDOS	f	t
1796	1792	516595    	OTRAS	f	t
1797	1792	516599    	AJUSTES POR INFLACIÓN)*	f	t
1798	1624	5195      	DIVERSOS	f	t
1799	1798	519505    	COMISIONES	f	t
1800	1798	519510    	LIBROS, SUSCRIPCIONES, PERIÓDICOS Y REVISTAS	f	t
1801	1798	519515    	MÚSICA AMBIENTAL	f	t
1802	1798	519520    	GASTOS DE REPRESENTACIÓN Y RELACIONES PÚBLICAS	f	t
1803	1798	519525    	ELEMENTOS DE ASEO Y CAFETERÍA	f	t
1804	1798	519530    	ÚTILES, PAPELERÍA Y FOTOCOPIAS	f	t
1805	1798	519535    	COMBUSTIBLES Y LUBRICANTES	f	t
1806	1798	519540    	ENVASES Y EMPAQUES	f	t
1807	1798	519545    	TAXIS Y BUSES	f	t
1808	1798	519550    	ESTAMPILLAS	f	t
1809	1798	519555    	MICROFILMACIÓN	f	t
1810	1798	519560    	CASINO Y RESTAURANTE	f	t
1811	1798	519565    	PARQUEADEROS	f	t
1812	1798	519570    	INDEMNIZACIÓN POR DAÑOS A TERCEROS	f	t
1813	1798	519575    	PÓLVORA Y SIMILARES	f	t
1814	1798	519595    	OTROS	f	t
1815	1798	519599    	AJUSTES POR INFLACIÓN)*	f	t
1816	1624	5199      	PROVISIONES	f	t
1817	1816	519905    	INVERSIONES	f	t
1818	1816	519910    	DEUDORES	f	t
1819	1816	519915    	PROPIEDADES, PLANTA Y EQUIPO	f	t
1820	1816	519995    	OTROS ACTIVOS	f	t
1821	1816	519999    	AJUSTES POR INFLACIÓN)*	f	t
1822	1623	52        	OPERACIONALES DE VENTAS	f	t
1823	1822	5205      	GASTOS DE PERSONAL	f	t
1824	1823	520503    	SALARIO INTEGRAL	f	t
1825	1823	520506    	SUELDOS	f	t
1826	1823	520512    	JORNALES	f	t
1827	1823	520515    	HORAS EXTRAS Y RECARGOS	f	t
1828	1823	520518    	COMISIONES	f	t
1829	1823	520521    	VIÁTICOS	f	t
1830	1823	520524    	INCAPACIDADES	f	t
1831	1823	520527    	AUXILIO DE TRANSPORTE	f	t
1832	1823	520530    	CESANTÍAS	f	t
1833	1823	520533    	INTERESES SOBRE CESANTÍAS	f	t
1834	1823	520536    	PRIMA DE SERVICIOS	f	t
1835	1823	520539    	VACACIONES	f	t
1836	1823	520542    	PRIMAS EXTRALEGALES	f	t
1837	1823	520545    	AUXILIOS	f	t
1838	1823	520548    	BONIFICACIONES	f	t
1839	1823	520551    	DOTACIÓN Y SUMINISTRO A TRABAJADORES	f	t
1840	1823	520554    	SEGUROS	f	t
1841	1823	520557    	CUOTAS PARTES PENSIONES DE JUBILACIÓN	f	t
1842	1823	520558    	AMORTIZACIÓN CÁLCULO ACTUARIAL PENSIONES DE JUBILACIÓN	f	t
1843	1823	520559    	PENSIONES DE JUBILACIÓN	f	t
1844	1823	520560    	INDEMNIZACIONES LABORALES	f	t
1845	1823	520561    	AMORTIZACIÓN BONOS PENSIONALES	f	t
1846	1823	520562    	AMORTIZACIÓN TÍTULOS PENSIONALES	f	t
1847	1823	520563    	CAPACITACIÓN AL PERSONAL	f	t
1848	1823	520566    	GASTOS DEPORTIVOS Y DE RECREACIÓN	f	t
1849	1823	520568    	APORTES A ADMINISTRADORAS DE RIESGOS PROFESIONALES, ARP	f	t
1850	1823	520569    	APORTES A ENTIDADES PROMOTORAS DE SALUD, EPS	f	t
1851	1823	520570    	APORTES A FONDOS DE PENSIONES Y/O CESANTÍAS	f	t
1852	1823	520572    	APORTES CAJAS DE COMPENSACIÓN FAMILIAR	f	t
1853	1823	520575    	APORTES ICBF 	f	t
1854	1823	520578    	SENA	f	t
1855	1823	520581    	APORTES SINDICALES	f	t
1856	1823	520584    	GASTOS MÉDICOS Y DROGAS	f	t
1857	1823	520595    	OTROS	f	t
1858	1823	520599    	AJUSTES POR INFLACIÓN)*	f	t
1859	1822	5210      	HONORARIOS 	f	t
1860	1859	521005    	JUNTA DIRECTIVA	f	t
1861	1859	521010    	REVISORÍA FISCAL	f	t
1862	1859	521015    	AUDITORÍA EXTERNA	f	t
1863	1859	521020    	AVALÚOS	f	t
1864	1859	521025    	ASESORÍA JURÍDICA	f	t
1865	1859	521030    	ASESORÍA FINANCIERA	f	t
1866	1859	521035    	ASESORÍA TÉCNICA	f	t
1867	1859	521095    	OTROS	f	t
1868	1859	521099    	AJUSTES POR INFLACIÓN)*	f	t
1869	1822	5215      	IMPUESTOS	f	t
1870	1869	521505    	INDUSTRIA Y COMERCIO	f	t
1871	1869	521510    	DE TIMBRES	f	t
1872	1869	521515    	A LA PROPIEDAD RAÍZ	f	t
1873	1869	521520    	DERECHOS SOBRE INSTRUMENTOS PÚBLICOS	f	t
1874	1869	521525    	DE VALORIZACIÓN	f	t
1875	1869	521530    	DE TURISMO	f	t
1876	1869	521535    	TASA POR UTILIZACIÓN DE PUERTOS	f	t
1877	1869	521540    	DE VEHÍCULOS	f	t
1878	1869	521545    	DE ESPECTÁCULOS PÚBLICOS	f	t
1879	1869	521550    	CUOTAS DE FOMENTO	f	t
1880	1869	521555    	LICORES	f	t
1881	1869	521560    	CERVEZAS	f	t
1882	1869	521565    	CIGARRILLOS	f	t
1883	1869	521570    	IVA DESCONTABLE	f	t
1884	1869	521595    	OTROS	f	t
1885	1869	521599    	AJUSTES POR INFLACIÓN)*	f	t
1886	1822	5220      	ARRENDAMIENTOS	f	t
1887	1886	522005    	TERRENOS	f	t
1888	1886	522010    	CONSTRUCCIONES Y EDIFICACIONES	f	t
1889	1886	522015    	MAQUINARIA Y EQUIPO	f	t
1890	1886	522020    	EQUIPO DE OFICINA	f	t
1891	1886	522025    	EQUIPO DE COMPUTACIÓN Y COMUNICACIÓN	f	t
1892	1886	522030    	EQUIPO MÉDICO-CIENTÍFICO	f	t
1893	1886	522035    	EQUIPO DE HOTELES Y RESTAURANTES	f	t
1894	1886	522040    	FLOTA Y EQUIPO DE TRANSPORTE	f	t
1895	1886	522045    	FLOTA Y EQUIPO FLUVIAL Y/O MARÍTIMO	f	t
1896	1886	522050    	FLOTA Y EQUIPO AÉREO	f	t
1897	1886	522055    	FLOTA Y EQUIPO FÉRREO	f	t
1898	1886	522060    	ACUEDUCTOS, PLANTAS Y REDES	f	t
1899	1886	522065    	AERÓDROMOS	f	t
1900	1886	522070    	SEMOVIENTES	f	t
1901	1886	522095    	OTROS	f	t
1902	1886	522099    	AJUSTES POR INFLACIÓN)*	f	t
1903	1822	5225      	CONTRIBUCIONES Y AFILIACIONES	f	t
1904	1903	522505    	CONTRIBUCIONES	f	t
1905	1903	522510    	AFILIACIONES Y SOSTENIMIENTO	f	t
1906	1903	522599    	AJUSTES POR INFLACIÓN)*	f	t
1907	1822	5230      	SEGUROS 	f	t
1908	1907	523005    	MANEJO	f	t
1909	1907	523010    	CUMPLIMIENTO	f	t
1910	1907	523015    	CORRIENTE DÉBIL	f	t
1911	1907	523020    	VIDA COLECTIVA	f	t
1912	1907	523025    	INCENDIO	f	t
1913	1907	523030    	TERREMOTO	f	t
1914	1907	523035    	SUSTRACCIÓN Y HURTO	f	t
1915	1907	523040    	FLOTA Y EQUIPO DE TRANSPORTE	f	t
1916	1907	523045    	FLOTA Y EQUIPO FLUVIAL Y/O MARÍTIMO	f	t
1917	1907	523050    	FLOTA Y EQUIPO AÉREO	f	t
1918	1907	523055    	FLOTA Y EQUIPO FÉRREO	f	t
1919	1907	523060    	RESPONSABILIDAD CIVIL Y EXTRACONTRACTUAL	f	t
1920	1907	523065    	VUELO	f	t
1921	1907	523070    	ROTURA DE MAQUINARIA	f	t
1922	1907	523075    	OBLIGATORIO ACCIDENTE DE TRÁNSITO	f	t
1923	1907	523080    	LUCRO CESANTE	f	t
1924	1907	523095    	OTROS	f	t
1925	1907	523099    	AJUSTES POR INFLACIÓN)*	f	t
1926	1822	5235      	SERVICIOS	f	t
1927	1926	523505    	ASEO Y VIGILANCIA	f	t
1928	1926	523510    	TEMPORALES	f	t
1929	1926	523515    	ASISTENCIA TÉCNICA	f	t
1930	1926	523520    	PROCESAMIENTO ELECTRÓNICO DE DATOS	f	t
1931	1926	523525    	ACUEDUCTO Y ALCANTARILLADO	f	t
1932	1926	523530    	ENERGÍA ELÉCTRICA	f	t
1933	1926	523535    	TELÉFONO	f	t
1934	1926	523540    	CORREO, PORTES Y TELEGRAMAS	f	t
1935	1926	523545    	FAX Y TÉLEX	f	t
1936	1926	523550    	TRANSPORTE, FLETES Y ACARREOS	f	t
1937	1926	523555    	GAS	f	t
1938	1926	523560    	PUBLICIDAD, PROPAGANDA Y PROMOCIÓN	f	t
1939	1926	523595    	OTROS	f	t
1940	1926	523599    	AJUSTES POR INFLACIÓN)*	f	t
1941	1822	5240      	GASTOS LEGALES 	f	t
1942	1941	524005    	NOTARIALES	f	t
1943	1941	524010    	REGISTRO MERCANTIL	f	t
1944	1941	524015    	TRÁMITES Y LICENCIAS	f	t
1945	1941	524020    	ADUANEROS	f	t
1946	1941	524025    	CONSULARES	f	t
1947	1941	524095    	OTROS	f	t
1948	1941	524099    	AJUSTES POR INFLACIÓN)*	f	t
1949	1822	5245      	MANTENIMIENTO Y REPARACIONES	f	t
1950	1949	524505    	TERRENOS	f	t
1951	1949	524510    	CONSTRUCCIONES Y EDIFICACIONES	f	t
1952	1949	524515    	MAQUINARIA Y EQUIPO	f	t
1953	1949	524520    	EQUIPO DE OFICINA	f	t
1954	1949	524525    	EQUIPO DE COMPUTACIÓN Y COMUNICACIÓN	f	t
1955	1949	524530    	EQUIPO MÉDICO-CIENTÍFICO	f	t
1956	1949	524535    	EQUIPO DE HOTELES Y RESTAURANTES	f	t
1957	1949	524540    	FLOTA Y EQUIPO DE TRANSPORTE	f	t
1958	1949	524545    	FLOTA Y EQUIPO FLUVIAL Y/O MARÍTIMO	f	t
1959	1949	524550    	FLOTA Y EQUIPO AÉREO	f	t
1960	1949	524555    	FLOTA Y EQUIPO FÉRREO	f	t
1961	1949	524560    	ACUEDUCTOS, PLANTAS Y REDES	f	t
1962	1949	524565    	ARMAMENTO DE VIGILANCIA	f	t
1963	1949	524570    	VÍAS DE COMUNICACIÓN	f	t
1964	1949	524599    	AJUSTES POR INFLACIÓN)*	f	t
1965	1822	5250      	ADECUACIÓN E INSTALACIÓN	f	t
1966	1965	525005    	INSTALACIONES ELÉCTRICAS	f	t
1967	1965	525010    	ARREGLOS ORNAMENTALES	f	t
1968	1965	525015    	REPARACIONES LOCATIVAS	f	t
1969	1965	525095    	OTROS	f	t
1970	1965	525099    	AJUSTES POR INFLACIÓN)*	f	t
1971	1822	5255      	GASTOS DE VIAJE	f	t
1972	1971	525505    	ALOJAMIENTO Y MANUTENCIÓN	f	t
1973	1971	525510    	PASAJES FLUVIALES Y/O MARÍTIMOS	f	t
1974	1971	525515    	PASAJES AÉREOS	f	t
1975	1971	525520    	PASAJES TERRESTRES	f	t
1976	1971	525525    	PASAJES FÉRREOS	f	t
1977	1971	525595    	OTROS	f	t
1978	1971	525599    	AJUSTES POR INFLACIÓN)*	f	t
1979	1822	5260      	DEPRECIACIONES	f	t
1980	1979	526005    	CONSTRUCCIONES Y EDIFICACIONES	f	t
1981	1979	526010    	MAQUINARIA Y EQUIPO	f	t
1982	1979	526015    	EQUIPO DE OFICINA	f	t
1983	1979	526020    	EQUIPO DE COMPUTACIÓN Y COMUNICACIÓN	f	t
1984	1979	526025    	EQUIPO MÉDICO-CIENTÍFICO	f	t
1985	1979	526030    	EQUIPO DE HOTELES Y RESTAURANTES	f	t
1986	1979	526035    	FLOTA Y EQUIPO DE TRANSPORTE	f	t
1987	1979	526040    	FLOTA Y EQUIPO FLUVIAL Y/O MARÍTIMO	f	t
1988	1979	526045    	FLOTA Y EQUIPO AÉREO	f	t
1989	1979	526050    	FLOTA Y EQUIPO FÉRREO	f	t
1990	1979	526055    	ACUEDUCTOS, PLANTAS Y REDES	f	t
1991	1979	526060    	ARMAMENTO DE VIGILANCIA	f	t
1992	1979	526065    	ENVASES Y EMPAQUES	f	t
1993	1979	526099    	AJUSTES POR INFLACIÓN)*	f	t
1994	1822	5265      	AMORTIZACIONES	f	t
1995	1994	526505    	VÍAS DE COMUNICACIÓN	f	t
1996	1994	526510    	INTANGIBLES	f	t
1997	1994	526515    	CARGOS DIFERIDOS	f	t
1998	1994	526595    	OTRAS	f	t
1999	1994	526599    	AJUSTES POR INFLACIÓN)*	f	t
2000	1822	5270      	FINANCIEROS-REAJUSTE DEL SISTEMA	f	t
2001	2000	527099    	AJUSTES POR INFLACIÓN)*	f	t
2002	1822	5275      	PÉRDIDAS MÉTODO DE PARTICIPACIÓN	f	t
2003	2002	527505    	DE SOCIEDADES ANÓNIMAS Y/O ASIMILADAS	f	t
2004	2002	527510    	DE SOCIEDADES LIMITADAS Y/O ASIMILADAS	f	t
2005	1822	5295      	DIVERSOS	f	t
2006	2005	529505    	COMISIONES	f	t
2007	2005	529510    	LIBROS, SUSCRIPCIONES, PERIÓDICOS Y REVISTAS	f	t
2008	2005	529515    	MÚSICA AMBIENTAL	f	t
2009	2005	529520    	GASTOS DE REPRESENTACIÓN Y RELACIONES PÚBLICAS	f	t
2010	2005	529525    	ELEMENTOS DE ASEO Y CAFETERÍA	f	t
2011	2005	529530    	ÚTILES, PAPELERÍA Y FOTOCOPIAS	f	t
2012	2005	529535    	COMBUSTIBLES Y LUBRICANTES	f	t
2013	2005	529540    	ENVASES Y EMPAQUES	f	t
2014	2005	529545    	TAXIS Y BUSES	f	t
2015	2005	529550    	ESTAMPILLAS	f	t
2016	2005	529555    	MICROFILMACIÓN	f	t
2017	2005	529560    	CASINO Y RESTAURANTE	f	t
2018	2005	529565    	PARQUEADEROS	f	t
2019	2005	529570    	INDEMNIZACIÓN POR DAÑOS A TERCEROS	f	t
2020	2005	529575    	PÓLVORA Y SIMILARES	f	t
2021	2005	529595    	OTROS	f	t
2022	2005	529599    	AJUSTES POR INFLACIÓN)*	f	t
2023	1822	5299      	PROVISIONES	f	t
2024	2023	529905    	INVERSIONES	f	t
2025	2023	529910    	DEUDORES	f	t
2026	2023	529915    	INVENTARIOS	f	t
2027	2023	529920    	PROPIEDADES, PLANTA Y EQUIPO	f	t
2028	2023	529995    	OTROS ACTIVOS	f	t
2029	2023	529999    	AJUSTES POR INFLACIÓN)*	f	t
2030	1623	53        	NO OPERACIONALES	f	t
2031	2030	5305      	FINANCIEROS	f	t
2032	2031	530505    	GASTOS BANCARIOS	f	t
2033	2031	530510    	REAJUSTE MONETARIO-UPAC	f	t
2034	2031	530515    	COMISIONES	f	t
2035	2031	530520    	INTERESES	f	t
2036	2031	530525    	DIFERENCIA EN CAMBIO	f	t
2037	2031	530530    	GASTOS EN NEGOCIACIÓN CERTIFICADOS DE CAMBIO	f	t
2038	2031	530535    	DESCUENTOS COMERCIALES CONDICIONADOS	f	t
2039	2031	530540    	GASTOS MANEJO Y EMISIÓN DE BONOS	f	t
2040	2031	530545    	PRIMA AMORTIZADA	f	t
2041	2031	530595    	OTROS	f	t
2042	2031	530599    	AJUSTES POR INFLACIÓN)*	f	t
2043	2030	5310      	PÉRDIDA EN VENTA Y RETIRO DE BIENES	f	t
2044	2043	531005    	VENTA DE INVERSIONES	f	t
2045	2043	531010    	VENTA DE CARTERA	f	t
2046	2043	531015    	VENTA DE PROPIEDADES, PLANTA Y EQUIPO	f	t
2047	2043	531020    	VENTA DE INTANGIBLES	f	t
2048	2043	531025    	VENTA DE OTROS ACTIVOS	f	t
2049	2043	531030    	RETIRO DE PROPIEDADES, PLANTA Y EQUIPO	f	t
2050	2043	531035    	RETIRO DE OTROS ACTIVOS	f	t
2051	2043	531040    	PÉRDIDAS POR SINIESTROS	f	t
2052	2043	531095    	OTROS	f	t
2053	2043	531099    	AJUSTES POR INFLACIÓN)*	f	t
2054	2030	5313      	PÉRDIDAS MÉTODO DE PARTICIPACIÓN	f	t
2055	2054	531305    	DE SOCIEDADES ANÓNIMAS Y/O ASIMILADAS	f	t
2056	2054	531310    	DE SOCIEDADES LIMITADAS Y/O ASIMILADAS	f	t
2057	2030	5315      	GASTOS EXTRAORDINARIOS	f	t
2058	2057	531505    	COSTAS Y PROCESOS JUDICIALES	f	t
2059	2057	531510    	ACTIVIDADES CULTURALES Y CÍVICAS	f	t
2060	2057	531515    	COSTOS Y GASTOS DE EJERCICIOS ANTERIORES	f	t
2061	2057	531520    	IMPUESTOS ASUMIDOS	f	t
2062	2057	531595    	OTROS	f	t
2063	2057	531599    	AJUSTES POR INFLACIÓN)*	f	t
2064	2030	5395      	GASTOS DIVERSOS	f	t
2065	2064	539505    	DEMANDAS LABORALES	f	t
2066	2064	539510    	DEMANDAS POR INCUMPLIMIENTO DE CONTRATOS	f	t
2067	2064	539515    	INDEMNIZACIONES	f	t
2068	2064	539520    	MULTAS, SANCIONES Y LITIGIOS	f	t
2069	2064	539525    	DONACIONES	f	t
2070	2064	539530    	CONSTITUCIÓN DE GARANTÍAS	f	t
2071	2064	539535    	AMORTIZACIÓN DE BIENES ENTREGADOS EN COMODATO	f	t
2072	2064	539595    	OTROS	f	t
2073	2064	539599    	AJUSTES POR INFLACIÓN)*	f	t
2074	1623	54        	IMPUESTO DE RENTA Y COMPLEMENTARIOS	f	t
2075	2074	5405      	IMPUESTO DE RENTA Y COMPLEMENTARIOS	f	t
2076	2075	540505    	IMPUESTO DE RENTA Y COMPLEMENTARIOS	f	t
2077	1623	59        	GANANCIAS Y PÉRDIDAS	f	t
2078	2077	5905      	GANANCIAS Y PÉRDIDAS	f	t
2079	2078	590505    	GANANCIAS Y PÉRDIDAS	f	t
2080	0	6         	COSTOS DE VENTAS	f	t
2081	2080	61        	COSTO DE VENTAS Y DE PRESTACIÓN DE SERVICIOS	f	t
2082	2081	6105      	AGRICULTURA, GANADERÍA, CAZA Y SILVICULTURA 	f	t
2083	2082	610505    	CULTIVO DE CEREALES	f	t
2084	2082	610510    	CULTIVOS DE HORTALIZAS, LEGUMBRES Y PLANTAS ORNAMENTALES	f	t
2085	2082	610515    	CULTIVOS DE FRUTAS, NUECES Y PLANTAS AROMÁTICAS	f	t
2086	2082	610520    	CULTIVO DE CAFÉ	f	t
2087	2082	610525    	CULTIVO DE FLORES	f	t
2088	2082	610530    	CULTIVO DE CAÑA DE AZÚCAR	f	t
2089	2082	610535    	CULTIVO DE ALGODÓN Y PLANTAS PARA MATERIAL TEXTIL	f	t
2090	2082	610540    	CULTIVO DE BANANO	f	t
2091	2082	610545    	OTROS CULTIVOS AGRÍCOLAS	f	t
2092	2082	610550    	CRÍA DE OVEJAS, CABRAS, ASNOS, MULAS Y BURDÉGANOS	f	t
2093	2082	610555    	CRÍA DE GANADO CABALLAR Y VACUNO	f	t
2094	2082	610560    	PRODUCCIÓN AVÍCOLA	f	t
2095	2082	610565    	CRÍA DE OTROS ANIMALES	f	t
2096	2082	610570    	SERVICIOS AGRÍCOLAS Y GANADEROS	f	t
2097	2082	610575    	ACTIVIDAD DE CAZA	f	t
2098	2082	610580    	ACTIVIDAD DE SILVICULTURA	f	t
2099	2082	610595    	ACTIVIDADES CONEXAS	f	t
2100	2082	610599    	AJUSTES POR INFLACIÓN)*	f	t
2101	2081	6110      	PESCA	f	t
2102	2101	611005    	ACTIVIDAD DE PESCA	f	t
2103	2101	611010    	EXPLOTACIÓN DE CRIADEROS DE PECES	f	t
2104	2101	611095    	ACTIVIDADES CONEXAS	f	t
2105	2101	611099    	AJUSTES POR INFLACIÓN)*	f	t
2106	2081	6115      	EXPLOTACIÓN DE MINAS Y CANTERAS	f	t
2107	2106	611505    	CARBÓN	f	t
2108	2106	611510    	PETRÓLEO CRUDO	f	t
2109	2106	611512    	GAS NATURAL	f	t
2110	2106	611514    	SERVICIOS RELACIONADOS CON EXTRACCIÓN DE PETRÓLEO Y GAS	f	t
2111	2106	611515    	MINERALES DE HIERRO	f	t
2112	2106	611520    	MINERALES METALÍFEROS NO FERROSOS	f	t
2113	2106	611525    	PIEDRA, ARENA Y ARCILLA	f	t
2114	2106	611527    	PIEDRAS PRECIOSAS	f	t
2115	2106	611528    	ORO	f	t
2116	2106	611530    	OTRAS MINAS Y CANTERAS	f	t
2117	2106	611532    	PRESTACIÓN DE SERVICIOS SECTOR MINERO	f	t
2118	2106	611595    	ACTIVIDADES CONEXAS	f	t
2119	2106	611599    	AJUSTES POR INFLACIÓN)*	f	t
2120	2081	6120      	INDUSTRIAS MANUFACTURERAS 	f	t
2121	2120	612001    	PRODUCCIÓN Y PROCESAMIENTO DE CARNES Y PRODUCTOS CÁRNICOS	f	t
2122	2120	612002    	PRODUCTOS DE PESCADO	f	t
2123	2120	612003    	PRODUCTOS DE FRUTAS, LEGUMBRES Y HORTALIZAS	f	t
2124	2120	612004    	ELABORACIÓN DE ACEITES Y GRASAS	f	t
2125	2120	612005    	ELABORACIÓN DE PRODUCTOS LÁCTEOS	f	t
2126	2120	612006    	ELABORACIÓN DE PRODUCTOS DE MOLINERÍA	f	t
2127	2120	612007    	ELABORACIÓN DE ALMIDONES Y DERIVADOS	f	t
2128	2120	612008    	ELABORACIÓN DE ALIMENTOS PARA ANIMALES	f	t
2129	2120	612009    	ELABORACIÓN DE PRODUCTOS PARA PANADERÍA	f	t
2130	2120	612010    	ELABORACIÓN DE AZÚCAR Y MELAZAS	f	t
2131	2120	612011    	ELABORACIÓN DE CACAO, CHOCOLATE Y CONFITERÍA	f	t
2132	2120	612012    	ELABORACIÓN DE PASTAS Y PRODUCTOS FARINÁCEOS	f	t
2133	2120	612013    	ELABORACIÓN DE PRODUCTOS DE CAFÉ	f	t
2134	2120	612014    	ELABORACIÓN DE OTROS PRODUCTOS ALIMENTICIOS	f	t
2135	2120	612015    	ELABORACIÓN DE BEBIDAS ALCOHÓLICAS Y ALCOHOL ETÍLICO	f	t
2136	2120	612016    	ELABORACIÓN DE VINOS	f	t
2137	2120	612017    	ELABORACIÓN DE BEBIDAS MALTEADAS Y DE MALTA	f	t
2138	2120	612018    	ELABORACIÓN DE BEBIDAS NO ALCOHÓLICAS	f	t
2139	2120	612019    	ELABORACIÓN DE PRODUCTOS DE TABACO	f	t
2140	2120	612020    	PREPARACIÓN E HILATURA DE FIBRAS TEXTILES Y TEJEDURÍA	f	t
2141	2120	612021    	ACABADO DE PRODUCTOS TEXTILES	f	t
2142	2120	612022    	ELABORACIÓN DE ARTÍCULOS DE MATERIALES TEXTILES	f	t
2143	2120	612023    	ELABORACIÓN DE TAPICES Y ALFOMBRAS	f	t
2144	2120	612024    	ELABORACIÓN DE CUERDAS, CORDELES, BRAMANTES Y REDES	f	t
2145	2120	612025    	ELABORACIÓN DE OTROS PRODUCTOS TEXTILES	f	t
2146	2120	612026    	ELABORACIÓN DE TEJIDOS	f	t
2147	2120	612027    	ELABORACIÓN DE PRENDAS DE VESTIR	f	t
2148	2120	612028    	PREPARACIÓN, ADOBO Y TEÑIDO DE PIELES	f	t
2149	2120	612029    	CURTIDO, ADOBO O PREPARACIÓN DE CUERO	f	t
2150	2120	612030    	ELABORACIÓN DE MALETAS, BOLSOS Y SIMILARES	f	t
2151	2120	612031    	ELABORACIÓN DE CALZADO	f	t
2152	2120	612032    	PRODUCCIÓN DE MADERA, ARTÍCULOS DE MADERA Y CORCHO	f	t
2153	2120	612033    	ELABORACIÓN DE PASTA Y PRODUCTOS DE MADERA, PAPEL Y CARTÓN	f	t
2154	2120	612034    	EDICIONES Y PUBLICACIONES	f	t
2155	2120	612035    	IMPRESIÓN	f	t
2156	2120	612036    	SERVICIOS RELACIONADOS CON LA EDICIÓN Y LA IMPRESIÓN	f	t
2157	2120	612037    	REPRODUCCIÓN DE GRABACIONES	f	t
2158	2120	612038    	ELABORACIÓN DE PRODUCTOS DE HORNO DE COQUE	f	t
2159	2120	612039    	ELABORACIÓN DE PRODUCTOS DE LA REFINACIÓN DE PETRÓLEO	f	t
2160	2120	612040    	ELABORACIÓN DE SUSTANCIAS QUÍMICAS BÁSICAS	f	t
2161	2120	612041    	ELABORACIÓN DE ABONOS Y COMPUESTOS DE NITRÓGENO	f	t
2162	2120	612042    	ELABORACIÓN DE PLÁSTICO Y CAUCHO SINTÉTICO	f	t
2163	2120	612043    	ELABORACIÓN DE PRODUCTOS QUÍMICOS DE USO AGROPECUARIO	f	t
2164	2120	612044    	ELABORACIÓN DE PINTURAS, TINTAS Y MASILLAS	f	t
2165	2120	612045    	ELABORACIÓN DE PRODUCTOS FARMACÉUTICOS Y BOTÁNICOS	f	t
2166	2120	612046    	ELABORACIÓN DE JABONES, DETERGENTES Y PREPARADOS DE TOCADOR	f	t
2167	2120	612047    	ELABORACIÓN DE OTROS PRODUCTOS QUÍMICOS	f	t
2168	2120	612048    	ELABORACIÓN DE FIBRAS	f	t
2169	2120	612049    	ELABORACIÓN DE OTROS PRODUCTOS DE CAUCHO	f	t
2170	2120	612050    	ELABORACIÓN DE PRODUCTOS DE PLÁSTICO	f	t
2171	2120	612051    	ELABORACIÓN DE VIDRIO Y PRODUCTOS DE VIDRIO	f	t
2172	2120	612052    	ELABORACIÓN DE PRODUCTOS DE CERÁMICA, LOZA, PIEDRA, ARCILLA Y PORCELANA	f	t
2173	2120	612053    	ELABORACIÓN DE CEMENTO, CAL Y YESO	f	t
2174	2120	612054    	ELABORACIÓN DE ARTÍCULOS DE HORMIGÓN, CEMENTO Y YESO	f	t
2175	2120	612055    	CORTE, TALLADO Y ACABADO DE LA PIEDRA	f	t
2176	2120	612056    	ELABORACIÓN DE OTROS PRODUCTOS MINERALES NO METÁLICOS	f	t
2177	2120	612057    	INDUSTRIAS BÁSICAS Y FUNDICIÓN DE HIERRO Y ACERO	f	t
2178	2120	612058    	PRODUCTOS PRIMARIOS DE METALES PRECIOSOS Y DE METALES NO FERROSOS	f	t
2179	2120	612059    	FUNDICIÓN DE METALES NO FERROSOS	f	t
2180	2120	612060    	FABRICACIÓN DE PRODUCTOS METÁLICOS PARA USO ESTRUCTURAL	f	t
2181	2120	612061    	FORJA, PRENSADO, ESTAMPADO, LAMINADO DE METAL Y PULVIMETALURGIA	f	t
2182	2120	612062    	REVESTIMIENTO DE METALES Y OBRAS DE INGENIERÍA MECÁNICA	f	t
2183	2120	612063    	FABRICACIÓN DE ARTÍCULOS DE FERRETERÍA	f	t
2184	2120	612064    	ELABORACIÓN DE OTROS PRODUCTOS DE METAL	f	t
2185	2120	612065    	FABRICACIÓN DE MAQUINARIA Y EQUIPO	f	t
2186	2120	612066    	FABRICACIÓN DE EQUIPOS DE ELEVACIÓN Y MANIPULACIÓN	f	t
2187	2120	612067    	ELABORACIÓN DE APARATOS DE USO DOMÉSTICO	f	t
2188	2120	612068    	ELABORACIÓN DE EQUIPO DE OFICINA	f	t
2189	2120	612069    	ELABORACIÓN DE PILAS Y BATERÍAS PRIMARIAS	f	t
2190	2120	612070    	ELABORACIÓN DE EQUIPO DE ILUMINACIÓN	f	t
2191	2120	612071    	ELABORACIÓN DE OTROS TIPOS DE EQUIPO ELÉCTRICO	f	t
2192	2120	612072    	FABRICACIÓN DE EQUIPOS DE RADIO, TELEVISIÓN Y COMUNICACIONES	f	t
2193	2120	612073    	FABRICACIÓN DE APARATOS E INSTRUMENTOS MÉDICOS	f	t
2194	2120	612074    	FABRICACIÓN DE INSTRUMENTOS DE MEDICIÓN Y CONTROL	f	t
2195	2120	612075    	FABRICACIÓN DE INSTRUMENTOS DE ÓPTICA Y EQUIPO FOTOGRÁFICO	f	t
2196	2120	612076    	FABRICACIÓN DE RELOJES	f	t
2197	2120	612077    	FABRICACIÓN DE VEHÍCULOS AUTOMOTORES	f	t
2198	2120	612078    	FABRICACIÓN DE CARROCERÍAS PARA AUTOMOTORES	f	t
2199	2120	612079    	FABRICACIÓN DE PARTES, PIEZAS Y ACCESORIOS PARA AUTOMOTORES	f	t
2200	2120	612080    	FABRICACIÓN Y REPARACIÓN DE BUQUES Y OTRAS EMBARCACIONES	f	t
2201	2120	612081    	FABRICACIÓN DE LOCOMOTORAS Y MATERIAL RODANTE PARA FERROCARRILES	f	t
2202	2120	612082    	FABRICACIÓN DE AERONAVES	f	t
2203	2120	612083    	FABRICACIÓN DE MOTOCICLETAS	f	t
2204	2120	612084    	FABRICACIÓN DE BICICLETAS Y SILLAS DE RUEDAS	f	t
2205	2120	612085    	FABRICACIÓN DE OTROS TIPOS DE TRANSPORTE	f	t
2206	2120	612086    	FABRICACIÓN DE MUEBLES	f	t
2207	2120	612087    	FABRICACIÓN DE JOYAS Y ARTÍCULOS CONEXOS	f	t
2208	2120	612088    	FABRICACIÓN DE INSTRUMENTOS DE MÚSICA	f	t
2209	2120	612089    	FABRICACIÓN DE ARTÍCULOS Y EQUIPO PARA DEPORTE	f	t
2210	2120	612090    	FABRICACIÓN DE JUEGOS Y JUGUETES	f	t
2211	2120	612091    	RECICLAMIENTO DE DESPERDICIOS	f	t
2212	2120	612095    	PRODUCTOS DE OTRAS INDUSTRIAS MANUFACTURERAS	f	t
2213	2120	612099    	AJUSTES POR INFLACIÓN)*	f	t
2214	2081	6125      	SUMINISTRO DE ELECTRICIDAD, GAS Y AGUA	f	t
2215	2214	612505    	GENERACIÓN, CAPTACIÓN Y DISTRIBUCIÓN DE ENERGÍA ELÉCTRICA	f	t
2216	2214	612510    	FABRICACIÓN DE GAS Y DISTRIBUCIÓN DE COMBUSTIBLES GASEOSOS	f	t
2217	2214	612515    	CAPTACIÓN, DEPURACIÓN Y DISTRIBUCIÓN DE AGUA	f	t
2218	2214	612595    	ACTIVIDADES CONEXAS	f	t
2219	2214	612599    	AJUSTES POR INFLACIÓN)*	f	t
2220	2081	6130      	CONSTRUCCIÓN	f	t
2221	2220	613005    	PREPARACIÓN DE TERRENOS	f	t
2222	2220	613010    	CONSTRUCCIÓN DE EDIFICIOS Y OBRAS DE INGENIERÍA CIVIL	f	t
2223	2220	613015    	ACONDICIONAMIENTO DE EDIFICIOS	f	t
2224	2220	613020    	TERMINACIÓN DE EDIFICACIONES	f	t
2225	2220	613025    	ALQUILER DE EQUIPO CON OPERARIO	f	t
2226	2220	613095    	ACTIVIDADES CONEXAS	f	t
2227	2220	613099    	AJUSTES POR INFLACIÓN)*	f	t
2228	2081	6135      	COMERCIO AL POR MAYOR Y AL POR MENOR	f	t
2229	2228	613502    	VENTA DE VEHÍCULOS AUTOMOTORES	f	t
2230	2228	613504    	MANTENIMIENTO, REPARACIÓN Y LAVADO DE VEHÍCULOS AUTOMOTORES	f	t
2231	2228	613506    	VENTA DE PARTES, PIEZAS Y ACCESORIOS DE VEHÍCULOS AUTOMOTORES	f	t
2232	2228	613508    	VENTA DE COMBUSTIBLES SÓLIDOS, LÍQUIDOS, GASEOSOS	f	t
2233	2228	613510    	VENTA DE LUBRICANTES, ADITIVOS, LLANTAS Y LUJOS PARA AUTOMOTORES	f	t
2234	2228	613512    	VENTA A CAMBIO DE RETRIBUCIÓN O POR CONTRATA	f	t
2235	2228	613514    	VENTA DE INSUMOS, MATERIAS PRIMAS AGROPECUARIAS Y FLORES	f	t
2236	2228	613516    	VENTA DE OTROS INSUMOS Y MATERIAS PRIMAS NO AGROPECUARIAS	f	t
2237	2228	613518    	VENTA DE ANIMALES VIVOS Y CUEROS	f	t
2238	2228	613520    	VENTA DE PRODUCTOS EN ALMACENES NO ESPECIALIZADOS	f	t
2239	2228	613522    	VENTA DE PRODUCTOS AGROPECUARIOS	f	t
2240	2228	613524    	VENTA DE PRODUCTOS TEXTILES, DE VESTIR, DE CUERO Y CALZADO	f	t
2241	2228	613526    	VENTA DE PAPEL Y CARTÓN	f	t
2242	2228	613528    	VENTA DE LIBROS, REVISTAS, ELEMENTOS DE PAPELERÍA, ÚTILES Y TEXTOS ESCOLARES	f	t
2243	2228	613530    	VENTA DE JUEGOS, JUGUETES Y ARTÍCULOS DEPORTIVOS	f	t
2244	2228	613532    	VENTA DE INSTRUMENTOS QUIRÚRGICOS Y ORTOPÉDICOS	f	t
2245	2228	613534    	VENTA DE ARTÍCULOS EN RELOJERÍAS Y JOYERÍAS	f	t
2246	2228	613536    	VENTA DE ELECTRODOMÉSTICOS Y MUEBLES	f	t
2247	2228	613538    	VENTA DE PRODUCTOS DE ASEO, FARMACÉUTICOS, MEDICINALES Y ARTÍCULOS DE TOCADOR	f	t
2248	2228	613540    	VENTA DE CUBIERTOS, VAJILLAS, CRISTALERÍA, PORCELANAS, CERÁMICAS Y OTROS ARTÍCULOS DE USO DOMÉSTICO	f	t
2249	2228	613542    	VENTA DE MATERIALES DE CONSTRUCCIÓN, FONTANERÍA Y CALEFACCIÓN	f	t
2250	2228	613544    	VENTA DE PINTURAS Y LACAS	f	t
2251	2228	613546    	VENTA DE PRODUCTOS DE VIDRIOS Y MARQUETERÍA	f	t
2252	2228	613548    	VENTA DE HERRAMIENTAS Y ARTÍCULOS DE FERRETERÍA	f	t
2253	2228	613550    	VENTA DE QUÍMICOS	f	t
2254	2228	613552    	VENTA DE PRODUCTOS INTERMEDIOS, DESPERDICIOS Y DESECHOS	f	t
2255	2228	613554    	VENTA DE MAQUINARIA, EQUIPO DE OFICINA Y PROGRAMAS DE COMPUTADOR	f	t
2256	2228	613556    	VENTA DE ARTÍCULOS EN CACHARRERÍAS Y MISCELÁNEAS	f	t
2257	2228	613558    	VENTA DE INSTRUMENTOS MUSICALES	f	t
2258	2228	613560    	VENTA DE ARTÍCULOS EN CASAS DE EMPEÑO Y PRENDERÍAS	f	t
2259	2228	613562    	VENTA DE EQUIPO FOTOGRÁFICO	f	t
2260	2228	613564    	VENTA DE EQUIPO ÓPTICO Y DE PRECISIÓN	f	t
2261	2228	613566    	VENTA DE EMPAQUES	f	t
2262	2228	613568    	VENTA DE EQUIPO PROFESIONAL Y CIENTÍFICO	f	t
2263	2228	613570    	VENTA DE LOTERÍAS, RIFAS, CHANCE, APUESTAS Y SIMILARES	f	t
2264	2228	613572    	REPARACIÓN DE EFECTOS PERSONALES Y ELECTRODOMÉSTICOS	f	t
2265	2228	613595    	VENTA DE OTROS PRODUCTOS	f	t
2266	2228	613599    	AJUSTES POR INFLACIÓN)*	f	t
2267	2081	6140      	HOTELES Y RESTAURANTES	f	t
2268	2267	614005    	HOTELERÍA	f	t
2269	2267	614010    	CAMPAMENTO Y OTROS TIPOS DE HOSPEDAJE	f	t
2270	2267	614015    	RESTAURANTES	f	t
2271	2267	614020    	BARES Y CANTINAS	f	t
2272	2267	614095    	ACTIVIDADES CONEXAS	f	t
2273	2267	614099    	AJUSTES POR INFLACIÓN)*	f	t
2274	2081	6145      	TRANSPORTE, ALMACENAMIENTO Y COMUNICACIONES	f	t
2275	2274	614505    	SERVICIO DE TRANSPORTE POR CARRETERA	f	t
2276	2274	614510    	SERVICIO DE TRANSPORTE POR VÍA FÉRREA	f	t
2277	2274	614515    	SERVICIO DE TRANSPORTE POR VÍA ACUÁTICA	f	t
2278	2274	614520    	SERVICIO DE TRANSPORTE POR VÍA AÉREA	f	t
2279	2274	614525    	SERVICIO DE TRANSPORTE POR TUBERÍAS	f	t
2280	2274	614530    	MANIPULACIÓN DE CARGA	f	t
2281	2274	614535    	ALMACENAMIENTO Y DEPÓSITO	f	t
2282	2274	614540    	SERVICIOS COMPLEMENTARIOS PARA EL TRANSPORTE	f	t
2283	2274	614545    	AGENCIAS DE VIAJE	f	t
2284	2274	614550    	OTRAS AGENCIAS DE TRANSPORTE	f	t
2285	2274	614555    	SERVICIO POSTAL Y DE CORREO	f	t
2286	2274	614560    	SERVICIO TELEFÓNICO	f	t
2287	2274	614565    	SERVICIO DE TELÉGRAFO	f	t
2288	2274	614570    	SERVICIO DE TRANSMISIÓN DE DATOS	f	t
2289	2274	614575    	SERVICIO DE RADIO Y TELEVISIÓN POR CABLE	f	t
2290	2274	614580    	TRANSMISIÓN DE SONIDO E IMÁGENES POR CONTRATO	f	t
2291	2274	614595    	ACTIVIDADES CONEXAS	f	t
2292	2274	614599    	AJUSTES POR INFLACIÓN)*	f	t
2293	2081	6150      	ACTIVIDAD FINANCIERA	f	t
2294	2293	615005    	DE INVERSIONES	f	t
2295	2293	615010    	DE SERVICIO DE BOLSA	f	t
2296	2293	615099    	AJUSTES POR INFLACIÓN)*	f	t
2297	2081	6155      	ACTIVIDADES INMOBILIARIAS, EMPRESARIALES Y DE ALQUILER 	f	t
2298	2297	615505    	ARRENDAMIENTOS DE BIENES INMUEBLES	f	t
2299	2297	615510    	INMOBILIARIAS POR RETRIBUCIÓN O CONTRATA	f	t
2300	2297	615515    	ALQUILER EQUIPO DE TRANSPORTE	f	t
2301	2297	615520    	ALQUILER MAQUINARIA Y EQUIPO	f	t
2302	2297	615525    	ALQUILER DE EFECTOS PERSONALES Y ENSERES DOMÉSTICOS	f	t
2303	2297	615530    	CONSULTORÍA EN EQUIPO Y PROGRAMAS DE INFORMÁTICA	f	t
2304	2297	615535    	PROCESAMIENTO DE DATOS	f	t
2305	2297	615540    	MANTENIMIENTO Y REPARACIÓN DE MAQUINARIA DE OFICINA	f	t
2306	2297	615545    	INVESTIGACIONES CIENTÍFICAS Y DE DESARROLLO	f	t
2307	2297	615550    	ACTIVIDADES EMPRESARIALES DE CONSULTORÍA	f	t
2308	2297	615555    	PUBLICIDAD	f	t
2309	2297	615560    	DOTACIÓN DE PERSONAL	f	t
2310	2297	615565    	INVESTIGACIÓN Y SEGURIDAD	f	t
2311	2297	615570    	LIMPIEZA DE INMUEBLES	f	t
2312	2297	615575    	FOTOGRAFÍA	f	t
2313	2297	615580    	ENVASE Y EMPAQUE	f	t
2314	2297	615585    	FOTOCOPIADO	f	t
2315	2297	615590    	MANTENIMIENTO Y REPARACIÓN DE MAQUINARIA Y EQUIPO	f	t
2316	2297	615595    	ACTIVIDADES CONEXAS	f	t
2317	2297	615599    	AJUSTES POR INFLACIÓN)*	f	t
2318	2081	6160      	ENSEÑANZA	f	t
2319	2318	616005    	ACTIVIDADES RELACIONADAS CON LA EDUCACIÓN	f	t
2320	2318	616095    	ACTIVIDADES CONEXAS	f	t
2321	2318	616099    	AJUSTES POR INFLACIÓN)*	f	t
2322	2081	6165      	SERVICIOS SOCIALES Y DE SALUD	f	t
2323	2322	616505    	SERVICIO HOSPITALARIO	f	t
2324	2322	616510    	SERVICIO MÉDICO	f	t
2325	2322	616515    	SERVICIO ODONTOLÓGICO	f	t
2326	2322	616520    	SERVICIO DE LABORATORIO	f	t
2327	2322	616525    	ACTIVIDADES VETERINARIAS	f	t
2328	2322	616530    	ACTIVIDADES DE SERVICIOS SOCIALES	f	t
2329	2322	616595    	ACTIVIDADES CONEXAS	f	t
2330	2322	616599    	AJUSTES POR INFLACIÓN)*	f	t
2331	2081	6170      	OTRAS ACTIVIDADES DE SERVICIOS COMUNITARIOS, SOCIALES Y PERSONALES 	f	t
2332	2331	617005    	ELIMINACIÓN DE DESPERDICIOS Y AGUAS RESIDUALES	f	t
2333	2331	617010    	ACTIVIDADES DE ASOCIACIÓN	f	t
2334	2331	617015    	PRODUCCIÓN Y DISTRIBUCIÓN DE FILMES Y VIDEOCINTAS	f	t
2335	2331	617020    	EXHIBICIÓN DE FILMES Y VIDEOCINTAS	f	t
2336	2331	617025    	ACTIVIDAD DE RADIO Y TELEVISIÓN	f	t
2337	2331	617030    	ACTIVIDAD TEATRAL, MUSICAL Y ARTÍSTICA	f	t
2338	2331	617035    	GRABACIÓN Y PRODUCCIÓN DE DISCOS	f	t
2339	2331	617040    	ENTRETENIMIENTO Y ESPARCIMIENTO	f	t
2340	2331	617045    	AGENCIAS DE NOTICIAS	f	t
2341	2331	617050    	LAVANDERÍAS Y SIMILARES	f	t
2342	2331	617055    	PELUQUERÍAS Y SIMILARES	f	t
2343	2331	617060    	SERVICIOS FUNERARIOS	f	t
2344	2331	617065    	ZONAS FRANCAS	f	t
2345	2331	617095    	ACTIVIDADES CONEXAS	f	t
2346	2331	617099    	AJUSTES POR INFLACIÓN)*	f	t
2347	2080	62        	COMPRAS	f	t
2348	2347	6205      	DE MERCANCÍAS	f	t
2349	2348	620599    	AJUSTES POR INFLACIÓN**	f	t
2350	2347	6210      	DE MATERIAS PRIMAS	f	t
2351	2350	621099    	AJUSTES POR INFLACIÓN**	f	t
2352	2347	6215      	DE MATERIALES INDIRECTOS	f	t
2353	2352	621599    	AJUSTES POR INFLACIÓN**	f	t
2354	2347	6220      	COMPRA DE ENERGÍA	f	t
2355	2354	622099    	AJUSTES POR INFLACIÓN**	f	t
2356	2347	6225      	DEVOLUCIONES EN COMPRAS (CR)	f	t
2357	2356	622599    	AJUSTES POR INFLACIÓN**	f	t
2358	0	7         	COSTOS DE PRODUCCIÓN O DE OPERACIÓN*	f	t
2359	2358	71        	MATERIA PRIMA	f	t
2360	2358	72        	MANO DE OBRA DIRECTA	f	t
2361	2358	73        	COSTOS INDIRECTOS	f	t
2362	2358	74        	CONTRATOS DE SERVICIOS	f	t
2363	0	8         	CUENTAS DE ORDEN DEUDORAS	f	t
2364	2363	81        	DERECHOS CONTINGENTES	f	t
2365	2364	8105      	BIENES Y VALORES ENTREGADOS EN CUSTODIA	f	t
2366	2365	810505    	VALORES MOBILIARIOS	f	t
2367	2365	810510    	BIENES MUEBLES	f	t
2368	2365	810599    	AJUSTES POR INFLACIÓN	f	t
2369	2364	8110      	BIENES Y VALORES ENTREGADOS EN GARANTÍA	f	t
2370	2369	811005    	VALORES MOBILIARIOS	f	t
2371	2369	811010    	BIENES MUEBLES	f	t
2372	2369	811015    	BIENES INMUEBLES	f	t
2373	2369	811020    	CONTRATOS DE GANADO EN PARTICIPACIÓN	f	t
2374	2369	811099    	AJUSTES POR INFLACIÓN	f	t
2375	2364	8115      	BIENES Y VALORES EN PODER DE TERCEROS	f	t
2376	2375	811505    	EN ARRENDAMIENTO	f	t
2377	2375	811510    	EN PRÉSTAMO	f	t
2378	2375	811515    	EN DEPÓSITO	f	t
2379	2375	811520    	EN CONSIGNACIÓN	f	t
2380	2375	811599    	AJUSTES POR INFLACIÓN	f	t
2381	2364	8120      	LITIGIOS Y/O DEMANDAS	f	t
2382	2381	812005    	EJECUTIVOS	f	t
2383	2381	812010    	INCUMPLIMIENTO DE CONTRATOS	f	t
2384	2364	8125      	PROMESAS DE COMPRAVENTA	f	t
2385	2364	8195      	DIVERSAS	f	t
2386	2385	819505    	VALORES ADQUIRIDOS POR RECIBIR	f	t
2387	2385	819595    	OTRAS	f	t
2388	2385	819599    	AJUSTES POR INFLACIÓN	f	t
2389	2363	82        	DEUDORAS FISCALES	f	t
2390	2363	83        	DEUDORAS DE CONTROL	f	t
2391	2390	8305      	BIENES RECIBIDOS EN ARRENDAMIENTO FINANCIERO	f	t
2392	2391	830505    	BIENES MUEBLES	f	t
2393	2391	830510    	BIENES INMUEBLES	f	t
2394	2391	830599    	AJUSTES POR INFLACIÓN	f	t
2395	2390	8310      	TÍTULOS DE INVERSIÓN NO COLOCADOS	f	t
2396	2395	831005    	ACCIONES	f	t
2397	2395	831010    	BONOS	f	t
2398	2395	831095    	OTROS	f	t
2399	2390	8315      	PROPIEDADES, PLANTA Y EQUIPO TOTALMENTE DEPRECIADOS, AGOTADOS Y/O AMORTIZADOS	f	t
2400	2399	831506    	MATERIALES PROYECTOS PETROLEROS	f	t
2401	2399	831516    	CONSTRUCCIONES Y EDIFICACIONES	f	t
2402	2399	831520    	MAQUINARIA Y EQUIPO	f	t
2403	2399	831524    	EQUIPO DE OFICINA	f	t
2404	2399	831528    	EQUIPO DE COMPUTACIÓN Y COMUNICACIÓN	f	t
2405	2399	831532    	EQUIPO MÉDICO-CIENTÍFICO	f	t
2406	2399	831536    	EQUIPO DE HOTELES Y RESTAURANTES	f	t
2407	2399	831540    	FLOTA Y EQUIPO DE TRANSPORTE	f	t
2408	2399	831544    	FLOTA Y EQUIPO FLUVIAL Y/O MARÍTIMO	f	t
2409	2399	831548    	FLOTA Y EQUIPO AÉREO	f	t
2410	2399	831552    	FLOTA Y EQUIPO FÉRREO	f	t
2411	2399	831556    	ACUEDUCTOS, PLANTAS Y REDES	f	t
2412	2399	831560    	ARMAMENTO DE VIGILANCIA	f	t
2413	2399	831562    	ENVASES Y EMPAQUES	f	t
2414	2399	831564    	PLANTACIONES AGRÍCOLAS Y FORESTALES	f	t
2415	2399	831568    	VÍAS DE COMUNICACIÓN	f	t
2416	2399	831572    	MINAS Y CANTERAS	f	t
2417	2399	831576    	POZOS ARTESIANOS	f	t
2418	2399	831580    	YACIMIENTOS	f	t
2419	2399	831584    	SEMOVIENTES	f	t
2420	2399	831599    	AJUSTES POR INFLACIÓN	f	t
2421	2390	8320      	CRÉDITOS A FAVOR NO UTILIZADOS	f	t
2422	2421	832005    	PAÍS	f	t
2423	2421	832010    	EXTERIOR	f	t
2424	2390	8325      	ACTIVOS CASTIGADOS	f	t
2425	2424	832505    	INVERSIONES	f	t
2426	2424	832510    	DEUDORES	f	t
2427	2424	832595    	OTROS ACTIVOS	f	t
2428	2390	8330      	TÍTULOS DE INVERSIÓN AMORTIZADOS	f	t
2429	2428	833005    	BONOS	f	t
2430	2428	833095    	OTROS	f	t
2431	2390	8335      	CAPITALIZACIÓN POR REVALORIZACIÓN DE PATRIMONIO	f	t
2432	2390	8395      	OTRAS CUENTAS DEUDORAS DE CONTROL	f	t
2433	2432	839505    	CHEQUES POSFECHADOS	f	t
2434	2432	839510    	CERTIFICADOS DE DEPÓSITO A TÉRMINO	f	t
2435	2432	839515    	CHEQUES DEVUELTOS	f	t
2436	2432	839520    	BIENES Y VALORES EN FIDEICOMISO	f	t
2437	2432	839525    	INTERESES SOBRE DEUDAS VENCIDAS	f	t
2438	2432	839595    	DIVERSAS	f	t
2439	2432	839599    	AJUSTES POR INFLACIÓN	f	t
2440	2390	8399      	AJUSTES POR INFLACIÓN ACTIVOS	f	t
2441	2440	839905    	INVERSIONES	f	t
2442	2440	839910    	INVENTARIOS**	f	t
2443	2440	839915    	PROPIEDADES, PLANTA Y EQUIPO	f	t
2444	2440	839920    	INTANGIBLES	f	t
2445	2440	839925    	CARGOS DIFERIDOS	f	t
2446	2440	839995    	OTROS ACTIVOS	f	t
2447	2363	84        	DERECHOS CONTINGENTES POR CONTRA (CR)	f	t
2448	2363	85        	DEUDORAS FISCALES POR CONTRA (CR)	f	t
2449	2363	86        	DEUDORAS DE CONTROL POR CONTRA (CR)**	f	t
2450	0	9         	CUENTAS DE ORDEN ACREEDORAS	f	t
2451	2450	91        	RESPONSABILIDADES CONTINGENTES	f	t
2452	2451	9105      	BIENES Y VALORES RECIBIDOS EN CUSTODIA	f	t
2453	2452	910505    	VALORES MOBILIARIOS	f	t
2454	2452	910510    	BIENES MUEBLES	f	t
2455	2452	910599    	AJUSTES POR INFLACIÓN	f	t
2456	2451	9110      	BIENES Y VALORES RECIBIDOS EN GARANTÍA	f	t
2457	2456	911005    	VALORES MOBILIARIOS	f	t
2458	2456	911010    	BIENES MUEBLES	f	t
2459	2456	911015    	BIENES INMUEBLES	f	t
2460	2456	911020    	CONTRATOS DE GANADO EN PARTICIPACIÓN	f	t
2461	2456	911099    	AJUSTES POR INFLACIÓN	f	t
2462	2451	9115      	BIENES Y VALORES RECIBIDOS DE TERCEROS	f	t
2463	2462	911505    	EN ARRENDAMIENTO	f	t
2464	2462	911510    	EN PRÉSTAMO	f	t
2465	2462	911515    	EN DEPÓSITO	f	t
2466	2462	911520    	EN CONSIGNACIÓN	f	t
2467	2462	911525    	EN COMODATO	f	t
2468	2462	911599    	AJUSTES POR INFLACIÓN	f	t
2469	2451	9120      	LITIGIOS Y/O DEMANDAS	f	t
2470	2469	912005    	LABORALES	f	t
2471	2469	912010    	CIVILES	f	t
2472	2469	912015    	ADMINISTRATIVOS O ARBITRALES	f	t
2473	2469	912020    	TRIBUTARIOS	f	t
2474	2451	9125      	PROMESAS DE COMPRAVENTA	f	t
2475	2451	9130      	CONTRATOS DE ADMINISTRACIÓN DELEGADA	f	t
2476	2451	9135      	CUENTAS EN PARTICIPACIÓN	f	t
2477	2451	9195      	OTRAS RESPONSABILIDADES CONTINGENTES	f	t
2478	2450	92        	ACREEDORAS FISCALES	f	t
2479	2450	93        	ACREEDORAS DE CONTROL**	f	t
2480	2479	9305      	CONTRATOS DE ARRENDAMIENTO FINANCIERO	f	t
2481	2480	930505    	BIENES MUEBLES	f	t
2482	2480	930510    	BIENES INMUEBLES	f	t
2483	2479	9395      	OTRAS CUENTAS DE ORDEN ACREEDORAS DE CONTROL	f	t
2484	2483	939505    	DOCUMENTOS POR COBRAR DESCONTADOS	f	t
2485	2483	939510    	CONVENIOS DE PAGO	f	t
2486	2483	939515    	CONTRATOS DE CONSTRUCCIONES E INSTALACIONES POR EJECUTAR	f	t
2487	2483	939525    	ADJUDICACIONES PENDIENTES DE LEGALIZAR	f	t
2488	2483	939530    	RESERVA ARTÍCULO 3º LEY 4ª DE 1980	f	t
2489	2483	939535    	RESERVA COSTO REPOSICIÓN SEMOVIENTES	f	t
2490	2483	939595    	DIVERSAS	f	t
2491	2483	939599    	AJUSTES POR INFLACIÓN	f	t
2492	2479	9399      	AJUSTES POR INFLACIÓN PATRIMONIO**	f	t
2493	2492	939905    	CAPITAL SOCIAL	f	t
2494	2492	939910    	SUPERÁVIT DE CAPITAL	f	t
2495	2492	939915    	RESERVAS	f	t
2496	2492	939925    	DIVIDENDOS O PARTICIPACIONES DECRETADAS EN ACCIONES, CUOTAS O PARTES DE INTERÉS SOCIAL	f	t
2497	2492	939930    	RESULTADOS DE EJERCICIOS ANTERIORES	f	t
2498	2450	94        	RESPONSABILIDADES CONTINGENTES POR CONTRA (DB)	f	t
2499	2450	95        	ACREEDORAS FISCALES POR CONTRA (DB)	f	t
2500	2450	96        	ACREEDORAS DE CONTROL POR CONTRA (DB)**	f	t
\.


--
-- Data for TOC entry 196 (OID 302308)
-- Name: perfil_cta; Type: TABLE DATA; Schema: public; Owner: adminsis
--

COPY perfil_cta (id_cta, terceros, naturaleza, centro, ajuste, retencion, base, id_moneda) FROM stdin;
\.


--
-- Data for TOC entry 197 (OID 302313)
-- Name: conceptos_ter; Type: TABLE DATA; Schema: public; Owner: adminsis
--

COPY conceptos_ter (id_concepto, descripcion) FROM stdin;
\.


--
-- Data for TOC entry 198 (OID 302317)
-- Name: libro_aux; Type: TABLE DATA; Schema: public; Owner: adminsis
--

COPY libro_aux (orden, id_cta, centro, fecha, detalle, ndocumento, debe, haber, saldo) FROM stdin;
\.


--
-- Data for TOC entry 199 (OID 302324)
-- Name: libro_aux_terceros; Type: TABLE DATA; Schema: public; Owner: adminsis
--

COPY libro_aux_terceros (orden, id_tercero, centro, fecha, id_cta, id_concepto, nfactura, ncompro, debe, haber, saldo) FROM stdin;
\.


--
-- Data for TOC entry 200 (OID 302331)
-- Name: activos_fijos; Type: TABLE DATA; Schema: public; Owner: adminsis
--

COPY activos_fijos (id_cta, centro, id_activo, estado, nombre, marca, serial, codigo_b, cuotas_deprecia) FROM stdin;
\.


--
-- Data for TOC entry 201 (OID 302336)
-- Name: asientos_predefinidos; Type: TABLE DATA; Schema: public; Owner: adminsis
--

COPY asientos_predefinidos (id_asientos_pr, descripcion) FROM stdin;
\.


--
-- Data for TOC entry 202 (OID 302339)
-- Name: asientos_imp; Type: TABLE DATA; Schema: public; Owner: adminsis
--

COPY asientos_imp (id_grupo_imp, id_asientos_pr) FROM stdin;
\.


--
-- Data for TOC entry 203 (OID 302341)
-- Name: ctas_asientos; Type: TABLE DATA; Schema: public; Owner: adminsis
--

COPY ctas_asientos (id_asientos_pr, id_cta, naturaleza) FROM stdin;
\.


--
-- Data for TOC entry 204 (OID 302345)
-- Name: arqueo; Type: TABLE DATA; Schema: public; Owner: adminsis
--

COPY arqueo (id, numero, narqueo, fecha, saldo, consignacion, valor) FROM stdin;
\.


--
-- Data for TOC entry 205 (OID 302348)
-- Name: datos_arqueo; Type: TABLE DATA; Schema: public; Owner: adminsis
--

COPY datos_arqueo (narqueo, ndocumento, valor) FROM stdin;
\.


--
-- Data for TOC entry 206 (OID 302350)
-- Name: regimenes; Type: TABLE DATA; Schema: public; Owner: adminsis
--

COPY regimenes (id_regimen, descripcion) FROM stdin;
S	Regimen Simplificado
C	Regimen Comun
\.


--
-- Data for TOC entry 207 (OID 302352)
-- Name: perfil_tercero; Type: TABLE DATA; Schema: public; Owner: adminsis
--

COPY perfil_tercero (id, id_regimen, id_catalogo, retiene, estado) FROM stdin;
22	C	1	t	t
25	S	1	f	f
\.


--
-- Data for TOC entry 208 (OID 302356)
-- Name: sentencia_sql; Type: TABLE DATA; Schema: public; Owner: adminsis
--

COPY sentencia_sql (id_sentencia_sql, codigo, nombre, descripcion, sentencia) FROM stdin;
156	SEL0002	Permisos Query	Esta sentenci carga todos los permisos de usurios para consultas	SELECT sentencia_sql.codigo, usuarios.login, datos_sql.password FROM sentencia_sql, usuarios, datos_sql WHERE usuarios.id_usuario=datos_sql.id_usuario AND sentencia_sql.id_sentencia_sql=datos_sql.id_sentencia_sql
157	SEL0003	Municipios	foo	select pais.nombre AS Pais,departamentos.nombre AS Departamentos,municipios.nombre AS Municipios from pais,departamentos,municipios where pais.id_pais=departamentos.id_pais AND departamentos.id_dep=municipios.id_dep
158	SEL0004	Usuarios	foo	SELECT count(*) FROM usuarios WHERE login='?' AND password='?'
160	SEL0006	Sentencias Usuario	Esta sentencia devuelve las consultas permitidas para un usuario	SELECT sentencia_sql.codigo,datos_sql.password FROM datos_sql, sentencia_sql, usuarios WHERE usuarios.id_usuario=datos_sql.id_usuario AND sentencia_sql.id_sentencia_sql=datos_sql.id_sentencia_sql and usuarios.login='?'
162	SEL0008	\N	\N	SELECT pais.id_pais,departamentos.id_dep,municipios.municipio,municipios.nombre from pais,departamentos,municipios where pais.id_pais=departamentos.id_pais and departamentos.id_dep=municipios.id_dep and pais.id_pais='?' and departamentos.id_dep='?'
161	SEL0007	\N	\N	SELECT keys_cache.codigo from keys_cache,cache_sql where keys_cache.id_cache_sql=cache_sql.id_cache_sql and cache_sql.codigo='?'
163	SEL0009	\N	\N	SELECT sentencia_sql.codigo from cache_sql,sentencia_sql where cache_sql.id_sentencia_sql=sentencia_sql.id_sentencia_sql and cache_sql.codigo='?'
164	SEL0010	\N	\N	SELECT sentencia_cache FROM  cache_sql WHERE codigo='?'
165	SEL0011	\N	\N	select descripcion,iva,pcosto from prod_serv where codigo='?'
159	SEL0005	Transacciones Usuario	Esta sentencia devuelve las transacciones a las que tiene permiso un usuario	SELECT transacciones.codigo, transacciones.perfil,trans_usuarios.password FROM transacciones, trans_usuarios, usuarios WHERE transacciones.id_transaccion=trans_usuarios.id_transaccion AND usuarios.id_usuario=trans_usuarios.id_usuario AND usuarios.login='?'
167	SEL0013	\N	\N	SELECT municipio,nombre from municipios
170	SEL0016	Consultar Tipos Telefonos	Esta sentencia consulta los tipos de telefonos	select * from tipos_telefono order by nombre
166	SEL0012	\N	\N	SELECT * from pais ORDER BY nombre
171	SEL0017	Consulta tipo_tercero	Esta consulta muestra los tipos de terceros	SELECT * FROM tipo_tercero ORDER BY nombre
172	SEL0018	Consultar Regimenes	Consulta todas las categorias de regimenes existentes para los terceros	SELECT * FROM regimenes
173	SEL0019	Consultar Catalogos	Consulta todo los catalogos para precios de venta	SELECT * FROM catalogo_pventa
174	SEL0020	Consultar Bancos	Consulta todos los bancos	select * from bancos order by nombre
175	SEL0021	Consultar tipo cta bancaria	Consulta todos los tipos de cuentas bancarias	select * from tipo_cuenta_bancaria order by descripcion
176	SEL0022	Consultar PUC	Esta sentencia consulta el PUC	SELECT * FROM cuentas
177	SEL0023	Consultar monedas	Esta sentencia consulta las monedas	SELECT id_moneda,nombre from moneda order by nombre
178	SEL0024	Consultar cuenta	Esta sentencia consulta una cuenta del puc	SELECT * from cuentas where char_cta='?'
179	SEL0025	Consultar existencia de cuentas	Esta sentencia consulta las existencia de una cuenta	SELECT count(id_padre) from cuentas where char_cta='?'
155	SEL0001	Selecciona transacciones_usuarios	Pendiente	SELECT u.login, t.codigo,tu.password FROM usuarios u, transacciones t, trans_usuarios tu WHERE u.id_usuario=tu.id_usuario AND tu.id_transaccion=t.id_transaccion
180	INS0001	Nuevo Pais	Inserta un registro en la tabla pais	insert into pais(id_pais,nombre) values ('?','?')
181	UPD0001	Actualiza Pais	Actualiza un registro en la tabla pais	UPDATE pais SET nombre='?' WHERE id_pais='?'
182	DEL0001	Borrar Pais	Borra un registro en la tabla pais	DELETE FROM pais WHERE id_pais='?'
183	INS0002	Nuevo Departamento	Inserta un registro en la tabla Departamentos	INSERT INTO departamentos(id_pais,id_dep,nombre) VALUES('?','?','?')
184	UPD0002	Actualiza Departamentos	Actualiza un registro en la tabla Departamentos	UPDATE departamentos SET nombre='?' WHERE id_pais='?' AND id_dep='?'
186	DEL0002	Borrar Departamentos	Borra un registro en la tabla Departamentos	DELETE FROM departamentos WHERE id_pais='?' AND id_dep='?'
187	INS0003	Nuevo Municipio	Inserta un registro en la tabla Municipios	INSERT INTO municipios(id_pais,id_dep,municipio,nombre) VALUES ('?','?','?','?')
188	UPD0003	Actualiza Municipios	Actualiza un registro en la tabla Municipios	UPDATE municipios SET nombre='?' WHERE id_pais='?' AND id_dep='?' AND municipio='?'
189	DEL0003	Borrar Municipios	Borra un registro en la tabla Municipios	DELETE FROM municipios WHERE id_pais='?' AND id_dep='?' AND municipio='?'
168	SEL0014	\N	\N	SELECT departamentos.id_dep, departamentos.nombre from departamentos, pais where pais.id_pais='?' and departamentos.id_pais=pais.id_pais order by nombre
190	SEL0026	Consultar Drivers	Consulta los drivers de las transacciones	SELECT codigo,driver,args_driver,metodo,args_metodo FROM transacciones
191	INS0004	Nueva Moneda	Inserta un registro en la tabla Moneda	INSERT INTO moneda(id_moneda,nombre,bandera) VALUES ('?','?','?')
192	UPD0004	Actualiza Monedas	Actualiza un registro en la tabla Moneda	UPDATE moneda SET nombre='?',bandera='?' WHERE id_moneda='?'
193	DEL0004	Borrar Monedas	Borra un registro en la tabla Moneda	DELETE FROM moneda WHERE id_moneda='?'
194	INS0005	Nuevo Banco	Inserta un registro en la tabla Banco	INSERT INTO bancos(banco,nombre) VALUES ('?','?')
195	UPD0005	Actualiza Bancos	Actualiza un registro en la tabla Bancos	UPDATE bancos SET nombre='?' WHERE banco='?'
196	DEL0005	Borrar Bancos	Borra un registro en la tabla Bancos	DELETE FROM bancos WHERE banco='?'
197	INS0006	Nuevo Catalogo Precios de Venta	Inserta un registro en la tabla catalogo_pventa	INSERT INTO catalogo_pventa(nombre) VALUES ('?')
201	UPD0006	Actualiza Catalogo precios de venta	Actualiza un registro en la tabla catalogo_pventa	UPDATE catalogo_pventa SET nombre='?' WHERE id_catalogo='?'
202	DEL0006	Borrar Catalogo precios de venta	Borra un registro en la tabla catalogo_pventa	DELETE FROM catalogo_pventa WHERE id_catalogo='?'
203	INS0007	Nueva Unidad de Venta	Inserta un registro en la tabla unidades_venta	INSERT INTO unidades_venta(id_und,descripcion,factorc) VALUES ('?','?','?')
204	UPD0007	Actualiza Unidades de Venta	Actualiza un registro en la tabla unidades_venta	UPDATE unidades_venta SET descripcion='?',factorc='?' WHERE id_und='?'
205	DEL0007	Borrar Catalogo Unidades de Venta	Borra un registro en la tabla unidades_venta	DELETE FROM unidades_venta WHERE id_und='?'
206	INS0008	Nuevo Grupo de Productos	Inserta un registro en la tabla grupos	INSERT INTO grupos(codigoi,descripcion) VALUES ('?','?')
207	UPD0008	Actualiza Grupos Productos	Actualiza un registro en la tabla grupos	UPDATE grupos SET descripcion='?' WHERE codigoi='?'
208	DEL0008	Borrar Grupos Producto	Borra un registro en la tabla grupos	DELETE FROM grupos WHERE codigoi='?'
210	UPD0009	Actualiza Tipo Terceros	Actualiza un registro en la tabla tipo_tercero	UPDATE tipo_tercero SET nombre='?' WHERE codigo='?'
211	DEL0009	Borrar Tipo Tercero	Borra un registro en la tabla tipo_tercero	DELETE FROM tipo_tercero WHERE codigo='?'
212	INS0010	Nuevo Grupo Impuestos	Inserta un registro en la tabla grupo_impuestos	INSERT INTO grupo_impuestos(descripcion) VALUES ('?')
214	UPD0010	Actualiza Grupo Impuesto	Actualiza un registro en la tabla grupo_impuestos	UPDATE grupo_impuestos SET descripcion='?' WHERE id_grupo_imp='?'
215	INS0009	Nuevo Tipo Terceros	Inserta un registro en la tabla tipo_tercero	INSERT INTO tipo_tercero(nombre) VALUES ('?')
216	DEL0010	Borrar Grupo Impuesto	Borra un registro en la tabla grupo_impuestos	DELETE FROM grupo_impuestos WHERE id_grupo_imp='?'
217	SEL0027	Consultar Pais	Consulta el nombre de una Pais	SELECT nombre FROM pais WHERE id_pais='?'
219	SEL0028	Consultar Departamento	Consulta el nombre de un Departamento	SELECT d.nombre from pais,departamentos d WHERE pais.id_pais=d.id_pais AND pais.id_pais='?' AND d.id_dep='?'
220	SEL0029	Consultar Municipio	Consulta el nombre de un Municipio	SELECT m.nombre FROM pais,departamentos d,municipios m where pais.id_pais=d.id_pais and d.id_dep=m.id_dep AND pais.id_pais='?' AND d.id_dep='?' AND m.municipio='?'
221	SEL0030	Consultar Moneda	Esta sentencia consulta el nombre y bandera de una moneda	SELECT nombre,bandera FROM moneda WHERE id_moneda='?'
222	SEL0031	Consultar Banco	Esta sentencia consulta el nombre de un banco	SELECT nombre FROM bancos WHERE banco='?'
223	SEL0032	Consultar Tipo Tercero	Esta sentencia consulta un Tipo Tercero	SELECT nombre FROM tipo_tercero WHERE codigo='?'
224	SEL0033	Consultar Catalogo Precios de Venta	Esta sentencia el nombre de un catalogo de precios de venta	SELECT nombre FROM catalogo_pventa WHERE id_catalogo='?'
225	SEL0034	Consultar Unidades de Venta	Esta sentencia consulta una unidad de venta	SELECT descripcion,factorc FROM unidades_venta WHERE id_und='?'
226	SEL0035	Consultar Grupos de Productos	Esta sentencia consulta un grupo de productos	SELECT descripcion FROM grupos WHERE codigoi='?'
227	SEL0036	Consultar Grupos de Impuestos	Esta sentencia consulta un grupo de impuestos	SELECT descripcion FROM grupo_impuestos WHERE id_grupo_imp='?'
230	INS0011	Nuevo General	Inserta un registro en la tabla general	INSERT INTO general(id_char,nombre) VALUES ('?','?')
169	SEL0015	Consultar Municipios	Esta sentencia consulta los municipios pertenencientes a un determinado departamento y pais	SELECT municipio,nombre FROM municipios WHERE id_pais='?' AND id_dep='?'
232	INS0013	Nuevo Perfil	Inserta un registro en la tabla perfiles	INSERT INTO perfiles(id,tipo) VALUES((SELECT id FROM general WHERE id_char='?'),'?')
231	INS0012	Nueva Direccion	Inserta un registro en la tabla direcciones	INSERT INTO direcciones(id,descripcion,direccion,id_pais,id_dep,municipio) VALUES((SELECT id FROM general WHERE id_char='?'),'?','?','?','?','?')
234	INS0014	Nuevo Telefono	Inserta un registro en la tabla telefonos	INSERT INTO telefonos(id,descripcion,numero,id_pais,id_dep,municipio,clase) VALUES((SELECT id FROM general WHERE id_char='?'),'?','?','?','?','?','?')
235	INS0015	Nuevo e-mail	Inserta un registro en la tabla emails	INSERT INTO emails(id,descripcion,direccion) VALUES((SELECT id FROM general WHERE id_char='?'),'?','?')
236	DEL0011	Borrar e-mail	Borra un registro de la tabla emails	DELETE FROM emails WHERE id=(SELECT id FROM general WHERE id_char='?')
237	DEL0012	Borrar direccion	Borra un registro de la tabla direcciones	DELETE FROM direcciones WHERE id=(SELECT id FROM general WHERE id_char='?')
238	DEL0013	Borrar telefonos	Borra un registro de la tabla telefonos	DELETE FROM telefonos WHERE id=(SELECT id FROM general WHERE id_char='?')
240	DEL0015	Borrar general	Borra un registro de la tabla general	DELETE FROM general WHERE id_char='?'
239	DEL0014	Borrar perfiles	Borra registros de la tabla perfiles	DELETE FROM perfiles WHERE id=(SELECT id FROM general WHERE id_char='?')
241	INS0016	Nueva Cuenta Bancaria	Inserta un registro en la cuentas_bancarias	INSERT INTO cuentas_bancarias(id,descripcion,cuenta,tipo,banco,id_pais,id_dep,municipio) VALUES((SELECT id FROM general WHERE id_char='?'),'?','?','?','?','?','?','?')
242	INS0017	Nuevo Establecimiento	Inserta un registro en la tabla Establecimiento	INSERT INTO establecimiento(id,descripcion) VALUES((SELECT id FROM general WHERE id_char='?'),'?')
243	INS0018	Nuevo Perfil Terceros	Inserta un registro en la tabla perfil_tercero	INSERT INTO perfil_tercero(id,id_regimen,id_catalogo,retiene,estado) VALUES((SELECT id FROM general WHERE id_char='?'),'?','?','?','?')
244	INS0019	Nuevo Propiedad Tercero	Inserta un registro en la tabla propiedad_tercero	INSERT INTO propiedad_tercero(id,codigo) VALUES((SELECT id FROM general WHERE id_char='?'),'?')
246	DEL0016	Borrar cuentas bancarias	Borra registros de la tabla cuentas_bancarias	DELETE FROM cuentas_bancarias WHERE id=(SELECT id FROM general WHERE id_char='?')
247	DEL0017	Borrar Propiedad Tercero	Borra registros de la tabla propiedad_tercero	DELETE FROM propiedad_tercero WHERE id=(SELECT id FROM general WHERE id_char='?')
248	DEL0018	Borrar Perfil Tercero	Borra registros de la tabla perfil_tercero	DELETE FROM perfil_tercero WHERE id=(SELECT id FROM general WHERE id_char='?')
249	DEL0019	Borrar Establecimiento	Borra registros de la tabla establecimiento	DELETE FROM establecimiento WHERE id=(SELECT id FROM general WHERE id_char='?')
250	SEL0037	Consultar general por tipo	Consulta un registro en la tabla general, dependiendo de su tipo	SELECT nombre FROM general,perfiles WHERE general.id=perfiles.id AND perfiles.tipo='?' AND id_char='?'
253	SEL0040	Consultar emails	Consulta registro en la tabla emails	SELECT id_email,0,descripcion,'',direccion,'' FROM emails,general WHERE general.id=emails.id AND general.id_char='?'
252	SEL0039	Consultar telefonos	Consulta registro en la tabla telefonos	SELECT foo.id_telefono,count(tercero_def.id_telefono),descripcion,'',numero,'',pnombre,id_pais,dnombre,id_dep,mnombre,municipio,tnombre,clase FROM (SELECT id_telefono,descripcion,numero,pais.nombre AS pnombre,pais.id_pais,departamentos.nombre AS dnombre,departamentos.id_dep,municipios.nombre AS mnombre,municipios.municipio,tipos_telefono.nombre AS tnombre,tipos_telefono.clase FROM telefonos,tipos_telefono,general,pais,departamentos,municipios WHERE general.id=telefonos.id AND telefonos.municipio=municipios.municipio AND telefonos.id_dep=municipios.id_dep AND telefonos.id_pais=municipios.id_pais AND telefonos.id_dep = departamentos.id_dep AND telefonos.id_pais=pais.id_pais AND telefonos.id_pais = pais.id_pais AND telefonos.clase=tipos_telefono.clase AND general.id_char='?') AS foo LEFT OUTER JOIN tercero_def ON foo.id_telefono=tercero_def.id_telefono GROUP BY foo.id_telefono,descripcion,numero,pnombre,id_pais,dnombre,id_dep,mnombre,municipio,tnombre,clase
251	SEL0038	Consultar direcciones	Consulta registro en la tabla direcciones	SELECT foo.id_direccion,count(tercero_def.id_direccion) as links,descripcion,'',direccion,'',npais,id_pais,ndepto,id_dep,mnombre,municipio FROM (SELECT id_direccion,descripcion,direccion,pais.nombre as npais,pais.id_pais,departamentos.nombre as ndepto,departamentos.id_dep,municipios.nombre as mnombre,municipios.municipio FROM direcciones,general,pais,departamentos,municipios WHERE general.id=direcciones.id AND direcciones.municipio=municipios.municipio AND direcciones.id_dep=municipios.id_dep AND direcciones.id_pais=municipios.id_pais AND direcciones.id_dep = departamentos.id_dep AND direcciones.id_pais=pais.id_pais AND direcciones.id_pais = pais.id_pais AND general.id_char='?') as foo LEFT OUTER JOIN tercero_def ON foo.id_direccion=tercero_def.id_direccion group by foo.id_direccion,descripcion,direccion,npais,id_pais,ndepto,id_dep,mnombre,municipio
254	SEL0041	Consultar cuentas bancarias	Consulta registros de la tabla cuentas_bancarias	SELECT id_cuenta_bancaria,0 as link,c.descripcion,'',cuenta,'',t.descripcion,c.tipo,b.nombre,c.banco,p.nombre,c.id_pais,d.nombre,c.id_dep,m.nombre,c.municipio FROM general g,cuentas_bancarias c,tipo_cuenta_bancaria t,bancos b, pais p,departamentos d,municipios m where c.tipo=t.tipo AND b.banco=c.banco AND c.id_pais=p.id_pais AND c.id_dep=d.id_dep AND c.id_pais=d.id_pais AND m.municipio=c.municipio AND m.id_dep=c.id_dep AND m.id_pais=c.id_pais AND g.id=c.id AND g.id_char='?'
\.


--
-- Data for TOC entry 209 (OID 302364)
-- Name: usuarios; Type: TABLE DATA; Schema: public; Owner: adminsis
--

COPY usuarios (id_usuario, login, "password", nombres) FROM stdin;
1	usermidas 	laclave	Usuario Midas
\.


--
-- Data for TOC entry 210 (OID 302369)
-- Name: grupos_sql; Type: TABLE DATA; Schema: public; Owner: adminsis
--

COPY grupos_sql (id_grupo_sql, nombre) FROM stdin;
\.


--
-- Data for TOC entry 211 (OID 302372)
-- Name: datos_sql; Type: TABLE DATA; Schema: public; Owner: adminsis
--

COPY datos_sql (id_usuario, id_sentencia_sql, "password") FROM stdin;
1	157	
1	166	
1	167	
1	168	
1	169	
1	170	
1	171	
1	172	
1	173	
1	174	
1	175	
1	176	
1	177	
1	178	
1	179	
1	217	
1	219	
1	220	
1	221	
1	222	
1	223	
1	224	
1	225	
1	226	
1	226	
1	227	
1	250	
1	251	
1	252	
1	253	
1	254	
\.


--
-- Data for TOC entry 212 (OID 302374)
-- Name: datos_grupo_sql; Type: TABLE DATA; Schema: public; Owner: adminsis
--

COPY datos_grupo_sql (id_sentencia_sql, id_grupos_sql) FROM stdin;
\.


--
-- Data for TOC entry 213 (OID 302378)
-- Name: transacciones; Type: TABLE DATA; Schema: public; Owner: adminsis
--

COPY transacciones (id_transaccion, codigo, nombre, descripcion, driver, args_driver, metodo, args_metodo, perfil) FROM stdin;
38	TR00038	Nuevo producto	Permite crear un nuevo producto	jmserver2.logicanegocios.LNGenericSQL	\N	\N	\N	<RAIZ/>
39	TR00039	Editar producto	Permite editar un producto	jmserver2.logicanegocios.LNGenericSQL	\N	\N	\N	<RAIZ/>
40	TR00040	Borrar producto	Permite borrar un producto	jmserver2.logicanegocios.LNGenericSQL	\N	\N	\N	<RAIZ/>
45	TR00045	Editar cuenta detalle	Permite editar una cuenta de detalle	jmserver2.logicanegocios.LNGenericSQL	\N	\N	\N	<FORM>\n        <preferences>\n                <size width="340" height="140" />\n                <name>EADMCTAS</name>\n                <icon>EADMCTAS</icon>\n                <iconificable />\n                <maximizable />\n                <resizable />\n                <closable />\n        </preferences>\n        <panel locate="North" type="FlowLayout" />\n        <panel locate="West" type="FlowLayout" />\n        <panel locate="East" type="FlowLayout" />\n        <component locate="Center">\n                <driver>jmclient.gui.components.DisplayPuc</driver>\n        </component>\n        <component locate="South">\n                <driver>jmlib.gui.components.PanelButtons</driver>\n                <parameters>\n                        <arg>SAVEAS</arg>\n                        <arg>NEW</arg>\n                        <arg>EXIT</arg>\n                </parameters>\n                <events>\n                        <object>\n                                <name>SAVEAS</name>\n                                <component>\n                                        <driver>jmclient.gui.components.DisplayPuc</driver>\n                                        <method>getPackage</method>\n                                </component>\n                        </object>\n                        <object>\n                                <name>NEW</name>\n                                <component>\n                                        <driver>jmclient.gui.components.DisplayPuc</driver>\n                                        <method>clean</method>\n                                </component>\n                        </object>\n                </events>\n        </component>\n</FORM>
47	TR00046	Borrar cuenta detalle	Permite borrar una cuenta de detalle	jmserver2.logicanegocios.LNGenericSQL	\N	\N	\N	<FORM>\n        <preferences>\n                <size width="340" height="140" />\n                <name>DADMCTAS</name>\n                <icon>DADMCTAS</icon>\n                <iconificable />\n                <maximizable />\n                <resizable />\n                <closable />\n        </preferences>\n        <panel locate="North" type="FlowLayout" />\n        <panel locate="West" type="FlowLayout" />\n        <panel locate="East" type="FlowLayout" />\n        <component locate="Center">\n                <driver>jmclient.gui.components.DisplayPuc</driver>\n        </component>\n        <component locate="South">\n                <driver>jmlib.gui.components.PanelButtons</driver>\n                <parameters>\n                        <arg>DELETE</arg>\n                        <arg>EXIT</arg>\n                </parameters>\n                <events>\n                        <object>\n                                <name>DELETE</name>\n                                <component>\n                                        <driver>jmclient.gui.components.DisplayPuc</driver>\n                                        <method>getPackage</method>\n                                </component>\n                        </object>\n                </events>\n        </component>\n</FORM>
44	TR00044	Nueva cuenta detalle	Permite crear una nueva cuenta de detalle	jmserver2.logicanegocios.LNGenericSQL	\N	\N	\N	<FORM>\n        <preferences>\n                <size width="550" height="500" />\n                <name>NADMCTAS</name>\n                <icon>NADMCTAS</icon>\n                <iconificable />\n                <maximizable />\n                <resizable />\n                <closable />\n        </preferences>\n        <panel locate="North" type="FlowLayout" />\n        <panel locate="West" type="FlowLayout" />\n        <panel locate="East" type="FlowLayout" />\n        <component locate="Center">\n                <driver>jmclient.gui.components.DisplayPuc</driver>\n        </component>\n        <component locate="South">\n                <driver>jmlib.gui.components.PanelButtons</driver>\n                <parameters>\n                        <arg>SAVE</arg>\n                        <arg enabled="false">NEW</arg>\n                        <arg>EXIT</arg>\n                </parameters>\n                <events>\n                        <object>\n                                <name>SAVE</name>\n                                <component>\n                                        <driver>jmclient.gui.components.DisplayPuc</driver>\n                                        <method>getPackage</method>\n                                </component>\n                        </object>\n                        <object>\n                                <name>NEW</name>\n                                <component>\n                                        <driver>jmclient.gui.components.DisplayPuc</driver>\n                                        <method>clean</method>\n                                </component>\n                        </object>\n                </events>\n        </component>\n</FORM>
26	TR00026	Nuevo Banco	Permite crear un nuevo banco	jmserver2.logicanegocios.LNGenericSQL	<container>\n<arg>INS0005</arg>\n</container>	\N	\N	<FORM>\n        <preferences>\n        <size width="340" height="130"/>\n        <name>NBANCO</name>\n        <icon>NBANCO</icon>\n        <iconificable/>\n        <resizable/>\n        <closable/>\n        </preferences>\n        <panel locate="North" type="FlowLayout"/>\n        <panel locate="West" type="FlowLayout"/>\n        <panel locate="East" type="FlowLayout"/>\n        <component locate="Center">\n                <driver>jmlib.gui.components.GenericData</driver>\n                <parameters>\n                 <arg>SEL0031</arg>\n                <subarg>\n                <arg>CODE</arg>\n                <arg>NUMERIC</arg>\n                <arg>10</arg>\n                <arg>2</arg>\n                </subarg>\n        <subarg>\n        <arg>NAME</arg>\n                <arg>TEXT</arg>\n        <arg>20</arg>\n        <arg>50</arg>\n                </subarg>\n                </parameters>\n        </component>\n        <component locate="South">\n                <driver>jmlib.gui.components.PanelButtons</driver>\n                <parameters>\n                        <arg>SAVE</arg>\n          <arg>NEW</arg>\n                        <arg>EXIT</arg>\n                </parameters>\n                <events>\n                        <object>\n                                <name>SAVE</name>\n                                <component>\n                                        <driver>jmlib.gui.components.GenericData</driver>\n                                        <method>getPackage</method>\n                                </component>\n                        </object>\n         <object>\n                                <name>NEW</name>\n                                <component>\n                                        <driver>jmlib.gui.components.GenericData</driver>\n                                        <method>clean</method>\n                                </component>\n                        </object>\n                </events>\n        </component>\n</FORM>
36	TR00036	Editar unidad de venta	Permite editar una unidad de venta	jmserver2.logicanegocios.LNGenericSQL	<container>\n<arg>UPD0007</arg>\n</container>	\N	\N	<FORM>\n        <preferences>\n                <size width="340" height="160" />\n                <name>EUNDVENTA</name>\n                <icon>EUNDVENTA</icon>\n                <iconificable />\n                <resizable />\n                <closable />\n        </preferences>\n        <panel locate="North" type="FlowLayout" />\n        <panel locate="West" type="FlowLayout" />\n        <panel locate="East" type="FlowLayout" />\n        <component locate="Center">\n                <driver>jmlib.gui.components.GenericData</driver>\n                <parameters>\n                      <arg>EDIT</arg>\n                      <arg>SEL0034</arg>\n        <subarg>\n                                <arg>CODE</arg>\n                                <arg>TEXT</arg>\n                                <arg>6</arg>\n                                <arg>3</arg>\n                        </subarg>\n                        <subarg>\n                                <arg>DESCRIPCION</arg>\n                                <arg>TEXT</arg>\n                                <arg>20</arg>\n                                <arg>50</arg>\n                        </subarg>\n                       <subarg>\n                                <arg>FACTORC</arg>\n                                <arg>NUMERIC</arg>\n                                <arg>20</arg>\n                                <arg>10</arg>\n                        </subarg>\n                </parameters>\n        </component>\n        <component locate="South">\n                <driver>jmlib.gui.components.PanelButtons</driver>\n                <parameters>\n                        <arg>SAVEAS</arg>\n                        <arg>NEW</arg>\n                        <arg>EXIT</arg>\n                </parameters>\n                <events>\n                        <object>\n                                <name>SAVEAS</name>\n                                <component>\n                                        <driver>jmlib.gui.components.GenericData</driver>\n                                        <method>getPackage</method>\n                                </component>\n                        </object>\n                        <object>\n                                <name>NEW</name>\n                                <component>\n                                        <driver>jmlib.gui.components.GenericData</driver>\n                                        <method>clean</method>\n                                </component>\n                        </object>\n                </events>\n        </component>\n</FORM>
17	TR00017	Nuevo Tipo Tercero	Permite crear un nuevo tipo de Tercero	jmserver2.logicanegocios.LNGenericSQL	<container>\n<arg>INS0009</arg>\n</container>	\N	\N	<FORM>\n        <preferences>\n        <size width="340" height="100"/>\n        <name>NTIPO_TERCERO</name>\n        <icon>NTIPO_TERCERO</icon>\n        <iconificable/>\n        <resizable/>\n        <closable/>\n        </preferences>\n        <panel locate="North" type="FlowLayout"/>\n        <panel locate="West" type="FlowLayout"/>\n        <panel locate="East" type="FlowLayout"/>\n        <component locate="Center">\n                <driver>jmlib.gui.components.GenericData</driver>\n                <parameters>\n        <subarg>\n        <arg>NAME</arg>\n                <arg>TEXT</arg>\n        <arg>20</arg>\n        <arg>50</arg>\n                </subarg>\n                </parameters>\n        </component>\n        <component locate="South">\n                <driver>jmlib.gui.components.PanelButtons</driver>\n                <parameters>\n                        <arg>SAVE</arg>\n          <arg>NEW</arg>\n                        <arg>EXIT</arg>\n                </parameters>\n                <events>\n                        <object>\n                                <name>SAVE</name>\n                                <component>\n                                        <driver>jmlib.gui.components.GenericData</driver>\n                                        <method>getPackage</method>\n                                </component>\n                        </object>\n         <object>\n                                <name>NEW</name>\n                                <component>\n                                        <driver>jmlib.gui.components.GenericData</driver>\n                                        <method>clean</method>\n                                </component>\n                        </object>\n                </events>\n        </component>\n</FORM>
29	TR00029	Nuevo grupo impuestos	Permite crear un nuevo grupo de impuestos	jmserver2.logicanegocios.LNGenericSQL	<container>\n<arg>INS0010</arg>\n</container>	\N	\N	<FORM>\n        <preferences>\n        <size width="340" height="100"/>\n        <name>NGRUPOIMPUESTOS</name>\n        <icon>NGRUPOIMPUESTOS</icon>\n        <iconificable/>\n        <resizable/>\n        <closable/>\n        </preferences>\n        <panel locate="North" type="FlowLayout"/>\n        <panel locate="West" type="FlowLayout"/>\n        <panel locate="East" type="FlowLayout"/>\n        <component locate="Center">\n                <driver>jmlib.gui.components.GenericData</driver>\n                <parameters>\n        <subarg>\n        <arg>NAME</arg>\n                <arg>TEXT</arg>\n        <arg>20</arg>\n        <arg>50</arg>\n                </subarg>\n                </parameters>\n        </component>\n        <component locate="South">\n                <driver>jmlib.gui.components.PanelButtons</driver>\n                <parameters>\n                        <arg>SAVE</arg>\n          <arg>NEW</arg>\n                        <arg>EXIT</arg>\n                </parameters>\n                <events>\n                        <object>\n                                <name>SAVE</name>\n                                <component>\n                                        <driver>jmlib.gui.components.GenericData</driver>\n                                        <method>getPackage</method>\n                                </component>\n                        </object>\n         <object>\n                                <name>NEW</name>\n                                <component>\n                                        <driver>jmlib.gui.components.GenericData</driver>\n                                        <method>clean</method>\n                                </component>\n                        </object>\n                </events>\n        </component>\n</FORM>
5	TR00001	Nuevo Pais	Crea un nuevo pais	jmserver2.logicanegocios.LNGenericSQL	<container>\n<arg>INS0001</arg>\n</container>	\N	\N	<FORM>\n        <preferences>\n        <size width="310" height="140"/>\n        <name>NEW_PAIS</name>\n         <icon>NEW_PAIS</icon>\n        <iconificable/>\n        <resizable/>\n        <closable/>\n        </preferences>\n        <panel locate="North" type="FlowLayout"/>\n        <panel locate="West" type="FlowLayout"/>\n        <panel locate="East" type="FlowLayout"/>\n        <component locate="Center">\n                <driver>jmclient.gui.components.Localidad</driver>\n                <parameters>\n                        <arg>PAIS</arg>\n                        <arg>NEW</arg>\n                </parameters>\n        </component>\n        <component locate="South">\n                <driver>jmlib.gui.components.PanelButtons</driver>\n                <parameters>\n                        <arg>SAVE</arg>\n                        <arg>NEW</arg>\n                        <arg>EXIT</arg>\n                </parameters>\n                <events>\n                        <object>\n                                <name>NEW</name>\n                                <component>\n                                        <driver>jmclient.gui.components.Localidad</driver>\n                                        <method>clean</method>\n                                </component>\n                        </object>\n                        <object>\n                                <name>SAVE</name>\n                                <component>\n                                        <driver>jmclient.gui.components.Localidad</driver>\n                                        <method>getPackage</method>\n                                </component>\n                        </object>\n                </events>\n        </component>\n</FORM>
6	TR00002	Editar Pais	Edita un nuevo pais	jmserver2.logicanegocios.LNGenericSQL	<container>\n<arg>UPD0001</arg>\n</container>	\N	\N	<FORM>\n        <preferences>\n        <size width="310" height="140"/>\n        <name>EDIT_PAIS</name>\n        <icon>EDIT_PAIS</icon>\n        <iconificable/>\n        <resizable/>\n        <closable/>\n        </preferences>\n        <panel locate="North" type="FlowLayout"/>\n        <panel locate="West" type="FlowLayout"/>\n        <panel locate="East" type="FlowLayout"/>\n        <component locate="Center">\n                <driver>jmclient.gui.components.Localidad</driver>\n                <parameters>\n                        <arg>PAIS</arg>\n                        <arg>EDIT</arg>\n                </parameters>\n        </component>\n        <component locate="South">\n                <driver>jmlib.gui.components.PanelButtons</driver>\n                <parameters>\n                        <arg>SAVEAS</arg>\n                        <arg>NEW</arg>\n                        <arg>EXIT</arg>\n                </parameters>\n                <events>\n                        <object>\n                                <name>NEW</name>\n                                <component>\n                                        <driver>jmclient.gui.components.Localidad</driver>\n                                        <method>clean</method>\n                                </component>\n                        </object>\n                        <object>\n                                <name>SAVEAS</name>\n                                <component>\n                                        <driver>jmclient.gui.components.Localidad</driver>\n                                        <method>getPackage</method>\n                                </component>\n                        </object>\n                </events>\n        </component>\n</FORM>
7	TR00003	Borrar Pais	Borra un nuevo pais	jmserver2.logicanegocios.LNGenericSQL	<container>\n<arg>DEL0001</arg>\n</container>	\N	\N	<FORM>\n        <preferences>\n        <size width="310" height="140"/>\n        <name>DELETE_PAIS</name>\n        <icon>DELETE_PAIS</icon>\n        <iconificable/>\n        <resizable/>\n        <closable/>\n        </preferences>\n        <panel locate="North" type="FlowLayout"/>\n        <panel locate="West" type="FlowLayout"/>\n        <panel locate="East" type="FlowLayout"/>\n        <component locate="Center">\n                <driver>jmclient.gui.components.Localidad</driver>\n                <parameters>\n                        <arg>PAIS</arg>\n                        <arg>DELETE</arg>\n                </parameters>\n        </component>\n        <component locate="South">\n                <driver>jmlib.gui.components.PanelButtons</driver>\n                <parameters>\n                        <arg>DELETE</arg>\n                        <arg>EXIT</arg>\n                </parameters>\n                <events>\n                        <object>\n                                <name>DELETE</name>\n                                <component>\n                                        <driver>jmclient.gui.components.Localidad</driver>\n                                        <method>getPackage</method>\n                                </component>\n                        </object>\n                </events>\n        </component>\n</FORM>
8	TR00004	Nuevo Departamento	Esta transaccion permite crear un nuevo departamento	jmserver2.logicanegocios.LNGenericSQL	<container>\n<arg>INS0002</arg>\n</container>	\N	\N	<FORM>\n        <preferences>\n        <size width="410" height="170"/>\n        <name>NEW_DEPTO</name>\n        <icon>NEW_DEPTO</icon>\n        <iconificable/>\n        <closable/>\n        </preferences>\n        <panel locate="North" type="FlowLayout"/>\n        <panel locate="West" type="FlowLayout"/>\n        <panel locate="East" type="FlowLayout"/>\n        <component locate="Center">\n                <driver>jmclient.gui.components.Localidad</driver>\n                <parameters>\n                        <arg>DEPTO</arg>\n                        <arg>NEW</arg>\n                </parameters>\n        </component>\n        <component locate="South">\n                <driver>jmlib.gui.components.PanelButtons</driver>\n                <parameters>\n                        <arg>SAVE</arg>\n                        <arg>NEW</arg>\n                        <arg>EXIT</arg>\n                </parameters>\n                <events>\n                        <object>\n                                <name>NEW</name>\n                                <component>\n                                        <driver>jmclient.gui.components.Localidad</driver>\n                                        <method>clean</method>\n                                </component>\n                        </object>\n                        <object>\n                                <name>SAVE</name>\n                                <component>\n                                        <driver>jmclient.gui.components.Localidad</driver>\n                                        <method>getPackage</method>\n                                </component>\n                        </object>\n                </events>\n        </component>\n</FORM>
9	TR00005	Editar Departamento	Esta transaccion permite editar un departamento	jmserver2.logicanegocios.LNGenericSQL	<container>\n<arg>UPD0002</arg>\n</container>	\N	\N	<FORM>\n        <preferences>\n        <size width="410" height="170"/>\n        <name>EDIT_DEPTO</name>\n        <icon>EDIT_DEPTO</icon>\n        <iconificable/>\n        <closable/>\n        </preferences>\n        <panel locate="North" type="FlowLayout"/>\n        <panel locate="West" type="FlowLayout"/>\n        <panel locate="East" type="FlowLayout"/>\n        <component locate="Center">\n                <driver>jmclient.gui.components.Localidad</driver>\n                <parameters>\n                        <arg>DEPTO</arg>\n                        <arg>EDIT</arg>\n                </parameters>\n        </component>\n        <component locate="South">\n                <driver>jmlib.gui.components.PanelButtons</driver>\n                <parameters>\n                        <arg>SAVEAS</arg>\n                        <arg>NEW</arg>\n                        <arg>EXIT</arg>\n                </parameters>\n                <events>\n                        <object>\n                                <name>NEW</name>\n                                <component>\n                                        <driver>jmclient.gui.components.Localidad</driver>\n                                        <method>clean</method>\n                                </component>\n                        </object>\n                        <object>\n                                <name>SAVEAS</name>\n                                <component>\n                                        <driver>jmclient.gui.components.Localidad</driver>\n                                        <method>getPackage</method>\n                                </component>\n                        </object>\n                </events>\n        </component>\n</FORM>
10	TR00006	Borrar Departamento	Esta transaccion permite borrar un departamento	jmserver2.logicanegocios.LNGenericSQL	<container>\n<arg>DEL0002</arg>\n</container>	\N	\N	<FORM>\n        <preferences>\n        <size width="410" height="170"/>\n        <name>DELETE_DEPTO</name>\n        <icon>DELETE_DEPTO</icon>\n        <iconificable/>\n        <closable/>\n        </preferences>\n        <panel locate="North" type="FlowLayout"/>\n        <panel locate="West" type="FlowLayout"/>\n        <panel locate="East" type="FlowLayout"/>\n        <component locate="Center">\n                <driver>jmclient.gui.components.Localidad</driver>\n                <parameters>\n                        <arg>DEPTO</arg>\n                        <arg>DELETE</arg>\n                </parameters>\n        </component>\n        <component locate="South">\n                <driver>jmlib.gui.components.PanelButtons</driver>\n                <parameters>\n                        <arg>DELETE</arg>\n                        <arg>EXIT</arg>\n                </parameters>\n                <events>\n                        <object>\n                                <name>DELETE</name>\n                                <component>\n                                        <driver>jmclient.gui.components.Localidad</driver>\n                                        <method>getPackage</method>\n                                </component>\n                        </object>\n                </events>\n        </component>\n</FORM>
12	TR00008	Editar Municipio	Esta transaccion permite editar un municipio	jmserver2.logicanegocios.LNGenericSQL	<container>\n<arg>UPD0003</arg>\n</container>	\N	\N	<FORM>\n        <preferences>\n        <size width="425" height="200"/>\n        <name>EDIT_MUN</name>\n        <icon>EDIT_MUN</icon>\n        <iconificable/>\n        <closable/>\n        </preferences>\n        <panel locate="North" type="FlowLayout"/>\n        <panel locate="West" type="FlowLayout"/>\n        <panel locate="East" type="FlowLayout"/>\n        <component locate="Center">\n                <driver>jmclient.gui.components.Localidad</driver>\n                <parameters>\n                        <arg>MUN</arg>\n                        <arg>EDIT</arg>\n                </parameters>\n        </component>\n        <component locate="South">\n                <driver>jmlib.gui.components.PanelButtons</driver>\n                <parameters>\n                        <arg>SAVEAS</arg>\n                        <arg>NEW</arg>\n                        <arg>EXIT</arg>\n                </parameters>\n                <events>\n                        <object>\n                                <name>NEW</name>\n                                <component>\n                                        <driver>jmclient.gui.components.Localidad</driver>\n                                        <method>clean</method>\n                                </component>\n                        </object>\n                        <object>\n                                <name>SAVEAS</name>\n                                <component>\n                                        <driver>jmclient.gui.components.Localidad</driver>\n                                        <method>getPackage</method>\n                                </component>\n                        </object>\n                </events>\n        </component>\n</FORM>
13	TR00009	Borrar Municipio	Esta transaccion permite borrar un municipio	jmserver2.logicanegocios.LNGenericSQL	<container>\n<arg>DEL0003</arg>\n</container>	\N	\N	<FORM>\n        <preferences>\n        <size width="425" height="200"/>\n        <name>DELETE_MUN</name>\n        <icon>DELETE_MUN</icon>\n        <iconificable/>\n        <closable/>\n        </preferences>\n        <panel locate="North" type="FlowLayout"/>\n        <panel locate="West" type="FlowLayout"/>\n        <panel locate="East" type="FlowLayout"/>\n        <component locate="Center">\n                <driver>jmclient.gui.components.Localidad</driver>\n                <parameters>\n                        <arg>MUN</arg>\n                        <arg>DELETE</arg>\n                </parameters>\n        </component>\n        <component locate="South">\n                <driver>jmlib.gui.components.PanelButtons</driver>\n                <parameters>\n                        <arg>DELETE</arg>\n                        <arg>EXIT</arg>\n                </parameters>\n                <events>\n                        <object>\n                                <name>DELETE</name>\n                                <component>\n                                        <driver>jmclient.gui.components.Localidad</driver>\n                                        <method>getPackage</method>\n                                </component>\n                        </object>\n                </events>\n        </component>\n</FORM>
11	TR00007	Nuevo Municipio	Esta transaccion permite crear un municipio	jmserver2.logicanegocios.LNGenericSQL	<container>\n<arg>INS0003</arg>\n</container>	\N	\N	<FORM>\n        <preferences>\n        <size width="425" height="200"/>\n        <name>NEW_MUN</name>\n        <icon>NEW_MUN</icon>\n        <iconificable/>\n        <closable/>\n        </preferences>\n        <panel locate="North" type="FlowLayout"/>\n        <panel locate="West" type="FlowLayout"/>\n        <panel locate="East" type="FlowLayout"/>\n        <component locate="Center">\n                <driver>jmclient.gui.components.Localidad</driver>\n                <parameters>\n                        <arg>MUN</arg>\n                        <arg>NEW</arg>\n                </parameters>\n        </component>\n        <component locate="South">\n                <driver>jmlib.gui.components.PanelButtons</driver>\n                <parameters>\n                        <arg>SAVE</arg>\n                        <arg>NEW</arg>\n                        <arg>EXIT</arg>\n                </parameters>\n                <events>\n                        <object>\n                                <name>NEW</name>\n                                <component>\n                                        <driver>jmclient.gui.components.Localidad</driver>\n                                        <method>clean</method>\n                                </component>\n                        </object>\n                        <object>\n                                <name>SAVE</name>\n                                <component>\n                                        <driver>jmclient.gui.components.Localidad</driver>\n                                        <method>getPackage</method>\n                                </component>\n                        </object>\n                </events>\n        </component>\n</FORM>
23	TR00023	Crear Moneda	Permite crear una nueva moneda	jmserver2.logicanegocios.LNGenericSQL	<container>\n<arg>INS0004</arg>\n</container>	\N	\N	<FORM>\n        <preferences>\n        <size width="340" height="160"/>\n        <name>NMONEDA</name>\n         <icon>NMONEDA</icon>\n        <iconificable/>\n        <resizable/>\n        <closable/>\n        </preferences>\n        <panel locate="North" type="FlowLayout"/>\n        <panel locate="West" type="FlowLayout"/>\n        <panel locate="East" type="FlowLayout"/>\n        <component locate="Center">\n            <driver>jmlib.gui.components.GenericData</driver>\n            <parameters>\n                <arg>SEL0030</arg>\n                 <subarg>\n                        <arg>CODE</arg>\n                        <arg>TEXT</arg>\n                        <arg>10</arg>\n                        <arg>10</arg>\n                </subarg>\n                <subarg>\n                <arg>NAME</arg>\n                        <arg>TEXT</arg>\n                <arg>20</arg>\n                <arg>50</arg>\n                      </subarg>\n                <subarg>\n                        <arg>FLAG</arg>\n                        <arg>TEXT</arg>\n                <arg>20</arg>\n                <arg>50</arg>\n                </subarg>\n            </parameters>\n        </component>\n        <component locate="South">\n                <driver>jmlib.gui.components.PanelButtons</driver>\n                <parameters>\n                        <arg>SAVE</arg>\n                       <arg>NEW</arg>\n                        <arg>EXIT</arg>\n                </parameters>\n                <events>\n                        <object>\n                                <name>SAVE</name>\n                                <component>\n                                        <driver>jmlib.gui.components.GenericData</driver>\n                                        <method>getPackage</method>\n                                </component>\n                        </object>\n         <object>\n                                <name>NEW</name>\n                                <component>\n                                        <driver>jmlib.gui.components.GenericData</driver>\n                                        <method>clean</method>\n                                </component>\n                        </object>\n                </events>\n        </component>\n</FORM>
24	TR00024	Editar Moneda	Permite editar una moneda	jmserver2.logicanegocios.LNGenericSQL	<container>\n<arg>UPD0004</arg>\n</container>	\N	\N	<FORM>\n        <preferences>\n        <size width="340" height="160"/>\n        <name>EMONEDA</name>\n         <icon>EMONEDA</icon>\n        <iconificable/>\n        <resizable/>\n        <closable/>\n        </preferences>\n        <panel locate="North" type="FlowLayout"/>\n        <panel locate="West" type="FlowLayout"/>\n        <panel locate="East" type="FlowLayout"/>\n        <component locate="Center">\n            <driver>jmlib.gui.components.GenericData</driver>\n            <parameters>\n                <arg>EDIT</arg>\n                 <arg>SEL0030</arg>\n                 <subarg>\n                        <arg>CODE</arg>\n                        <arg>TEXT</arg>\n                        <arg>10</arg>\n                        <arg>10</arg>\n                </subarg>\n                <subarg>\n                <arg>NAME</arg>\n                        <arg>TEXT</arg>\n                <arg>20</arg>\n                <arg>50</arg>\n                      </subarg>\n                <subarg>\n                        <arg>FLAG</arg>\n                        <arg>TEXT</arg>\n                <arg>20</arg>\n                <arg>50</arg>\n                </subarg>\n            </parameters>\n        </component>\n        <component locate="South">\n                <driver>jmlib.gui.components.PanelButtons</driver>\n                <parameters>\n                        <arg>SAVEAS</arg>\n                       <arg>NEW</arg>\n                        <arg>EXIT</arg>\n                </parameters>\n                <events>\n                        <object>\n                                <name>SAVEAS</name>\n                                <component>\n                                        <driver>jmlib.gui.components.GenericData</driver>\n                                        <method>getPackage</method>\n                                </component>\n                        </object>\n         <object>\n                                <name>NEW</name>\n                                <component>\n                                        <driver>jmlib.gui.components.GenericData</driver>\n                                        <method>clean</method>\n                                </component>\n                        </object>\n                </events>\n        </component>\n</FORM>
25	TR00025	Borrar Moneda	Permite borrar una moneda	jmserver2.logicanegocios.LNGenericSQL	<container>\n<arg>DEL0004</arg>\n</container>	\N	\N	<FORM>\n        <preferences>\n        <size width="340" height="160"/>\n        <name>DMONEDA</name>\n         <icon>DMONEDA</icon>\n        <iconificable/>\n        <resizable/>\n        <closable/>\n        </preferences>\n        <panel locate="North" type="FlowLayout"/>\n        <panel locate="West" type="FlowLayout"/>\n        <panel locate="East" type="FlowLayout"/>\n        <component locate="Center">\n            <driver>jmlib.gui.components.GenericData</driver>\n            <parameters>\n                <arg>DELETE</arg>\n                 <arg>SEL0030</arg>\n                 <subarg>\n                        <arg>CODE</arg>\n                        <arg>TEXT</arg>\n                        <arg>10</arg>\n                        <arg>10</arg>\n                </subarg>\n                <subarg>\n                <arg>NAME</arg>\n                        <arg>TEXT</arg>\n                <arg>20</arg>\n                <arg>50</arg>\n                      </subarg>\n                <subarg>\n                        <arg>FLAG</arg>\n                        <arg>TEXT</arg>\n                <arg>20</arg>\n                <arg>50</arg>\n                </subarg>\n            </parameters>\n        </component>\n        <component locate="South">\n                <driver>jmlib.gui.components.PanelButtons</driver>\n                <parameters>\n                        <arg>DELETE</arg>\n                        <arg>EXIT</arg>\n                </parameters>\n                <events>\n                        <object>\n                                <name>DELETE</name>\n                                <component>\n                                        <driver>jmlib.gui.components.GenericData</driver>\n                                        <method>getPackage</method>\n                                </component>\n                        </object>\n                </events>\n        </component>\n</FORM>
27	TR00027	Editar Banco	Permite editar un banco	jmserver2.logicanegocios.LNGenericSQL	<container>\n<arg>UPD0005</arg>\n</container>	\N	\N	<FORM>\n        <preferences>\n        <size width="340" height="130"/>\n        <name>EBANCO</name>\n        <icon>EBANCO</icon>\n        <iconificable/>\n        <resizable/>\n        <closable/>\n        </preferences>\n        <panel locate="North" type="FlowLayout"/>\n        <panel locate="West" type="FlowLayout"/>\n        <panel locate="East" type="FlowLayout"/>\n        <component locate="Center">\n                <driver>jmlib.gui.components.GenericData</driver>\n                <parameters>\n                 <arg>EDIT</arg>\n                 <arg>SEL0031</arg>\n                <subarg>\n                <arg>CODE</arg>\n                <arg>NUMERIC</arg>\n                <arg>10</arg>\n                <arg>2</arg>\n                </subarg>\n        <subarg>\n        <arg>NAME</arg>\n                <arg>TEXT</arg>\n        <arg>20</arg>\n        <arg>50</arg>\n                </subarg>\n                </parameters>\n        </component>\n        <component locate="South">\n                <driver>jmlib.gui.components.PanelButtons</driver>\n                <parameters>\n                        <arg>SAVEAS</arg>\n          <arg>NEW</arg>\n                        <arg>EXIT</arg>\n                </parameters>\n                <events>\n                        <object>\n                                <name>SAVEAS</name>\n                                <component>\n                                        <driver>jmlib.gui.components.GenericData</driver>\n                                        <method>getPackage</method>\n                                </component>\n                        </object>\n         <object>\n                                <name>NEW</name>\n                                <component>\n                                        <driver>jmlib.gui.components.GenericData</driver>\n                                        <method>clean</method>\n                                </component>\n                        </object>\n                </events>\n        </component>\n</FORM>
28	TR00028	Borrar Banco	Permite borrar un banco	jmserver2.logicanegocios.LNGenericSQL	<container>\n<arg>DEL0005</arg>\n</container>	\N	\N	<FORM>\n        <preferences>\n        <size width="340" height="130"/>\n        <name>DBANCO</name>\n        <icon>DBANCO</icon>\n        <iconificable/>\n        <resizable/>\n        <closable/>\n        </preferences>\n        <panel locate="North" type="FlowLayout"/>\n        <panel locate="West" type="FlowLayout"/>\n        <panel locate="East" type="FlowLayout"/>\n        <component locate="Center">\n                <driver>jmlib.gui.components.GenericData</driver>\n                <parameters>\n                <arg>DELETE</arg>\n                <arg>SEL0031</arg>\n                <subarg>\n                <arg>CODE</arg>\n                <arg>NUMERIC</arg>\n                <arg>10</arg>\n                <arg>2</arg>\n                </subarg>\n        <subarg>\n        <arg>NAME</arg>\n                <arg>TEXT</arg>\n        <arg>20</arg>\n        <arg>50</arg>\n                </subarg>\n                </parameters>\n        </component>\n        <component locate="South">\n                <driver>jmlib.gui.components.PanelButtons</driver>\n                <parameters>\n                        <arg>DELETE</arg>\n                        <arg>EXIT</arg>\n                </parameters>\n                <events>\n                        <object>\n                                <name>DELETE</name>\n                                <component>\n                                        <driver>jmlib.gui.components.GenericData</driver>\n                                        <method>getPackage</method>\n                                </component>\n                        </object>\n                </events>\n        </component>\n</FORM>
18	TR00018	Editar Tipo Tercero	Permite editar un tipo de Tercero	jmserver2.logicanegocios.LNGenericSQL	<container>\n<arg>UPD0009</arg>\n</container>	\N	\N	<FORM>\n        <preferences>\n        <size width="340" height="130"/>\n        <name>ETIPO_TERCERO</name>\n        <icon>ETIPO_TERCERO</icon>\n        <iconificable/>\n        <resizable/>\n        <closable/>\n        </preferences>\n        <panel locate="North" type="FlowLayout"/>\n        <panel locate="West" type="FlowLayout"/>\n        <panel locate="East" type="FlowLayout"/>\n        <component locate="Center">\n                <driver>jmlib.gui.components.GenericData</driver>\n                <parameters>\n                <arg>EDIT</arg>\n                <arg>SEL0032</arg>\n                <subarg>\n                <arg>CODE</arg>\n                <arg>NUMERIC</arg>\n                <arg>10</arg>\n                <arg>10</arg>\n                </subarg>\n        <subarg>\n        <arg>NAME</arg>\n                <arg>TEXT</arg>\n        <arg>20</arg>\n        <arg>50</arg>\n                </subarg>\n                </parameters>\n        </component>\n        <component locate="South">\n                <driver>jmlib.gui.components.PanelButtons</driver>\n                <parameters>\n                        <arg>SAVEAS</arg>\n          <arg>NEW</arg>\n                        <arg>EXIT</arg>\n                </parameters>\n                <events>\n                        <object>\n                                <name>SAVEAS</name>\n                                <component>\n                                        <driver>jmlib.gui.components.GenericData</driver>\n                                        <method>getPackage</method>\n                                </component>\n                        </object>\n         <object>\n                                <name>NEW</name>\n                                <component>\n                                        <driver>jmlib.gui.components.GenericData</driver>\n                                        <method>clean</method>\n                                </component>\n                        </object>\n                </events>\n        </component>\n</FORM>
19	TR00019	Borrar Tipo Tercero	Permite borrar un tipo de Tercero	jmserver2.logicanegocios.LNGenericSQL	<container>\n<arg>DEL0009</arg>\n</container>	\N	\N	<FORM>\n        <preferences>\n        <size width="340" height="130"/>\n        <name>DTIPO_TERCERO</name>\n        <icon>DTIPO_TERCERO</icon>\n        <iconificable/>\n        <resizable/>\n        <closable/>\n        </preferences>\n        <panel locate="North" type="FlowLayout"/>\n        <panel locate="West" type="FlowLayout"/>\n        <panel locate="East" type="FlowLayout"/>\n        <component locate="Center">\n                <driver>jmlib.gui.components.GenericData</driver>\n                <parameters>\n                <arg>DELETE</arg>\n                <arg>SEL0032</arg>\n                <subarg>\n                <arg>CODE</arg>\n                <arg>NUMERIC</arg>\n                <arg>10</arg>\n                <arg>10</arg>\n                </subarg>\n        <subarg>\n        <arg>NAME</arg>\n                <arg>TEXT</arg>\n        <arg>20</arg>\n        <arg>50</arg>\n                </subarg>\n                </parameters>\n        </component>\n        <component locate="South">\n                <driver>jmlib.gui.components.PanelButtons</driver>\n                <parameters>\n                        <arg>DELETE</arg>\n                        <arg>EXIT</arg>\n                </parameters>\n                <events>\n                        <object>\n                                <name>DELETE</name>\n                                <component>\n                                        <driver>jmlib.gui.components.GenericData</driver>\n                                        <method>getPackage</method>\n                                </component>\n                        </object>\n                </events>\n        </component>\n</FORM>
21	TR00021	Editar Catalogo Precios de Venta	Permite editar los catalogos para los precios de venta	jmserver2.logicanegocios.LNGenericSQL	<container>\n<arg>UPD0006</arg>\n</container>	\N	\N	<FORM>\n        <preferences>\n        <size width="340" height="130"/>\n        <name>ECATALOGOPVENTA</name>\n        <icon>ECATALOGOPVENTA</icon>\n        <iconificable/>\n        <resizable/>\n        <closable/>\n        </preferences>\n        <panel locate="North" type="FlowLayout"/>\n        <panel locate="West" type="FlowLayout"/>\n        <panel locate="East" type="FlowLayout"/>\n        <component locate="Center">\n                <driver>jmlib.gui.components.GenericData</driver>\n                <parameters>\n                 <arg>EDIT</arg>\n                 <arg>SEL0033</arg>\n                <subarg>\n                <arg>CODE</arg>\n                <arg>NUMERIC</arg>\n                <arg>10</arg>\n                <arg>10</arg>\n                </subarg>\n        <subarg>\n        <arg>NAME</arg>\n                <arg>TEXT</arg>\n        <arg>20</arg>\n        <arg>50</arg>\n                </subarg>\n                </parameters>\n        </component>\n        <component locate="South">\n                <driver>jmlib.gui.components.PanelButtons</driver>\n                <parameters>\n                        <arg>SAVEAS</arg>\n          <arg>NEW</arg>\n                        <arg>EXIT</arg>\n                </parameters>\n                <events>\n                        <object>\n                                <name>SAVEAS</name>\n                                <component>\n                                        <driver>jmlib.gui.components.GenericData</driver>\n                                        <method>getPackage</method>\n                                </component>\n                        </object>\n         <object>\n                                <name>NEW</name>\n                                <component>\n                                        <driver>jmlib.gui.components.GenericData</driver>\n                                        <method>clean</method>\n                                </component>\n                        </object>\n                </events>\n        </component>\n</FORM>
22	TR00022	Borrar Catalogo Precios de Venta	Permite borrar catalogos para los precios de venta	jmserver2.logicanegocios.LNGenericSQL	<container>\n<arg>DEL0006</arg>\n</container>	\N	\N	<FORM>\n        <preferences>\n        <size width="340" height="130"/>\n        <name>DCATALOGOPVENTA</name>\n        <icon>DCATALOGOPVENTA</icon>\n        <iconificable/>\n        <resizable/>\n        <closable/>\n        </preferences>\n        <panel locate="North" type="FlowLayout"/>\n        <panel locate="West" type="FlowLayout"/>\n        <panel locate="East" type="FlowLayout"/>\n        <component locate="Center">\n                <driver>jmlib.gui.components.GenericData</driver>\n                <parameters>\n        <arg>DELETE</arg>\n        <arg>SEL0033</arg>\n                <subarg>\n                <arg>CODE</arg>\n                <arg>NUMERIC</arg>\n                <arg>10</arg>\n                <arg>10</arg>\n                </subarg>\n        <subarg>\n        <arg>NAME</arg>\n                <arg>TEXT</arg>\n        <arg>20</arg>\n        <arg>50</arg>\n                </subarg>\n                </parameters>\n        </component>\n        <component locate="South">\n                <driver>jmlib.gui.components.PanelButtons</driver>\n                <parameters>\n                        <arg>DELETE</arg>\n                        <arg>EXIT</arg>\n                </parameters>\n                <events>\n                        <object>\n                                <name>DELETE</name>\n                                <component>\n                                        <driver>jmlib.gui.components.GenericData</driver>\n                                        <method>getPackage</method>\n                                </component>\n                        </object>\n                </events>\n        </component>\n</FORM>
20	TR00020	Nuevo Catalogo Precios de Venta	Permite crear los catalogos para los precios de venta	jmserver2.logicanegocios.LNGenericSQL	<container>\n<arg>INS0006</arg>\n</container>	\N	\N	<FORM>\n        <preferences>\n        <size width="340" height="100"/>\n        <name>NCATALOGOPVENTA</name>\n        <icon>NCATALOGOPVENTA</icon>\n        <iconificable/>\n        <resizable/>\n        <closable/>\n        </preferences>\n        <panel locate="North" type="FlowLayout"/>\n        <panel locate="West" type="FlowLayout"/>\n        <panel locate="East" type="FlowLayout"/>\n        <component locate="Center">\n                <driver>jmlib.gui.components.GenericData</driver>\n                <parameters>\n        <subarg>\n        <arg>NAME</arg>\n                <arg>TEXT</arg>\n        <arg>20</arg>\n        <arg>50</arg>\n                </subarg>\n                </parameters>\n        </component>\n        <component locate="South">\n                <driver>jmlib.gui.components.PanelButtons</driver>\n                <parameters>\n                        <arg>SAVE</arg>\n          <arg>NEW</arg>\n                        <arg>EXIT</arg>\n                </parameters>\n                <events>\n                        <object>\n                                <name>SAVE</name>\n                                <component>\n                                        <driver>jmlib.gui.components.GenericData</driver>\n                                        <method>getPackage</method>\n                                </component>\n                        </object>\n         <object>\n                                <name>NEW</name>\n                                <component>\n                                        <driver>jmlib.gui.components.GenericData</driver>\n                                        <method>clean</method>\n                                </component>\n                        </object>\n                </events>\n        </component>\n</FORM>
37	TR00037	Borrar unidad de venta	Permite borrar una unidad de venta	jmserver2.logicanegocios.LNGenericSQL	<container>\n<arg>DEL0007</arg>\n</container>	\N	\N	<FORM>\n        <preferences>\n                <size width="340" height="160" />\n                <name>EUNDVENTA</name>\n                <icon>EUNDVENTA</icon>\n                <iconificable />\n                <resizable />\n                <closable />\n        </preferences>\n        <panel locate="North" type="FlowLayout" />\n        <panel locate="West" type="FlowLayout" />\n        <panel locate="East" type="FlowLayout" />\n        <component locate="Center">\n                <driver>jmlib.gui.components.GenericData</driver>\n                <parameters>\n                      <arg>DELETE</arg>\n                      <arg>SEL0034</arg>\n        <subarg>\n                                <arg>CODE</arg>\n                                <arg>TEXT</arg>\n                                <arg>6</arg>\n                                <arg>3</arg>\n                        </subarg>\n                        <subarg>\n                                <arg>DESCRIPCION</arg>\n                                <arg>TEXT</arg>\n                                <arg>20</arg>\n                                <arg>50</arg>\n                        </subarg>\n                       <subarg>\n                                <arg>FACTORC</arg>\n                                <arg>NUMERIC</arg>\n                                <arg>20</arg>\n                                <arg>10</arg>\n                        </subarg>\n                </parameters>\n        </component>\n        <component locate="South">\n                <driver>jmlib.gui.components.PanelButtons</driver>\n                <parameters>\n                        <arg>DELETE</arg>\n                        <arg>EXIT</arg>\n                </parameters>\n                <events>\n                        <object>\n                                <name>DELETE</name>\n                                <component>\n                                        <driver>jmlib.gui.components.GenericData</driver>\n                                        <method>getPackage</method>\n                                </component>\n                        </object>\n                </events>\n        </component>\n</FORM>
35	TR00035	Nueva unidad de venta	Permite crear una nueva unidad de venta	jmserver2.logicanegocios.LNGenericSQL	<container>\n<arg>INS0007</arg>\n</container>	\N	\N	<FORM>\n        <preferences>\n                <size width="340" height="160" />\n                <name>NUNDVENTA</name>\n                <icon>NUNDVENTA</icon>\n                <iconificable />\n                <resizable />\n                <closable />\n        </preferences>\n        <panel locate="North" type="FlowLayout" />\n        <panel locate="West" type="FlowLayout" />\n        <panel locate="East" type="FlowLayout" />\n        <component locate="Center">\n                <driver>jmlib.gui.components.GenericData</driver>\n                <parameters>\n                 <arg>SEL0034</arg>\n                        <subarg>\n                                <arg>CODE</arg>\n                                <arg>TEXT</arg>\n                                <arg>6</arg>\n                                <arg>3</arg>\n                        </subarg>\n                        <subarg>\n                                <arg>DESCRIPCION</arg>\n                                <arg>TEXT</arg>\n                                <arg>20</arg>\n                                <arg>50</arg>\n                        </subarg>\n                       <subarg>\n                                <arg>FACTORC</arg>\n                                <arg>NUMERIC</arg>\n                                <arg>20</arg>\n                                <arg>10</arg>\n                        </subarg>\n                </parameters>\n        </component>\n        <component locate="South">\n                <driver>jmlib.gui.components.PanelButtons</driver>\n                <parameters>\n                        <arg>SAVE</arg>\n                        <arg>NEW</arg>\n                        <arg>EXIT</arg>\n                </parameters>\n                <events>\n                        <object>\n                                <name>SAVE</name>\n                                <component>\n                                        <driver>jmlib.gui.components.GenericData</driver>\n                                        <method>getPackage</method>\n                                </component>\n                        </object>\n                        <object>\n                                <name>NEW</name>\n                                <component>\n                                        <driver>jmlib.gui.components.GenericData</driver>\n                                        <method>clean</method>\n                                </component>\n                        </object>\n                </events>\n        </component>\n</FORM>
42	TR00042	Editar grupo de productos	Permite editar un grupo de productos	jmserver2.logicanegocios.LNGenericSQL	<container>\n<arg>UPD0008</arg>\n</container>	\N	\N	<FORM>\n        <preferences>\n                <size width="340" height="130" />\n                <name>EGRUPOSPROD</name>\n                 <icon>EGRUPOPROD</icon>\n                <iconificable />\n                <closable />\n        </preferences>\n        <panel locate="North" type="FlowLayout" />\n        <panel locate="West" type="FlowLayout" />\n        <panel locate="East" type="FlowLayout" />\n        <component locate="Center">\n                <driver>jmlib.gui.components.GenericData</driver>\n                <parameters>\n          <arg>EDIT</arg>\n          <arg>SEL0035</arg>\n                        <subarg>\n                                <arg>CODE</arg>\n                                <arg>TEXT</arg>\n                                <arg>13</arg>\n                                <arg>13</arg>\n                        </subarg>\n                        <subarg>\n                                <arg>NAME</arg>\n                                <arg>TEXT</arg>\n                                <arg>20</arg>\n                                <arg>50</arg>\n                        </subarg>\n                </parameters>\n        </component>\n        <component locate="South">\n                <driver>jmlib.gui.components.PanelButtons</driver>\n                <parameters>\n                        <arg>SAVEAS</arg>\n                        <arg>NEW</arg>\n                        <arg>EXIT</arg>\n                </parameters>\n                <events>\n                        <object>\n                                <name>SAVEAS</name>\n                                <component>\n                                        <driver>jmlib.gui.components.GenericData</driver>\n                                        <method>getPackage</method>\n                                </component>\n                        </object>\n                        <object>\n                                <name>NEW</name>\n                                <component>\n                                        <driver>jmlib.gui.components.GenericData</driver>\n                                        <method>clean</method>\n                                </component>\n                        </object>\n                </events>\n        </component>\n</FORM>
43	TR00043	Borrar grupo de productos	Permite borrar un grupo de productos	jmserver2.logicanegocios.LNGenericSQL	<container>\n<arg>DEL0008</arg>\n</container>	\N	\N	<FORM>\n        <preferences>\n                <size width="340" height="130" />\n                <name>DGRUPOSPROD</name>\n                <iconificable />\n                <icon>DGRUPOPROD</icon>\n                <closable />\n        </preferences>\n        <panel locate="North" type="FlowLayout" />\n        <panel locate="West" type="FlowLayout" />\n        <panel locate="East" type="FlowLayout" />\n        <component locate="Center">\n                <driver>jmlib.gui.components.GenericData</driver>\n                <parameters>\n                        <arg>DELETE</arg>\n                        <arg>SEL0035</arg>\n                        <subarg>\n                                <arg>CODE</arg>\n                                <arg>TEXT</arg>\n                                <arg>13</arg>\n                                <arg>13</arg>\n                        </subarg>\n                        <subarg>\n                                <arg>NAME</arg>\n                                <arg>TEXT</arg>\n                                <arg>20</arg>\n                                <arg>50</arg>\n                        </subarg>\n                </parameters>\n        </component>\n        <component locate="South">\n                <driver>jmlib.gui.components.PanelButtons</driver>\n                <parameters>\n                        <arg>DELETE</arg>\n                        <arg>EXIT</arg>\n                </parameters>\n                <events>\n                        <object>\n                                <name>DELETE</name>\n                                <component>\n                                        <driver>jmlib.gui.components.GenericData</driver>\n                                        <method>getPackage</method>\n                                </component>\n                        </object>\n                </events>\n        </component>\n</FORM>
41	TR00041	Nuevo grupo de productos	Permite crear un nuveo grupo de productos	jmserver2.logicanegocios.LNGenericSQL	<container>\n<arg>INS0008</arg>\n</container>	\N	\N	<FORM>\n        <preferences>\n                <size width="340" height="130" />\n                <name>NGRUPOSPROD</name>\n                <icon>NGRUPOPROD</icon>\n                <iconificable />\n                <resizable />\n                <closable />\n        </preferences>\n        <panel locate="North" type="FlowLayout" />\n        <panel locate="West" type="FlowLayout" />\n        <panel locate="East" type="FlowLayout" />\n        <component locate="Center">\n                <driver>jmlib.gui.components.GenericData</driver>\n                <arg>SEL0035</arg>\n                <parameters>\n                        <subarg>\n                                <arg>CODE</arg>\n                                <arg>TEXT</arg>\n                                <arg>13</arg>\n                                <arg>13</arg>\n                        </subarg>\n                        <subarg>\n                                <arg>NAME</arg>\n                                <arg>TEXT</arg>\n                                <arg>20</arg>\n                                <arg>50</arg>\n                        </subarg>\n                </parameters>\n        </component>\n        <component locate="South">\n                <driver>jmlib.gui.components.PanelButtons</driver>\n                <parameters>\n                        <arg>SAVE</arg>\n                        <arg>NEW</arg>\n                        <arg>EXIT</arg>\n                </parameters>\n                <events>\n                        <object>\n                                <name>SAVE</name>\n                                <component>\n                                        <driver>jmlib.gui.components.GenericData</driver>\n                                        <method>getPackage</method>\n                                </component>\n                        </object>\n                        <object>\n                                <name>NEW</name>\n                                <component>\n                                        <driver>jmlib.gui.components.GenericData</driver>\n                                        <method>clean</method>\n                                </component>\n                        </object>\n                </events>\n        </component>\n</FORM>
30	TR00030	Editar grupo impuestos	Permite editar un grupo de impuestos	jmserver2.logicanegocios.LNGenericSQL	<container>\n<arg>UPD0010</arg>\n</container>	\N	\N	<FORM>\n        <preferences>\n        <size width="340" height="130"/>\n        <name>EGRUPOIMPUESTOS</name>\n        <icon>EGRUPOIMPUESTOS</icon>\n        <iconificable/>\n        <resizable/>\n        <closable/>\n        </preferences>\n        <panel locate="North" type="FlowLayout"/>\n        <panel locate="West" type="FlowLayout"/>\n        <panel locate="East" type="FlowLayout"/>\n        <component locate="Center">\n                <driver>jmlib.gui.components.GenericData</driver>\n                <parameters>\n                <arg>EDIT</arg>\n                <arg>SEL0036</arg>\n                <subarg>\n                <arg>CODE</arg>\n                <arg>NUMERIC</arg>\n                <arg>10</arg>\n                <arg>10</arg>\n                </subarg>\n        <subarg>\n        <arg>NAME</arg>\n                <arg>TEXT</arg>\n        <arg>20</arg>\n        <arg>50</arg>\n                </subarg>\n                </parameters>\n        </component>\n        <component locate="South">\n                <driver>jmlib.gui.components.PanelButtons</driver>\n                <parameters>\n                        <arg>SAVEAS</arg>\n          <arg>NEW</arg>\n                        <arg>EXIT</arg>\n                </parameters>\n                <events>\n                        <object>\n                                <name>SAVEAS</name>\n                                <component>\n                                        <driver>jmlib.gui.components.GenericData</driver>\n                                        <method>getPackage</method>\n                                </component>\n                        </object>\n         <object>\n                                <name>NEW</name>\n                                <component>\n                                        <driver>jmlib.gui.components.GenericData</driver>\n                                        <method>clean</method>\n                                </component>\n                        </object>\n                </events>\n        </component>\n</FORM>
31	TR00031	Borrar grupo impuestos	Permite borrar un grupo de impuestos	jmserver2.logicanegocios.LNGenericSQL	<container>\n<arg>DEL0010</arg>\n</container>	\N	\N	<FORM>\n        <preferences>\n        <size width="340" height="130"/>\n        <name>DGRUPOIMPUESTOS</name>\n        <icon>DGRUPOIMPUESTOS</icon>\n        <iconificable/>\n        <resizable/>\n        <closable/>\n        </preferences>\n        <panel locate="North" type="FlowLayout"/>\n        <panel locate="West" type="FlowLayout"/>\n        <panel locate="East" type="FlowLayout"/>\n        <component locate="Center">\n                <driver>jmlib.gui.components.GenericData</driver>\n                <parameters>\n                <arg>DELETE</arg>\n                <arg>SEL0036</arg>\n                <subarg>\n                <arg>CODE</arg>\n                <arg>NUMERIC</arg>\n                <arg>10</arg>\n                <arg>10</arg>\n                </subarg>\n        <subarg>\n        <arg>NAME</arg>\n                <arg>TEXT</arg>\n        <arg>20</arg>\n        <arg>50</arg>\n                </subarg>\n                </parameters>\n        </component>\n        <component locate="South">\n                <driver>jmlib.gui.components.PanelButtons</driver>\n                <parameters>\n                        <arg>DELETE</arg>\n                        <arg>EXIT</arg>\n                </parameters>\n                <events>\n                        <object>\n                                <name>DELETE</name>\n                                <component>\n                                        <driver>jmlib.gui.components.GenericData</driver>\n                                        <method>getPackage</method>\n                                </component>\n                        </object>\n                </events>\n        </component>\n</FORM>
32	TR00032	Nueva Bodega	Permite crear una bodega	jmserver2.logicanegocios.LNMultiPackage	<container>\n     <arg>INS0011</arg>\n     <arg>INS0013</arg>\n     <arg>INS0012</arg>\n     <arg>INS0014</arg>\n     <arg>INS0015</arg>\n</container>	\N	\N	<FORM>\n        <preferences>\n        <size width="450" height="390"/>\n        <name>NBODEGA</name>\n        <icon>NBODEGA</icon>\n        <iconificable/>\n        <closable/>\n        </preferences>\n        <panel locate="North" type="FlowLayout"/>\n        <panel locate="West" type="FlowLayout"/>\n        <panel locate="East" type="FlowLayout"/>\n        <tab locate="Center">\n                <component name="GENERAL" icon="NBODEGA">\n                        <driver>jmclient.gui.components.Bodega</driver>\n                        <parameters>\n\t         <arg>006</arg>\n\t   </parameters>\n                </component>\n                <component name="ADDRESS" icon="ADDRESS">\n                        <driver>jmclient.gui.components.Address</driver>\n                </component>\n                <component name="PHONE" icon="PHONE">\n                        <driver>jmclient.gui.components.Phones</driver>\n                </component>\n                <component name="MAIL" icon="MAIL">\n                        <driver>jmclient.gui.components.Mails</driver>\n                </component>\n        </tab>\n        <component locate="South">\n                <driver>jmlib.gui.components.PanelButtons</driver>\n                <parameters>\n                        <arg>SAVE</arg>\n                        <arg>NEW</arg>\n                        <arg>EXIT</arg>\n                </parameters>\n                <events>\n                        <object>\n                                <name>NEW</name>\n                                <component>\n                                       <driver>jmclient.gui.components.Bodega</driver>\n                                        <method>clean</method>\n                                </component>\n                                <component>\n                                       <driver>jmclient.gui.components.Address</driver>\n                                        <method>clean</method>\n                                </component>\n                                <component>\n                                       <driver>jmclient.gui.components.Phones</driver>\n                                        <method>clean</method>\n                                </component>\n                                <component>\n                                       <driver>jmclient.gui.components.Mails</driver>\n                                        <method>clean</method>\n                                </component>\n                        </object>\n                        <object>\n                                <name>SAVE</name>\n                                <component>\n                                       <driver>jmclient.gui.components.Bodega</driver>\n                                        <method>getMultiPackage</method>\n                                </component>\n                                <component>\n                                       <driver>jmclient.gui.components.Address</driver>\n                                        <method>getPackage</method>\n                                </component>\n                                <component>\n                                       <driver>jmclient.gui.components.Phones</driver>\n                                        <method>getPackage</method>\n                                </component>\n                                <component>\n                                       <driver>jmclient.gui.components.Mails</driver>\n                                        <method>getPackage</method>\n                                </component>\n                        </object>\n                </events>\n        </component>\n</FORM>
14	TR00014	Nuevo Tercero	Permite crear un nuevo Tercero	jmserver2.logicanegocios.LNMultiPackage	<container>\n     <arg>INS0011</arg>\n     <arg>INS0017</arg>\n     <arg>INS0018</arg>\n     <arg>INS0019</arg>\n     <arg>INS0013</arg>\n     <arg>INS0016</arg>\n     <arg>INS0012</arg>\n     <arg>INS0014</arg>\n     <arg>INS0015</arg>\n</container>	\N	\N	<FORM>\n        <preferences>\n        <size width="540" height="460"/>\n        <name>NTERCERO</name>\n        <icon>NTERCERO</icon>\n        <iconificable/>\n        <closable/>\n        </preferences>\n        <panel locate="North" type="FlowLayout"/>\n        <panel locate="West" type="FlowLayout"/>\n        <panel locate="East" type="FlowLayout"/>\n        <tab locate="Center">\n                <component name="GENERAL" icon="GENERAL">\n                        <driver>jmclient.gui.components.Terceros</driver>\n           <parameters>\n                 <arg>002</arg>\n           </parameters>\n                </component>\n                <component name="CUENTAB" icon="CUENTAB">\n                        <driver>jmclient.gui.components.CBank</driver>\n                </component>\n                <component name="ADDRESS" icon="ADDRESS">\n                        <driver>jmclient.gui.components.Address</driver>\n                </component>\n                <component name="PHONE" icon="PHONE">\n                        <driver>jmclient.gui.components.Phones</driver>\n                </component>\n                <component name="MAIL" icon="MAIL">\n                        <driver>jmclient.gui.components.Mails</driver>\n                </component>\n        </tab>\n        <component locate="South">\n                <driver>jmlib.gui.components.PanelButtons</driver>\n                <parameters>\n                        <arg>SAVE</arg>\n                        <arg>NEW</arg>\n                        <arg>EXIT</arg>\n                </parameters>\n                <events>\n                        <object>\n                                <name>NEW</name>\n                                <component>\n                                       <driver>jmclient.gui.components.Terceros</driver>\n                                        <method>clean</method>\n                                </component>\n                                <component>\n                                       <driver>jmclient.gui.components.CBank</driver>\n                                        <method>clean</method>\n                                </component>\n                                <component>\n                                       <driver>jmclient.gui.components.Address</driver>\n                                        <method>clean</method>\n                                </component>\n                                <component>\n                                       <driver>jmclient.gui.components.Phones</driver>\n                                        <method>clean</method>\n                                </component>\n                                <component>\n                                       <driver>jmclient.gui.components.Mails</driver>\n                                        <method>clean</method>\n                                </component>\n                        </object>\n                        <object>\n                                <name>SAVE</name>\n                                <component>\n                                       <driver>jmclient.gui.components.Terceros</driver>\n                                        <method>getMultiPackage</method>\n                                </component>\n                                <component>\n                                       <driver>jmclient.gui.components.CBank</driver>\n                                        <method>getPackage</method>\n                                </component>\n                                <component>\n                                       <driver>jmclient.gui.components.Address</driver>\n                                        <method>getPackage</method>\n                                </component>\n                                <component>\n                                       <driver>jmclient.gui.components.Phones</driver>\n                                        <method>getPackage</method>\n                                </component>\n                                <component>\n                                       <driver>jmclient.gui.components.Mails</driver>\n                                        <method>getPackage</method>\n                                </component>\n                        </object>\n                </events>\n        </component>\n</FORM>
33	TR00033	Editar Bodega	Permite editar una bodega	jmserver2.logicanegocios.LNGenericSQL	\N	\N	\N	<FORM>\n        <preferences>\n        <size width="450" height="390"/>\n        <name>EBODEGA</name>\n        <icon>EBODEGA</icon>\n        <iconificable/>\n        <closable/>\n        </preferences>\n        <panel locate="North" type="FlowLayout"/>\n        <panel locate="West" type="FlowLayout"/>\n        <panel locate="East" type="FlowLayout"/>\n        <tab locate="Center">\n                <component name="GENERAL" icon="EBODEGA">\n                        <driver>jmclient.gui.components.Bodega</driver>\n          <parameters>\n            <arg>EDIT</arg>\n           <arg>006</arg>\n           </parameters>\n                </component>\n                <component name="ADDRESS" icon="ADDRESS">\n                        <driver>jmclient.gui.components.Address</driver>\n                </component>\n                <component name="PHONE" icon="PHONE">\n                        <driver>jmclient.gui.components.Phones</driver>\n                </component>\n                <component name="MAIL" icon="MAIL">\n                        <driver>jmclient.gui.components.Mails</driver>\n                </component>\n        </tab>\n        <component locate="South">\n                <driver>jmlib.gui.components.PanelButtons</driver>\n                <parameters>\n                        <arg>SAVEAS</arg>\n                        <arg>NEW</arg>\n                        <arg>EXIT</arg>\n                </parameters>\n                <events>\n                        <object>\n                                <name>NEW</name>\n                                <component>\n                                       <driver>jmclient.gui.components.Bodega</driver>\n                                        <method>clean</method>\n                                </component>\n                                <component>\n                                       <driver>jmclient.gui.components.Address</driver>\n                                        <method>clean</method>\n                                </component>\n                                <component>\n                                       <driver>jmclient.gui.components.Phones</driver>\n                                        <method>clean</method>\n                                </component>\n                                <component>\n                                       <driver>jmclient.gui.components.Mails</driver>\n                                        <method>clean</method>\n                                </component>\n                        </object>\n                        <object>\n                                <name>SAVEAS</name>\n                                <component>\n                                       <driver>jmclient.gui.components.Bodega</driver>\n                                        <method>getPackage</method>\n                                </component>\n                                <component>\n                                       <driver>jmclient.gui.components.Address</driver>\n                                        <method>getPackage</method>\n                                </component>\n                                <component>\n                                       <driver>jmclient.gui.components.Phones</driver>\n                                        <method>getPackage</method>\n                                </component>\n                                <component>\n                                       <driver>jmclient.gui.components.Mails</driver>\n                                        <method>getPackage</method>\n                                </component>\n                        </object>\n                </events>\n        </component>\n</FORM>
34	TR00034	Borrar Bodega	Permite borrar una bodega	jmserver2.logicanegocios.LNGenericSQL	<container>\n     <arg>DEL0011</arg>\n     <arg>DEL0012</arg>\n     <arg>DEL0013</arg>\n     <arg>DEL0014</arg>\n     <arg>DEL0015</arg>\n</container>	\N	\N	<FORM>\n        <preferences>\n        <size width="450" height="390"/>\n        <name>DBODEGA</name>\n        <icon>DBODEGA</icon>\n        <iconificable/>\n        <closable/>\n        </preferences>\n        <panel locate="North" type="FlowLayout"/>\n        <panel locate="West" type="FlowLayout"/>\n        <panel locate="East" type="FlowLayout"/>\n        <tab locate="Center">\n                <component name="GENERAL" icon="DBODEGA">\n                        <driver>jmclient.gui.components.Bodega</driver>\n                      <parameters>\n        <arg>006</arg>\n        <arg>DELETE</arg>\n        </parameters>\n                </component>\n                <component name="ADDRESS" icon="ADDRESS">\n                        <driver>jmclient.gui.components.Address</driver>\n                </component>\n                <component name="PHONE" icon="PHONE">\n                        <driver>jmclient.gui.components.Phones</driver>\n                </component>\n                <component name="MAIL" icon="MAIL">\n                        <driver>jmclient.gui.components.Mails</driver>\n                </component>\n        </tab>\n        <component locate="South">\n                <driver>jmlib.gui.components.PanelButtons</driver>\n                <parameters>\n                        <arg>DELETE</arg>\n                        <arg>EXIT</arg>\n                </parameters>\n                <events>\n                        <object>\n                                <name>DELETE</name>\n                                <component>\n                                       <driver>jmclient.gui.components.Bodega</driver>\n                                        <method>getPackage</method>\n                                </component>\n                        </object>\n                </events>\n        </component>\n</FORM>
16	TR00016	Borrar Tercero	Permite borrar un tercero	jmserver2.logicanegocios.LNGenericSQL	<container>\n     <arg>DEL0011</arg>\n     <arg>DEL0012</arg>\n     <arg>DEL0013</arg>\n     <arg>DEL0016</arg>\n     <arg>DEL0017</arg>\n     <arg>DEL0018</arg>\n     <arg>DEL0019</arg>\n     <arg>DEL0014</arg>\n     <arg>DEL0015</arg>\n</container>	\N	\N	<FORM>\n        <preferences>\n        <size width="540" height="460"/>\n        <name>DTERCERO</name>\n        <icon>DTERCERO</icon>\n        <iconificable/>\n        <closable/>\n        </preferences>\n        <panel locate="North" type="FlowLayout"/>\n        <panel locate="West" type="FlowLayout"/>\n        <panel locate="East" type="FlowLayout"/>\n        <tab locate="Center">\n                <component name="GENERAL" icon="GENERAL">\n                        <driver>jmclient.gui.components.Terceros</driver>\n                        <parameters>\n                                  <arg>002</arg>\n                                  <arg>DELETE</arg>\n                        </parameters>\n                </component>\n                <component name="CUENTAB" icon="CUENTAB">\n                        <driver>jmclient.gui.components.CBank</driver>\n                        <parameters>\n                                  <arg>DELETE</arg>\n                        </parameters>\n                </component>\n                <component name="ADDRESS" icon="ADDRESS">\n                        <driver>jmclient.gui.components.Address</driver>\n                        <parameters>\n                                  <arg>DELETE</arg>\n                        </parameters>\n                </component>\n                <component name="PHONE" icon="PHONE">\n                        <driver>jmclient.gui.components.Phones</driver>\n                        <parameters>\n                                  <arg>DELETE</arg>\n                        </parameters>\n                </component>\n                <component name="MAIL" icon="MAIL">\n                        <driver>jmclient.gui.components.Mails</driver>\n                        <parameters>\n                                  <arg>DELETE</arg>\n                        </parameters>\n                </component>\n        </tab>\n        <component locate="South">\n                <driver>jmlib.gui.components.PanelButtons</driver>\n                <parameters>\n                        <arg>DELETE</arg>\n                        <arg>EXIT</arg>\n                </parameters>\n                <events>\n                        <object>\n                                <name>DELETE</name>\n                                <component>\n                                       <driver>jmclient.gui.components.Terceros</driver>\n                                        <method>getPackage</method>\n                                </component>\n                        </object>\n                </events>\n        </component>\n</FORM>
15	TR00015	Editar Tercero	Permite editar un nuevo Tercero	jmserver2.logicanegocios.LNGenericSQL	\N	\N	\N	<FORM>\n        <preferences>\n        <size width="540" height="460"/>\n        <name>ETERCERO</name>\n        <icon>ETERCERO</icon>\n        <iconificable/>\n        <closable/>\n        </preferences>\n        <panel locate="North" type="FlowLayout"/>\n        <panel locate="West" type="FlowLayout"/>\n        <panel locate="East" type="FlowLayout"/>\n        <tab locate="Center">\n                <component name="GENERAL" icon="GENERAL">\n                        <driver>jmclient.gui.components.Terceros</driver>\n        <parameters>\n\t<arg>EDIT</arg>\n\t<arg>002</arg>\n        </parameters>\n                </component>\n                <component name="CUENTAB" icon="CUENTAB">\n                        <driver>jmclient.gui.components.CBank</driver>\n                </component>\n                <component name="ADDRESS" icon="ADDRESS">\n                        <driver>jmclient.gui.components.Address</driver>\n                </component>\n                <component name="PHONE" icon="PHONE">\n                        <driver>jmclient.gui.components.Phones</driver>\n                </component>\n                <component name="MAIL" icon="MAIL">\n                        <driver>jmclient.gui.components.Mails</driver>\n                </component>\n        </tab>\n        <component locate="South">\n                <driver>jmlib.gui.components.PanelButtons</driver>\n                <parameters>\n                        <arg>SAVEAS</arg>\n                        <arg>NEW</arg>\n                        <arg>EXIT</arg>\n                </parameters>\n                <events>\n                        <object>\n                                <name>NEW</name>\n                                <component>\n                                       <driver>jmclient.gui.components.Terceros</driver>\n                                        <method>clean</method>\n                                </component>\n                                <component>\n                                       <driver>jmclient.gui.components.CBank</driver>\n                                        <method>clean</method>\n                                </component>\n                                <component>\n                                       <driver>jmclient.gui.components.Address</driver>\n                                        <method>clean</method>\n                                </component>\n                                <component>\n                                       <driver>jmclient.gui.components.Phones</driver>\n                                        <method>clean</method>\n                                </component>\n                                <component>\n                                       <driver>jmclient.gui.components.Mails</driver>\n                                        <method>clean</method>\n                                </component>\n                        </object>\n                        <object>\n                                <name>SAVEAS</name>\n                                <component>\n                                       <driver>jmclient.gui.components.Terceros</driver>\n                                        <method>getPackage</method>\n                                </component>\n                                <component>\n                                       <driver>jmclient.gui.components.CBank</driver>\n                                        <method>getPackage</method>\n                                </component>\n                                <component>\n                                       <driver>jmclient.gui.components.Address</driver>\n                                        <method>getPackage</method>\n                                </component>\n                                <component>\n                                       <driver>jmclient.gui.components.Phones</driver>\n                                        <method>getPackage</method>\n                                </component>\n                                <component>\n                                       <driver>jmclient.gui.components.Mails</driver>\n                                        <method>getPackage</method>\n                                </component>\n                        </object>\n                </events>\n        </component>\n</FORM>
\.


--
-- Data for TOC entry 214 (OID 302384)
-- Name: trans_usuarios; Type: TABLE DATA; Schema: public; Owner: adminsis
--

COPY trans_usuarios (id_usuario, id_transaccion, "password") FROM stdin;
1	5	\N
1	6	\N
1	7	\N
1	8	\N
1	9	\N
1	10	\N
1	11	\N
1	12	\N
1	13	\N
1	14	\N
1	15	\N
1	16	
1	17	\N
1	18	\N
1	19	\N
1	20	\N
1	21	\N
1	22	\N
1	23	\N
1	24	\N
1	25	\N
1	26	\N
1	27	\N
1	28	\N
1	29	\N
1	30	\N
1	31	\N
1	32	\N
1	33	\N
1	34	\N
1	35	\N
1	36	\N
1	37	\N
1	38	\N
1	39	\N
1	40	\N
1	41	\N
1	42	\N
1	43	\N
1	44	\N
1	45	\N
1	47	\N
\.


--
-- Data for TOC entry 215 (OID 302388)
-- Name: cache_sql; Type: TABLE DATA; Schema: public; Owner: adminsis
--

COPY cache_sql (id_cache_sql, id_sentencia_sql, codigo, sentencia_cache) FROM stdin;
1	162	CH00001	SELECT pais.id_pais,departamentos.id_dep,municipios.municipio,municipios.nombre from pais,departamentos,municipios where pais.id_pais=departamentos.id_pais and departamentos.id_dep=municipios.id_dep and pais.id_pais='170' and departamentos.id_dep='52'
2	165	CH00002	select codigo,descripcion,iva,pcosto from prod_serv
\.


--
-- Data for TOC entry 216 (OID 302396)
-- Name: keys_cache; Type: TABLE DATA; Schema: public; Owner: adminsis
--

COPY keys_cache (id_key_cache, codigo, id_cache_sql) FROM stdin;
1	id_pais	1
2	id_dep	1
3	codigo	2
\.


--
-- Data for TOC entry 217 (OID 302399)
-- Name: cache_usuarios; Type: TABLE DATA; Schema: public; Owner: adminsis
--

COPY cache_usuarios (id_usuario, id_cache_sql) FROM stdin;
1	1
1	2
\.


--
-- Data for TOC entry 218 (OID 302403)
-- Name: tipo_tercero; Type: TABLE DATA; Schema: public; Owner: adminsis
--

COPY tipo_tercero (codigo, nombre) FROM stdin;
1	Cliente Mayorista
2	Contratista
3	Cliente TaT
4	Proveedor
\.


--
-- Data for TOC entry 219 (OID 302406)
-- Name: propiedad_tercero; Type: TABLE DATA; Schema: public; Owner: adminsis
--

COPY propiedad_tercero (id, codigo) FROM stdin;
22	1
22	4
25	1
\.


--
-- Data for TOC entry 220 (OID 302408)
-- Name: tipo_cuenta_bancaria; Type: TABLE DATA; Schema: public; Owner: adminsis
--

COPY tipo_cuenta_bancaria (tipo, descripcion) FROM stdin;
A	Cuenta de Ahorros
C	Cuenta Corriente
\.


--
-- Data for TOC entry 221 (OID 302412)
-- Name: cuentas_bancarias; Type: TABLE DATA; Schema: public; Owner: adminsis
--

COPY cuentas_bancarias (id_cuenta_bancaria, id, tipo, banco, id_pais, id_dep, municipio, descripcion, cuenta) FROM stdin;
5	22	C	07	170	52 	001	Principal	80037008683-3
6	22	C	40	170	52 	001	Pueblos	4801003223-2
\.


--
-- TOC entry 112 (OID 306780)
-- Name: pais_pkey; Type: CONSTRAINT; Schema: public; Owner: adminsis
--

ALTER TABLE ONLY pais
    ADD CONSTRAINT pais_pkey PRIMARY KEY (id_pais);


--
-- TOC entry 113 (OID 306782)
-- Name: departamentos_pkey; Type: CONSTRAINT; Schema: public; Owner: adminsis
--

ALTER TABLE ONLY departamentos
    ADD CONSTRAINT departamentos_pkey PRIMARY KEY (id_pais, id_dep);


--
-- TOC entry 222 (OID 306784)
-- Name: $1; Type: CONSTRAINT; Schema: public; Owner: adminsis
--

ALTER TABLE ONLY departamentos
    ADD CONSTRAINT "$1" FOREIGN KEY (id_pais) REFERENCES pais(id_pais) ON UPDATE NO ACTION ON DELETE NO ACTION;


--
-- TOC entry 114 (OID 306788)
-- Name: municipios_pkey; Type: CONSTRAINT; Schema: public; Owner: adminsis
--

ALTER TABLE ONLY municipios
    ADD CONSTRAINT municipios_pkey PRIMARY KEY (id_pais, id_dep, municipio);


--
-- TOC entry 223 (OID 306790)
-- Name: $1; Type: CONSTRAINT; Schema: public; Owner: adminsis
--

ALTER TABLE ONLY municipios
    ADD CONSTRAINT "$1" FOREIGN KEY (id_pais, id_dep) REFERENCES departamentos(id_pais, id_dep) ON UPDATE NO ACTION ON DELETE NO ACTION;


--
-- TOC entry 116 (OID 306794)
-- Name: general_pkey; Type: CONSTRAINT; Schema: public; Owner: adminsis
--

ALTER TABLE ONLY general
    ADD CONSTRAINT general_pkey PRIMARY KEY (id);


--
-- TOC entry 115 (OID 306796)
-- Name: general_id_char_key; Type: CONSTRAINT; Schema: public; Owner: adminsis
--

ALTER TABLE ONLY general
    ADD CONSTRAINT general_id_char_key UNIQUE (id_char);


--
-- TOC entry 117 (OID 306798)
-- Name: bancos_pkey; Type: CONSTRAINT; Schema: public; Owner: adminsis
--

ALTER TABLE ONLY bancos
    ADD CONSTRAINT bancos_pkey PRIMARY KEY (banco);


--
-- TOC entry 118 (OID 306800)
-- Name: direcciones_pkey; Type: CONSTRAINT; Schema: public; Owner: adminsis
--

ALTER TABLE ONLY direcciones
    ADD CONSTRAINT direcciones_pkey PRIMARY KEY (id_direccion);


--
-- TOC entry 224 (OID 306802)
-- Name: $1; Type: CONSTRAINT; Schema: public; Owner: adminsis
--

ALTER TABLE ONLY direcciones
    ADD CONSTRAINT "$1" FOREIGN KEY (id) REFERENCES general(id) ON UPDATE NO ACTION ON DELETE NO ACTION;


--
-- TOC entry 225 (OID 306806)
-- Name: $2; Type: CONSTRAINT; Schema: public; Owner: adminsis
--

ALTER TABLE ONLY direcciones
    ADD CONSTRAINT "$2" FOREIGN KEY (id_pais, id_dep, municipio) REFERENCES municipios(id_pais, id_dep, municipio) ON UPDATE NO ACTION ON DELETE NO ACTION;


--
-- TOC entry 119 (OID 306810)
-- Name: tipos_telefono_pkey; Type: CONSTRAINT; Schema: public; Owner: adminsis
--

ALTER TABLE ONLY tipos_telefono
    ADD CONSTRAINT tipos_telefono_pkey PRIMARY KEY (clase);


--
-- TOC entry 120 (OID 306812)
-- Name: telefonos_pkey; Type: CONSTRAINT; Schema: public; Owner: adminsis
--

ALTER TABLE ONLY telefonos
    ADD CONSTRAINT telefonos_pkey PRIMARY KEY (id_telefono);


--
-- TOC entry 226 (OID 306814)
-- Name: $1; Type: CONSTRAINT; Schema: public; Owner: adminsis
--

ALTER TABLE ONLY telefonos
    ADD CONSTRAINT "$1" FOREIGN KEY (id) REFERENCES general(id) ON UPDATE NO ACTION ON DELETE NO ACTION;


--
-- TOC entry 227 (OID 306818)
-- Name: $2; Type: CONSTRAINT; Schema: public; Owner: adminsis
--

ALTER TABLE ONLY telefonos
    ADD CONSTRAINT "$2" FOREIGN KEY (clase) REFERENCES tipos_telefono(clase) ON UPDATE NO ACTION ON DELETE NO ACTION;


--
-- TOC entry 228 (OID 306822)
-- Name: $3; Type: CONSTRAINT; Schema: public; Owner: adminsis
--

ALTER TABLE ONLY telefonos
    ADD CONSTRAINT "$3" FOREIGN KEY (id_pais, id_dep, municipio) REFERENCES municipios(id_pais, id_dep, municipio) ON UPDATE NO ACTION ON DELETE NO ACTION;


--
-- TOC entry 121 (OID 306826)
-- Name: emails_pkey; Type: CONSTRAINT; Schema: public; Owner: adminsis
--

ALTER TABLE ONLY emails
    ADD CONSTRAINT emails_pkey PRIMARY KEY (id_email);


--
-- TOC entry 229 (OID 306828)
-- Name: $1; Type: CONSTRAINT; Schema: public; Owner: adminsis
--

ALTER TABLE ONLY emails
    ADD CONSTRAINT "$1" FOREIGN KEY (id) REFERENCES general(id) ON UPDATE NO ACTION ON DELETE NO ACTION;


--
-- TOC entry 230 (OID 306832)
-- Name: $1; Type: CONSTRAINT; Schema: public; Owner: adminsis
--

ALTER TABLE ONLY cajeros
    ADD CONSTRAINT "$1" FOREIGN KEY (id_cajero) REFERENCES general(id) ON UPDATE NO ACTION ON DELETE NO ACTION;


--
-- TOC entry 231 (OID 306836)
-- Name: $2; Type: CONSTRAINT; Schema: public; Owner: adminsis
--

ALTER TABLE ONLY cajeros
    ADD CONSTRAINT "$2" FOREIGN KEY (id_caja) REFERENCES general(id) ON UPDATE NO ACTION ON DELETE NO ACTION;


--
-- TOC entry 232 (OID 306840)
-- Name: $1; Type: CONSTRAINT; Schema: public; Owner: adminsis
--

ALTER TABLE ONLY establecimiento
    ADD CONSTRAINT "$1" FOREIGN KEY (id) REFERENCES general(id) ON UPDATE NO ACTION ON DELETE NO ACTION;


--
-- TOC entry 122 (OID 306844)
-- Name: tipo_general_pkey; Type: CONSTRAINT; Schema: public; Owner: adminsis
--

ALTER TABLE ONLY tipo_general
    ADD CONSTRAINT tipo_general_pkey PRIMARY KEY (tipo);


--
-- TOC entry 233 (OID 306846)
-- Name: $1; Type: CONSTRAINT; Schema: public; Owner: adminsis
--

ALTER TABLE ONLY perfiles
    ADD CONSTRAINT "$1" FOREIGN KEY (id) REFERENCES general(id) ON UPDATE NO ACTION ON DELETE NO ACTION;


--
-- TOC entry 234 (OID 306850)
-- Name: $2; Type: CONSTRAINT; Schema: public; Owner: adminsis
--

ALTER TABLE ONLY perfiles
    ADD CONSTRAINT "$2" FOREIGN KEY (tipo) REFERENCES tipo_general(tipo) ON UPDATE NO ACTION ON DELETE NO ACTION;


--
-- TOC entry 124 (OID 306854)
-- Name: grupos_pkey; Type: CONSTRAINT; Schema: public; Owner: adminsis
--

ALTER TABLE ONLY grupos
    ADD CONSTRAINT grupos_pkey PRIMARY KEY (codigog);


--
-- TOC entry 123 (OID 306856)
-- Name: grupos_codigoi_key; Type: CONSTRAINT; Schema: public; Owner: adminsis
--

ALTER TABLE ONLY grupos
    ADD CONSTRAINT grupos_codigoi_key UNIQUE (codigoi);


--
-- TOC entry 125 (OID 306858)
-- Name: catalogo_pventa_pkey; Type: CONSTRAINT; Schema: public; Owner: adminsis
--

ALTER TABLE ONLY catalogo_pventa
    ADD CONSTRAINT catalogo_pventa_pkey PRIMARY KEY (id_catalogo);


--
-- TOC entry 126 (OID 306860)
-- Name: unidades_venta_pkey; Type: CONSTRAINT; Schema: public; Owner: adminsis
--

ALTER TABLE ONLY unidades_venta
    ADD CONSTRAINT unidades_venta_pkey PRIMARY KEY (id_und);


--
-- TOC entry 127 (OID 306862)
-- Name: tipo_prod_serv_pkey; Type: CONSTRAINT; Schema: public; Owner: adminsis
--

ALTER TABLE ONLY tipo_prod_serv
    ADD CONSTRAINT tipo_prod_serv_pkey PRIMARY KEY (id_tipo_prod_serv);


--
-- TOC entry 128 (OID 306864)
-- Name: grupo_impuestos_pkey; Type: CONSTRAINT; Schema: public; Owner: adminsis
--

ALTER TABLE ONLY grupo_impuestos
    ADD CONSTRAINT grupo_impuestos_pkey PRIMARY KEY (id_grupo_imp);


--
-- TOC entry 130 (OID 306866)
-- Name: prod_serv_pkey; Type: CONSTRAINT; Schema: public; Owner: adminsis
--

ALTER TABLE ONLY prod_serv
    ADD CONSTRAINT prod_serv_pkey PRIMARY KEY (id_prod_serv);


--
-- TOC entry 129 (OID 306868)
-- Name: prod_serv_codigo_key; Type: CONSTRAINT; Schema: public; Owner: adminsis
--

ALTER TABLE ONLY prod_serv
    ADD CONSTRAINT prod_serv_codigo_key UNIQUE (codigo);


--
-- TOC entry 235 (OID 306870)
-- Name: $1; Type: CONSTRAINT; Schema: public; Owner: adminsis
--

ALTER TABLE ONLY prod_serv
    ADD CONSTRAINT "$1" FOREIGN KEY (id_und) REFERENCES unidades_venta(id_und) ON UPDATE NO ACTION ON DELETE NO ACTION;


--
-- TOC entry 236 (OID 306874)
-- Name: $2; Type: CONSTRAINT; Schema: public; Owner: adminsis
--

ALTER TABLE ONLY prod_serv
    ADD CONSTRAINT "$2" FOREIGN KEY (id_tipo_prod_serv) REFERENCES tipo_prod_serv(id_tipo_prod_serv) ON UPDATE NO ACTION ON DELETE NO ACTION;


--
-- TOC entry 237 (OID 306878)
-- Name: $3; Type: CONSTRAINT; Schema: public; Owner: adminsis
--

ALTER TABLE ONLY prod_serv
    ADD CONSTRAINT "$3" FOREIGN KEY (id_grupo_imp) REFERENCES grupo_impuestos(id_grupo_imp) ON UPDATE NO ACTION ON DELETE NO ACTION;


--
-- TOC entry 238 (OID 306882)
-- Name: $1; Type: CONSTRAINT; Schema: public; Owner: adminsis
--

ALTER TABLE ONLY datos_grupo
    ADD CONSTRAINT "$1" FOREIGN KEY (codigog) REFERENCES grupos(codigog) ON UPDATE NO ACTION ON DELETE NO ACTION;


--
-- TOC entry 239 (OID 306886)
-- Name: $2; Type: CONSTRAINT; Schema: public; Owner: adminsis
--

ALTER TABLE ONLY datos_grupo
    ADD CONSTRAINT "$2" FOREIGN KEY (id_prod_serv) REFERENCES prod_serv(id_prod_serv) ON UPDATE NO ACTION ON DELETE NO ACTION;


--
-- TOC entry 240 (OID 306890)
-- Name: $1; Type: CONSTRAINT; Schema: public; Owner: adminsis
--

ALTER TABLE ONLY pventa
    ADD CONSTRAINT "$1" FOREIGN KEY (id_catalogo) REFERENCES catalogo_pventa(id_catalogo) ON UPDATE NO ACTION ON DELETE NO ACTION;


--
-- TOC entry 241 (OID 306894)
-- Name: $2; Type: CONSTRAINT; Schema: public; Owner: adminsis
--

ALTER TABLE ONLY pventa
    ADD CONSTRAINT "$2" FOREIGN KEY (id_prod_serv) REFERENCES prod_serv(id_prod_serv) ON UPDATE NO ACTION ON DELETE NO ACTION;


--
-- TOC entry 242 (OID 306898)
-- Name: $1; Type: CONSTRAINT; Schema: public; Owner: adminsis
--

ALTER TABLE ONLY stocks
    ADD CONSTRAINT "$1" FOREIGN KEY (id_prod_serv) REFERENCES prod_serv(id_prod_serv) ON UPDATE NO ACTION ON DELETE NO ACTION;


--
-- TOC entry 131 (OID 306902)
-- Name: tipo_documento_pkey; Type: CONSTRAINT; Schema: public; Owner: adminsis
--

ALTER TABLE ONLY tipo_documento
    ADD CONSTRAINT tipo_documento_pkey PRIMARY KEY (codigo_tipo);


--
-- TOC entry 132 (OID 306904)
-- Name: documentos_pkey; Type: CONSTRAINT; Schema: public; Owner: adminsis
--

ALTER TABLE ONLY documentos
    ADD CONSTRAINT documentos_pkey PRIMARY KEY (ndocumento);


--
-- TOC entry 243 (OID 306906)
-- Name: $1; Type: CONSTRAINT; Schema: public; Owner: adminsis
--

ALTER TABLE ONLY documentos
    ADD CONSTRAINT "$1" FOREIGN KEY (codigo_tipo) REFERENCES tipo_documento(codigo_tipo) ON UPDATE NO ACTION ON DELETE NO ACTION;


--
-- TOC entry 133 (OID 306910)
-- Name: info_fac_prefijo_key; Type: CONSTRAINT; Schema: public; Owner: adminsis
--

ALTER TABLE ONLY info_fac
    ADD CONSTRAINT info_fac_prefijo_key UNIQUE (prefijo);


--
-- TOC entry 244 (OID 306912)
-- Name: $1; Type: CONSTRAINT; Schema: public; Owner: adminsis
--

ALTER TABLE ONLY info_fac
    ADD CONSTRAINT "$1" FOREIGN KEY (id_caja) REFERENCES general(id) ON UPDATE NO ACTION ON DELETE NO ACTION;


--
-- TOC entry 245 (OID 306916)
-- Name: $2; Type: CONSTRAINT; Schema: public; Owner: adminsis
--

ALTER TABLE ONLY info_fac
    ADD CONSTRAINT "$2" FOREIGN KEY (id_vendedor) REFERENCES general(id) ON UPDATE NO ACTION ON DELETE NO ACTION;


--
-- TOC entry 246 (OID 306920)
-- Name: $3; Type: CONSTRAINT; Schema: public; Owner: adminsis
--

ALTER TABLE ONLY info_fac
    ADD CONSTRAINT "$3" FOREIGN KEY (ndocumento) REFERENCES documentos(ndocumento) ON UPDATE NO ACTION ON DELETE NO ACTION;


--
-- TOC entry 247 (OID 306924)
-- Name: $1; Type: CONSTRAINT; Schema: public; Owner: adminsis
--

ALTER TABLE ONLY cuentas_comprobantes
    ADD CONSTRAINT "$1" FOREIGN KEY (ncompro) REFERENCES documentos(ndocumento) ON UPDATE NO ACTION ON DELETE NO ACTION;


--
-- TOC entry 248 (OID 306928)
-- Name: $2; Type: CONSTRAINT; Schema: public; Owner: adminsis
--

ALTER TABLE ONLY cuentas_comprobantes
    ADD CONSTRAINT "$2" FOREIGN KEY (nfactura) REFERENCES documentos(ndocumento) ON UPDATE NO ACTION ON DELETE NO ACTION;


--
-- TOC entry 249 (OID 306932)
-- Name: $1; Type: CONSTRAINT; Schema: public; Owner: adminsis
--

ALTER TABLE ONLY concepto_documento
    ADD CONSTRAINT "$1" FOREIGN KEY (ndocumento) REFERENCES documentos(ndocumento) ON UPDATE NO ACTION ON DELETE NO ACTION;


--
-- TOC entry 134 (OID 306936)
-- Name: cuotas_cartera_cuota_nro_key; Type: CONSTRAINT; Schema: public; Owner: adminsis
--

ALTER TABLE ONLY cuotas_cartera
    ADD CONSTRAINT cuotas_cartera_cuota_nro_key UNIQUE (cuota_nro);


--
-- TOC entry 250 (OID 306938)
-- Name: $1; Type: CONSTRAINT; Schema: public; Owner: adminsis
--

ALTER TABLE ONLY cuotas_cartera
    ADD CONSTRAINT "$1" FOREIGN KEY (ndocumento) REFERENCES documentos(ndocumento) ON UPDATE NO ACTION ON DELETE NO ACTION;


--
-- TOC entry 251 (OID 306942)
-- Name: $1; Type: CONSTRAINT; Schema: public; Owner: adminsis
--

ALTER TABLE ONLY tercero_def
    ADD CONSTRAINT "$1" FOREIGN KEY (id) REFERENCES general(id) ON UPDATE NO ACTION ON DELETE NO ACTION;


--
-- TOC entry 252 (OID 306946)
-- Name: $2; Type: CONSTRAINT; Schema: public; Owner: adminsis
--

ALTER TABLE ONLY tercero_def
    ADD CONSTRAINT "$2" FOREIGN KEY (ndocumento) REFERENCES documentos(ndocumento) ON UPDATE NO ACTION ON DELETE NO ACTION;


--
-- TOC entry 253 (OID 306950)
-- Name: $3; Type: CONSTRAINT; Schema: public; Owner: adminsis
--

ALTER TABLE ONLY tercero_def
    ADD CONSTRAINT "$3" FOREIGN KEY (id_direccion) REFERENCES direcciones(id_direccion) ON UPDATE NO ACTION ON DELETE NO ACTION;


--
-- TOC entry 254 (OID 306954)
-- Name: $4; Type: CONSTRAINT; Schema: public; Owner: adminsis
--

ALTER TABLE ONLY tercero_def
    ADD CONSTRAINT "$4" FOREIGN KEY (id_telefono) REFERENCES telefonos(id_telefono) ON UPDATE NO ACTION ON DELETE NO ACTION;


--
-- TOC entry 255 (OID 306958)
-- Name: $1; Type: CONSTRAINT; Schema: public; Owner: adminsis
--

ALTER TABLE ONLY tercero_92
    ADD CONSTRAINT "$1" FOREIGN KEY (ndocumento) REFERENCES documentos(ndocumento) ON UPDATE NO ACTION ON DELETE NO ACTION;


--
-- TOC entry 256 (OID 306962)
-- Name: $1; Type: CONSTRAINT; Schema: public; Owner: adminsis
--

ALTER TABLE ONLY datos_prod
    ADD CONSTRAINT "$1" FOREIGN KEY (ndocumento) REFERENCES documentos(ndocumento) ON UPDATE NO ACTION ON DELETE NO ACTION;


--
-- TOC entry 257 (OID 306966)
-- Name: $2; Type: CONSTRAINT; Schema: public; Owner: adminsis
--

ALTER TABLE ONLY datos_prod
    ADD CONSTRAINT "$2" FOREIGN KEY (id_bodega) REFERENCES general(id) ON UPDATE NO ACTION ON DELETE NO ACTION;


--
-- TOC entry 258 (OID 306970)
-- Name: $3; Type: CONSTRAINT; Schema: public; Owner: adminsis
--

ALTER TABLE ONLY datos_prod
    ADD CONSTRAINT "$3" FOREIGN KEY (id_prod_serv) REFERENCES prod_serv(id_prod_serv) ON UPDATE NO ACTION ON DELETE NO ACTION;


--
-- TOC entry 259 (OID 306974)
-- Name: $1; Type: CONSTRAINT; Schema: public; Owner: adminsis
--

ALTER TABLE ONLY cheques
    ADD CONSTRAINT "$1" FOREIGN KEY (ndocumento) REFERENCES documentos(ndocumento) ON UPDATE NO ACTION ON DELETE NO ACTION;


--
-- TOC entry 260 (OID 306978)
-- Name: $2; Type: CONSTRAINT; Schema: public; Owner: adminsis
--

ALTER TABLE ONLY cheques
    ADD CONSTRAINT "$2" FOREIGN KEY (bancos) REFERENCES bancos(banco) ON UPDATE NO ACTION ON DELETE NO ACTION;


--
-- TOC entry 261 (OID 306982)
-- Name: $3; Type: CONSTRAINT; Schema: public; Owner: adminsis
--

ALTER TABLE ONLY cheques
    ADD CONSTRAINT "$3" FOREIGN KEY (id_pais, id_dep, municipio) REFERENCES municipios(id_pais, id_dep, municipio) ON UPDATE NO ACTION ON DELETE NO ACTION;


--
-- TOC entry 135 (OID 306986)
-- Name: inventarios_orden_key; Type: CONSTRAINT; Schema: public; Owner: adminsis
--

ALTER TABLE ONLY inventarios
    ADD CONSTRAINT inventarios_orden_key UNIQUE (orden);


--
-- TOC entry 262 (OID 306988)
-- Name: $1; Type: CONSTRAINT; Schema: public; Owner: adminsis
--

ALTER TABLE ONLY inventarios
    ADD CONSTRAINT "$1" FOREIGN KEY (id_prod_serv) REFERENCES prod_serv(id_prod_serv) ON UPDATE NO ACTION ON DELETE NO ACTION;


--
-- TOC entry 263 (OID 306992)
-- Name: $2; Type: CONSTRAINT; Schema: public; Owner: adminsis
--

ALTER TABLE ONLY inventarios
    ADD CONSTRAINT "$2" FOREIGN KEY (id_bodega) REFERENCES general(id) ON UPDATE NO ACTION ON DELETE NO ACTION;


--
-- TOC entry 264 (OID 306996)
-- Name: $3; Type: CONSTRAINT; Schema: public; Owner: adminsis
--

ALTER TABLE ONLY inventarios
    ADD CONSTRAINT "$3" FOREIGN KEY (ndocumento) REFERENCES documentos(ndocumento) ON UPDATE NO ACTION ON DELETE NO ACTION;


--
-- TOC entry 136 (OID 307000)
-- Name: moneda_pkey; Type: CONSTRAINT; Schema: public; Owner: adminsis
--

ALTER TABLE ONLY moneda
    ADD CONSTRAINT moneda_pkey PRIMARY KEY (id_moneda);


--
-- TOC entry 138 (OID 307002)
-- Name: cuentas_pkey; Type: CONSTRAINT; Schema: public; Owner: adminsis
--

ALTER TABLE ONLY cuentas
    ADD CONSTRAINT cuentas_pkey PRIMARY KEY (id_cta);


--
-- TOC entry 137 (OID 307004)
-- Name: cuentas_char_cta_key; Type: CONSTRAINT; Schema: public; Owner: adminsis
--

ALTER TABLE ONLY cuentas
    ADD CONSTRAINT cuentas_char_cta_key UNIQUE (char_cta);


--
-- TOC entry 265 (OID 307006)
-- Name: $1; Type: CONSTRAINT; Schema: public; Owner: adminsis
--

ALTER TABLE ONLY perfil_cta
    ADD CONSTRAINT "$1" FOREIGN KEY (id_cta) REFERENCES cuentas(id_cta) ON UPDATE NO ACTION ON DELETE NO ACTION;


--
-- TOC entry 266 (OID 307010)
-- Name: $2; Type: CONSTRAINT; Schema: public; Owner: adminsis
--

ALTER TABLE ONLY perfil_cta
    ADD CONSTRAINT "$2" FOREIGN KEY (id_moneda) REFERENCES moneda(id_moneda) ON UPDATE NO ACTION ON DELETE NO ACTION;


--
-- TOC entry 139 (OID 307014)
-- Name: conceptos_ter_pkey; Type: CONSTRAINT; Schema: public; Owner: adminsis
--

ALTER TABLE ONLY conceptos_ter
    ADD CONSTRAINT conceptos_ter_pkey PRIMARY KEY (id_concepto);


--
-- TOC entry 140 (OID 307016)
-- Name: libro_aux_orden_key; Type: CONSTRAINT; Schema: public; Owner: adminsis
--

ALTER TABLE ONLY libro_aux
    ADD CONSTRAINT libro_aux_orden_key UNIQUE (orden);


--
-- TOC entry 267 (OID 307018)
-- Name: $1; Type: CONSTRAINT; Schema: public; Owner: adminsis
--

ALTER TABLE ONLY libro_aux
    ADD CONSTRAINT "$1" FOREIGN KEY (id_cta) REFERENCES cuentas(id_cta) ON UPDATE NO ACTION ON DELETE NO ACTION;


--
-- TOC entry 268 (OID 307022)
-- Name: $2; Type: CONSTRAINT; Schema: public; Owner: adminsis
--

ALTER TABLE ONLY libro_aux
    ADD CONSTRAINT "$2" FOREIGN KEY (centro) REFERENCES general(id) ON UPDATE NO ACTION ON DELETE NO ACTION;


--
-- TOC entry 269 (OID 307026)
-- Name: $3; Type: CONSTRAINT; Schema: public; Owner: adminsis
--

ALTER TABLE ONLY libro_aux
    ADD CONSTRAINT "$3" FOREIGN KEY (ndocumento) REFERENCES documentos(ndocumento) ON UPDATE NO ACTION ON DELETE NO ACTION;


--
-- TOC entry 141 (OID 307030)
-- Name: libro_aux_terceros_orden_key; Type: CONSTRAINT; Schema: public; Owner: adminsis
--

ALTER TABLE ONLY libro_aux_terceros
    ADD CONSTRAINT libro_aux_terceros_orden_key UNIQUE (orden);


--
-- TOC entry 270 (OID 307032)
-- Name: $1; Type: CONSTRAINT; Schema: public; Owner: adminsis
--

ALTER TABLE ONLY libro_aux_terceros
    ADD CONSTRAINT "$1" FOREIGN KEY (id_tercero) REFERENCES general(id) ON UPDATE NO ACTION ON DELETE NO ACTION;


--
-- TOC entry 271 (OID 307036)
-- Name: $2; Type: CONSTRAINT; Schema: public; Owner: adminsis
--

ALTER TABLE ONLY libro_aux_terceros
    ADD CONSTRAINT "$2" FOREIGN KEY (centro) REFERENCES general(id) ON UPDATE NO ACTION ON DELETE NO ACTION;


--
-- TOC entry 272 (OID 307040)
-- Name: $3; Type: CONSTRAINT; Schema: public; Owner: adminsis
--

ALTER TABLE ONLY libro_aux_terceros
    ADD CONSTRAINT "$3" FOREIGN KEY (id_cta) REFERENCES cuentas(id_cta) ON UPDATE NO ACTION ON DELETE NO ACTION;


--
-- TOC entry 273 (OID 307044)
-- Name: $4; Type: CONSTRAINT; Schema: public; Owner: adminsis
--

ALTER TABLE ONLY libro_aux_terceros
    ADD CONSTRAINT "$4" FOREIGN KEY (id_concepto) REFERENCES conceptos_ter(id_concepto) ON UPDATE NO ACTION ON DELETE NO ACTION;


--
-- TOC entry 142 (OID 307048)
-- Name: activos_fijos_pkey; Type: CONSTRAINT; Schema: public; Owner: adminsis
--

ALTER TABLE ONLY activos_fijos
    ADD CONSTRAINT activos_fijos_pkey PRIMARY KEY (id_activo);


--
-- TOC entry 274 (OID 307050)
-- Name: $1; Type: CONSTRAINT; Schema: public; Owner: adminsis
--

ALTER TABLE ONLY activos_fijos
    ADD CONSTRAINT "$1" FOREIGN KEY (id_cta) REFERENCES cuentas(id_cta) ON UPDATE NO ACTION ON DELETE NO ACTION;


--
-- TOC entry 275 (OID 307054)
-- Name: $2; Type: CONSTRAINT; Schema: public; Owner: adminsis
--

ALTER TABLE ONLY activos_fijos
    ADD CONSTRAINT "$2" FOREIGN KEY (centro) REFERENCES general(id) ON UPDATE NO ACTION ON DELETE NO ACTION;


--
-- TOC entry 143 (OID 307058)
-- Name: asientos_predefinidos_pkey; Type: CONSTRAINT; Schema: public; Owner: adminsis
--

ALTER TABLE ONLY asientos_predefinidos
    ADD CONSTRAINT asientos_predefinidos_pkey PRIMARY KEY (id_asientos_pr);


--
-- TOC entry 276 (OID 307060)
-- Name: $1; Type: CONSTRAINT; Schema: public; Owner: adminsis
--

ALTER TABLE ONLY asientos_imp
    ADD CONSTRAINT "$1" FOREIGN KEY (id_grupo_imp) REFERENCES grupo_impuestos(id_grupo_imp) ON UPDATE NO ACTION ON DELETE NO ACTION;


--
-- TOC entry 277 (OID 307064)
-- Name: $2; Type: CONSTRAINT; Schema: public; Owner: adminsis
--

ALTER TABLE ONLY asientos_imp
    ADD CONSTRAINT "$2" FOREIGN KEY (id_asientos_pr) REFERENCES asientos_predefinidos(id_asientos_pr) ON UPDATE NO ACTION ON DELETE NO ACTION;


--
-- TOC entry 278 (OID 307068)
-- Name: $1; Type: CONSTRAINT; Schema: public; Owner: adminsis
--

ALTER TABLE ONLY ctas_asientos
    ADD CONSTRAINT "$1" FOREIGN KEY (id_asientos_pr) REFERENCES asientos_predefinidos(id_asientos_pr) ON UPDATE NO ACTION ON DELETE NO ACTION;


--
-- TOC entry 279 (OID 307072)
-- Name: $2; Type: CONSTRAINT; Schema: public; Owner: adminsis
--

ALTER TABLE ONLY ctas_asientos
    ADD CONSTRAINT "$2" FOREIGN KEY (id_cta) REFERENCES cuentas(id_cta) ON UPDATE NO ACTION ON DELETE NO ACTION;


--
-- TOC entry 145 (OID 307076)
-- Name: arqueo_pkey; Type: CONSTRAINT; Schema: public; Owner: adminsis
--

ALTER TABLE ONLY arqueo
    ADD CONSTRAINT arqueo_pkey PRIMARY KEY (narqueo);


--
-- TOC entry 144 (OID 307078)
-- Name: arqueo_numero_key; Type: CONSTRAINT; Schema: public; Owner: adminsis
--

ALTER TABLE ONLY arqueo
    ADD CONSTRAINT arqueo_numero_key UNIQUE (numero);


--
-- TOC entry 280 (OID 307080)
-- Name: $1; Type: CONSTRAINT; Schema: public; Owner: adminsis
--

ALTER TABLE ONLY arqueo
    ADD CONSTRAINT "$1" FOREIGN KEY (id) REFERENCES general(id) ON UPDATE NO ACTION ON DELETE NO ACTION;


--
-- TOC entry 281 (OID 307084)
-- Name: $1; Type: CONSTRAINT; Schema: public; Owner: adminsis
--

ALTER TABLE ONLY datos_arqueo
    ADD CONSTRAINT "$1" FOREIGN KEY (narqueo) REFERENCES arqueo(narqueo) ON UPDATE NO ACTION ON DELETE NO ACTION;


--
-- TOC entry 282 (OID 307088)
-- Name: $2; Type: CONSTRAINT; Schema: public; Owner: adminsis
--

ALTER TABLE ONLY datos_arqueo
    ADD CONSTRAINT "$2" FOREIGN KEY (ndocumento) REFERENCES documentos(ndocumento) ON UPDATE NO ACTION ON DELETE NO ACTION;


--
-- TOC entry 146 (OID 307092)
-- Name: regimenes_pkey; Type: CONSTRAINT; Schema: public; Owner: adminsis
--

ALTER TABLE ONLY regimenes
    ADD CONSTRAINT regimenes_pkey PRIMARY KEY (id_regimen);


--
-- TOC entry 283 (OID 307094)
-- Name: $1; Type: CONSTRAINT; Schema: public; Owner: adminsis
--

ALTER TABLE ONLY perfil_tercero
    ADD CONSTRAINT "$1" FOREIGN KEY (id) REFERENCES general(id) ON UPDATE NO ACTION ON DELETE NO ACTION;


--
-- TOC entry 284 (OID 307098)
-- Name: $2; Type: CONSTRAINT; Schema: public; Owner: adminsis
--

ALTER TABLE ONLY perfil_tercero
    ADD CONSTRAINT "$2" FOREIGN KEY (id_regimen) REFERENCES regimenes(id_regimen) ON UPDATE NO ACTION ON DELETE NO ACTION;


--
-- TOC entry 285 (OID 307102)
-- Name: $3; Type: CONSTRAINT; Schema: public; Owner: adminsis
--

ALTER TABLE ONLY perfil_tercero
    ADD CONSTRAINT "$3" FOREIGN KEY (id_catalogo) REFERENCES catalogo_pventa(id_catalogo) ON UPDATE NO ACTION ON DELETE NO ACTION;


--
-- TOC entry 148 (OID 307106)
-- Name: sentencia_sql_pkey; Type: CONSTRAINT; Schema: public; Owner: adminsis
--

ALTER TABLE ONLY sentencia_sql
    ADD CONSTRAINT sentencia_sql_pkey PRIMARY KEY (id_sentencia_sql);


--
-- TOC entry 147 (OID 307108)
-- Name: sentencia_sql_codigo_key; Type: CONSTRAINT; Schema: public; Owner: adminsis
--

ALTER TABLE ONLY sentencia_sql
    ADD CONSTRAINT sentencia_sql_codigo_key UNIQUE (codigo);


--
-- TOC entry 150 (OID 307110)
-- Name: usuarios_pkey; Type: CONSTRAINT; Schema: public; Owner: adminsis
--

ALTER TABLE ONLY usuarios
    ADD CONSTRAINT usuarios_pkey PRIMARY KEY (id_usuario);


--
-- TOC entry 149 (OID 307112)
-- Name: usuarios_login_key; Type: CONSTRAINT; Schema: public; Owner: adminsis
--

ALTER TABLE ONLY usuarios
    ADD CONSTRAINT usuarios_login_key UNIQUE (login);


--
-- TOC entry 151 (OID 307114)
-- Name: grupos_sql_pkey; Type: CONSTRAINT; Schema: public; Owner: adminsis
--

ALTER TABLE ONLY grupos_sql
    ADD CONSTRAINT grupos_sql_pkey PRIMARY KEY (id_grupo_sql);


--
-- TOC entry 286 (OID 307116)
-- Name: $1; Type: CONSTRAINT; Schema: public; Owner: adminsis
--

ALTER TABLE ONLY datos_sql
    ADD CONSTRAINT "$1" FOREIGN KEY (id_usuario) REFERENCES usuarios(id_usuario) ON UPDATE NO ACTION ON DELETE NO ACTION;


--
-- TOC entry 287 (OID 307120)
-- Name: $2; Type: CONSTRAINT; Schema: public; Owner: adminsis
--

ALTER TABLE ONLY datos_sql
    ADD CONSTRAINT "$2" FOREIGN KEY (id_sentencia_sql) REFERENCES sentencia_sql(id_sentencia_sql) ON UPDATE NO ACTION ON DELETE NO ACTION;


--
-- TOC entry 288 (OID 307124)
-- Name: $1; Type: CONSTRAINT; Schema: public; Owner: adminsis
--

ALTER TABLE ONLY datos_grupo_sql
    ADD CONSTRAINT "$1" FOREIGN KEY (id_sentencia_sql) REFERENCES sentencia_sql(id_sentencia_sql) ON UPDATE NO ACTION ON DELETE NO ACTION;


--
-- TOC entry 289 (OID 307128)
-- Name: $2; Type: CONSTRAINT; Schema: public; Owner: adminsis
--

ALTER TABLE ONLY datos_grupo_sql
    ADD CONSTRAINT "$2" FOREIGN KEY (id_grupos_sql) REFERENCES grupos_sql(id_grupo_sql) ON UPDATE NO ACTION ON DELETE NO ACTION;


--
-- TOC entry 153 (OID 307132)
-- Name: transacciones_pkey; Type: CONSTRAINT; Schema: public; Owner: adminsis
--

ALTER TABLE ONLY transacciones
    ADD CONSTRAINT transacciones_pkey PRIMARY KEY (id_transaccion);


--
-- TOC entry 152 (OID 307134)
-- Name: transacciones_codigo_key; Type: CONSTRAINT; Schema: public; Owner: adminsis
--

ALTER TABLE ONLY transacciones
    ADD CONSTRAINT transacciones_codigo_key UNIQUE (codigo);


--
-- TOC entry 290 (OID 307136)
-- Name: $1; Type: CONSTRAINT; Schema: public; Owner: adminsis
--

ALTER TABLE ONLY trans_usuarios
    ADD CONSTRAINT "$1" FOREIGN KEY (id_usuario) REFERENCES usuarios(id_usuario) ON UPDATE NO ACTION ON DELETE NO ACTION;


--
-- TOC entry 291 (OID 307140)
-- Name: $2; Type: CONSTRAINT; Schema: public; Owner: adminsis
--

ALTER TABLE ONLY trans_usuarios
    ADD CONSTRAINT "$2" FOREIGN KEY (id_transaccion) REFERENCES transacciones(id_transaccion) ON UPDATE NO ACTION ON DELETE NO ACTION;


--
-- TOC entry 155 (OID 307144)
-- Name: cache_sql_pkey; Type: CONSTRAINT; Schema: public; Owner: adminsis
--

ALTER TABLE ONLY cache_sql
    ADD CONSTRAINT cache_sql_pkey PRIMARY KEY (id_cache_sql);


--
-- TOC entry 154 (OID 307146)
-- Name: cache_sql_codigo_key; Type: CONSTRAINT; Schema: public; Owner: adminsis
--

ALTER TABLE ONLY cache_sql
    ADD CONSTRAINT cache_sql_codigo_key UNIQUE (codigo);


--
-- TOC entry 292 (OID 307148)
-- Name: $1; Type: CONSTRAINT; Schema: public; Owner: adminsis
--

ALTER TABLE ONLY cache_sql
    ADD CONSTRAINT "$1" FOREIGN KEY (id_sentencia_sql) REFERENCES sentencia_sql(id_sentencia_sql) ON UPDATE NO ACTION ON DELETE NO ACTION;


--
-- TOC entry 156 (OID 307152)
-- Name: keys_cache_pkey; Type: CONSTRAINT; Schema: public; Owner: adminsis
--

ALTER TABLE ONLY keys_cache
    ADD CONSTRAINT keys_cache_pkey PRIMARY KEY (id_key_cache);


--
-- TOC entry 293 (OID 307154)
-- Name: $1; Type: CONSTRAINT; Schema: public; Owner: adminsis
--

ALTER TABLE ONLY keys_cache
    ADD CONSTRAINT "$1" FOREIGN KEY (id_cache_sql) REFERENCES cache_sql(id_cache_sql) ON UPDATE NO ACTION ON DELETE NO ACTION;


--
-- TOC entry 294 (OID 307158)
-- Name: $1; Type: CONSTRAINT; Schema: public; Owner: adminsis
--

ALTER TABLE ONLY cache_usuarios
    ADD CONSTRAINT "$1" FOREIGN KEY (id_usuario) REFERENCES usuarios(id_usuario) ON UPDATE NO ACTION ON DELETE NO ACTION;


--
-- TOC entry 295 (OID 307162)
-- Name: $2; Type: CONSTRAINT; Schema: public; Owner: adminsis
--

ALTER TABLE ONLY cache_usuarios
    ADD CONSTRAINT "$2" FOREIGN KEY (id_cache_sql) REFERENCES cache_sql(id_cache_sql) ON UPDATE NO ACTION ON DELETE NO ACTION;


--
-- TOC entry 157 (OID 307166)
-- Name: tipo_tercero_pkey; Type: CONSTRAINT; Schema: public; Owner: adminsis
--

ALTER TABLE ONLY tipo_tercero
    ADD CONSTRAINT tipo_tercero_pkey PRIMARY KEY (codigo);


--
-- TOC entry 296 (OID 307168)
-- Name: $1; Type: CONSTRAINT; Schema: public; Owner: adminsis
--

ALTER TABLE ONLY propiedad_tercero
    ADD CONSTRAINT "$1" FOREIGN KEY (id) REFERENCES general(id) ON UPDATE NO ACTION ON DELETE NO ACTION;


--
-- TOC entry 297 (OID 307172)
-- Name: $2; Type: CONSTRAINT; Schema: public; Owner: adminsis
--

ALTER TABLE ONLY propiedad_tercero
    ADD CONSTRAINT "$2" FOREIGN KEY (codigo) REFERENCES tipo_tercero(codigo) ON UPDATE NO ACTION ON DELETE NO ACTION;


--
-- TOC entry 158 (OID 307176)
-- Name: tipo_cuenta_bancaria_pkey; Type: CONSTRAINT; Schema: public; Owner: adminsis
--

ALTER TABLE ONLY tipo_cuenta_bancaria
    ADD CONSTRAINT tipo_cuenta_bancaria_pkey PRIMARY KEY (tipo);


--
-- TOC entry 159 (OID 307178)
-- Name: cuentas_bancarias_pkey; Type: CONSTRAINT; Schema: public; Owner: adminsis
--

ALTER TABLE ONLY cuentas_bancarias
    ADD CONSTRAINT cuentas_bancarias_pkey PRIMARY KEY (id_cuenta_bancaria);


--
-- TOC entry 298 (OID 307180)
-- Name: $1; Type: CONSTRAINT; Schema: public; Owner: adminsis
--

ALTER TABLE ONLY cuentas_bancarias
    ADD CONSTRAINT "$1" FOREIGN KEY (id) REFERENCES general(id) ON UPDATE NO ACTION ON DELETE NO ACTION;


--
-- TOC entry 299 (OID 307184)
-- Name: $2; Type: CONSTRAINT; Schema: public; Owner: adminsis
--

ALTER TABLE ONLY cuentas_bancarias
    ADD CONSTRAINT "$2" FOREIGN KEY (banco) REFERENCES bancos(banco) ON UPDATE NO ACTION ON DELETE NO ACTION;


--
-- TOC entry 300 (OID 307188)
-- Name: $3; Type: CONSTRAINT; Schema: public; Owner: adminsis
--

ALTER TABLE ONLY cuentas_bancarias
    ADD CONSTRAINT "$3" FOREIGN KEY (id_pais, id_dep, municipio) REFERENCES municipios(id_pais, id_dep, municipio) ON UPDATE NO ACTION ON DELETE NO ACTION;


--
-- TOC entry 88 (OID 302206)
-- Name: general_id_seq; Type: SEQUENCE SET; Schema: public; Owner: adminsis
--

SELECT pg_catalog.setval ('general_id_seq', 25, true);


--
-- TOC entry 89 (OID 302213)
-- Name: direcciones_id_direccion_seq; Type: SEQUENCE SET; Schema: public; Owner: adminsis
--

SELECT pg_catalog.setval ('direcciones_id_direccion_seq', 10, true);


--
-- TOC entry 90 (OID 302220)
-- Name: telefonos_id_telefono_seq; Type: SEQUENCE SET; Schema: public; Owner: adminsis
--

SELECT pg_catalog.setval ('telefonos_id_telefono_seq', 11, true);


--
-- TOC entry 91 (OID 302225)
-- Name: emails_id_email_seq; Type: SEQUENCE SET; Schema: public; Owner: adminsis
--

SELECT pg_catalog.setval ('emails_id_email_seq', 11, true);


--
-- TOC entry 92 (OID 302238)
-- Name: grupos_codigog_seq; Type: SEQUENCE SET; Schema: public; Owner: adminsis
--

SELECT pg_catalog.setval ('grupos_codigog_seq', 3, true);


--
-- TOC entry 93 (OID 302243)
-- Name: catalogo_pventa_id_catalogo_seq; Type: SEQUENCE SET; Schema: public; Owner: adminsis
--

SELECT pg_catalog.setval ('catalogo_pventa_id_catalogo_seq', 3, true);


--
-- TOC entry 94 (OID 302252)
-- Name: grupo_impuestos_id_grupo_imp_seq; Type: SEQUENCE SET; Schema: public; Owner: adminsis
--

SELECT pg_catalog.setval ('grupo_impuestos_id_grupo_imp_seq', 4, true);


--
-- TOC entry 95 (OID 302257)
-- Name: prod_serv_id_prod_serv_seq; Type: SEQUENCE SET; Schema: public; Owner: adminsis
--

SELECT pg_catalog.setval ('prod_serv_id_prod_serv_seq', 177, true);


--
-- TOC entry 96 (OID 302270)
-- Name: documentos_ndocumento_seq; Type: SEQUENCE SET; Schema: public; Owner: adminsis
--

SELECT pg_catalog.setval ('documentos_ndocumento_seq', 1, true);


--
-- TOC entry 97 (OID 302294)
-- Name: inventarios_orden_seq; Type: SEQUENCE SET; Schema: public; Owner: adminsis
--

SELECT pg_catalog.setval ('inventarios_orden_seq', 1, false);


--
-- TOC entry 98 (OID 302301)
-- Name: cuentas_id_cta_seq; Type: SEQUENCE SET; Schema: public; Owner: adminsis
--

SELECT pg_catalog.setval ('cuentas_id_cta_seq', 1, false);


--
-- TOC entry 99 (OID 302315)
-- Name: libro_aux_orden_seq; Type: SEQUENCE SET; Schema: public; Owner: adminsis
--

SELECT pg_catalog.setval ('libro_aux_orden_seq', 1, false);


--
-- TOC entry 100 (OID 302322)
-- Name: libro_aux_terceros_orden_seq; Type: SEQUENCE SET; Schema: public; Owner: adminsis
--

SELECT pg_catalog.setval ('libro_aux_terceros_orden_seq', 1, false);


--
-- TOC entry 101 (OID 302329)
-- Name: activos_fijos_id_activo_seq; Type: SEQUENCE SET; Schema: public; Owner: adminsis
--

SELECT pg_catalog.setval ('activos_fijos_id_activo_seq', 1, false);


--
-- TOC entry 102 (OID 302334)
-- Name: asientos_predefinidos_id_asientos_pr_seq; Type: SEQUENCE SET; Schema: public; Owner: adminsis
--

SELECT pg_catalog.setval ('asientos_predefinidos_id_asientos_pr_seq', 1, false);


--
-- TOC entry 103 (OID 302343)
-- Name: arqueo_narqueo_seq; Type: SEQUENCE SET; Schema: public; Owner: adminsis
--

SELECT pg_catalog.setval ('arqueo_narqueo_seq', 1, false);


--
-- TOC entry 104 (OID 302354)
-- Name: sentencia_sql_id_sentencia_sql_seq; Type: SEQUENCE SET; Schema: public; Owner: adminsis
--

SELECT pg_catalog.setval ('sentencia_sql_id_sentencia_sql_seq', 254, true);


--
-- TOC entry 105 (OID 302362)
-- Name: usuarios_id_usuario_seq; Type: SEQUENCE SET; Schema: public; Owner: adminsis
--

SELECT pg_catalog.setval ('usuarios_id_usuario_seq', 1, true);


--
-- TOC entry 106 (OID 302367)
-- Name: grupos_sql_id_grupo_sql_seq; Type: SEQUENCE SET; Schema: public; Owner: adminsis
--

SELECT pg_catalog.setval ('grupos_sql_id_grupo_sql_seq', 1, false);


--
-- TOC entry 107 (OID 302376)
-- Name: transacciones_id_transaccion_seq; Type: SEQUENCE SET; Schema: public; Owner: adminsis
--

SELECT pg_catalog.setval ('transacciones_id_transaccion_seq', 47, true);


--
-- TOC entry 108 (OID 302386)
-- Name: cache_sql_id_cache_sql_seq; Type: SEQUENCE SET; Schema: public; Owner: adminsis
--

SELECT pg_catalog.setval ('cache_sql_id_cache_sql_seq', 2, true);


--
-- TOC entry 109 (OID 302394)
-- Name: keys_cache_id_key_cache_seq; Type: SEQUENCE SET; Schema: public; Owner: adminsis
--

SELECT pg_catalog.setval ('keys_cache_id_key_cache_seq', 3, true);


--
-- TOC entry 110 (OID 302401)
-- Name: tipo_tercero_codigo_seq; Type: SEQUENCE SET; Schema: public; Owner: adminsis
--

SELECT pg_catalog.setval ('tipo_tercero_codigo_seq', 6, true);


--
-- TOC entry 111 (OID 302410)
-- Name: cuentas_bancarias_id_cuenta_bancaria_seq; Type: SEQUENCE SET; Schema: public; Owner: adminsis
--

SELECT pg_catalog.setval ('cuentas_bancarias_id_cuenta_bancaria_seq', 8, true);


